사고번호,사고일시,요일,시군구,사고내용,사망자수,중상자수,경상자수,부상신고자수,사고유형,법규위반,노면상태,기상상태,도로형태,가해운전자 차종,가해운전자 성별,가해운전자 연령,가해운전자 상해정도,피해운전자 차종,피해운전자 성별,피해운전자 연령,피해운전자 상해정도
2023011400100352,2023년 1월 14일 18시,토요일,충청북도 청주시 서원구 수곡동,경상사고,0,0,2,0,차대차 - 측면충돌,안전운전불이행,젖음/습기,비,교차로 - 교차로안,승용,남,74세,상해없음,승용,남,30세,경상
2023011400100453,2023년 1월 14일 21시,토요일,충청북도 제천시 장락동,경상사고,0,0,2,0,차대차 - 정면충돌,안전운전불이행,건조,흐림,단일로 - 기타,승용,남,18세,상해없음,승용,남,45세,경상
2023011400100484,2023년 1월 14일 22시,토요일,충청북도 청주시 흥덕구 봉명동,경상사고,0,0,1,0,차대차 - 측면충돌,안전운전불이행,젖음/습기,눈,교차로 - 교차로안,승용,남,56세,상해없음,승용,남,70세,경상
2023011400100497,2023년 1월 14일 23시,토요일,충청북도 제천시 고암동,경상사고,0,0,2,0,차대차 - 추돌,안전거리미확보,젖음/습기,흐림,교차로 - 교차로부근,승용,남,49세,상해없음,승용,남,59세,경상
2023011500100011,2023년 1월 15일 00시,일요일,충청북도 옥천군 동이면,경상사고,0,0,3,0,차대차 - 추돌,안전운전불이행,건조,맑음,단일로 - 기타,승용,남,26세,상해없음,승용,여,41세,경상
2023011500100040,2023년 1월 15일 03시,일요일,충청북도 청주시 흥덕구 복대동,경상사고,0,0,1,0,차대차 - 추돌,안전운전불이행,젖음/습기,비,단일로 - 기타,승용,남,42세,상해없음,이륜,남,35세,경상
2023011500100051,2023년 1월 15일 05시,일요일,충청북도 충주시 연수동,중상사고,0,2,1,0,차대차 - 측면충돌,안전운전불이행,젖음/습기,비,교차로 - 교차로안,승용,남,19세,상해없음,승용,여,41세,중상
2023011500100055,2023년 1월 15일 06시,일요일,충청북도 충주시 칠금동,경상사고,0,0,1,0,차대차 - 측면충돌,신호위반,건조,맑음,교차로 - 교차로안,승용,여,51세,상해없음,승용,여,46세,경상
2023011500100065,2023년 1월 15일 07시,일요일,충청북도 청주시 상당구 문의면,중상사고,0,1,0,0,차량단독 - 공작물충돌,안전운전불이행,젖음/습기,비,단일로 - 기타,승용,남,40세,중상,,,,
2023011500100089,2023년 1월 15일 09시,일요일,충청북도 제천시 백운면,경상사고,0,0,1,0,차량단독 - 공작물충돌,안전운전불이행,젖음/습기,눈,단일로 - 기타,승용,남,30세,경상,,,,
2023011500100120,2023년 1월 15일 11시,일요일,충청북도 청주시 흥덕구 석곡동,경상사고,0,0,1,0,차대차 - 측면충돌,안전운전불이행,젖음/습기,비,기타 - 기타,승용,남,42세,상해없음,승용,여,27세,경상
2023011500100176,2023년 1월 15일 14시,일요일,충청북도 충주시 연수동,중상사고,0,1,0,0,차대사람 - 차도통행중,안전운전불이행,건조,맑음,단일로 - 기타,화물,남,60세,상해없음,보행자,남,43세,중상
2023011500100177,2023년 1월 15일 14시,일요일,충청북도 청주시 흥덕구 강서동,중상사고,0,1,0,0,차대차 - 기타,안전운전불이행,건조,흐림,교차로 - 교차로안,화물,남,65세,상해없음,이륜,여,27세,중상
2023011500100210,2023년 1월 15일 16시,일요일,충청북도 충주시 호암동,경상사고,0,0,2,0,차대차 - 기타,안전운전불이행,건조,맑음,단일로 - 기타,승용,남,55세,상해없음,승용,남,68세,경상
2023011500100211,2023년 1월 15일 16시,일요일,충청북도 증평군 증평읍,경상사고,0,0,1,0,차대차 - 측면충돌,신호위반,건조,맑음,교차로 - 교차로안,승용,남,21세,기타불명,승용,여,25세,경상
2023011500100282,2023년 1월 15일 19시,일요일,충청북도 청주시 청원구 오창읍,경상사고,0,0,1,0,차대차 - 기타,신호위반,건조,맑음,교차로 - 교차로안,승용,여,48세,상해없음,특수,남,41세,경상
2023011500100284,2023년 1월 15일 19시,일요일,충청북도 청주시 흥덕구 옥산면,경상사고,0,0,3,0,차대차 - 추돌,안전운전불이행,건조,맑음,교차로 - 교차로부근,승용,여,27세,상해없음,승용,남,56세,경상
2023011500100337,2023년 1월 15일 21시,일요일,충청북도 충주시 교현동,경상사고,0,0,1,0,차대차 - 추돌,안전운전불이행,건조,흐림,교차로 - 교차로부근,승용,남,45세,상해없음,승용,여,27세,경상
2023011500100338,2023년 1월 15일 21시,일요일,충청북도 청주시 서원구 죽림동,경상사고,0,0,1,0,차대차 - 측면충돌,안전운전불이행,기타,기타,교차로 - 교차로안,화물,남,29세,상해없음,승용,남,29세,경상
2023011500100382,2023년 1월 15일 23시,일요일,충청북도 청주시 흥덕구 오송읍,경상사고,0,0,1,0,차대차 - 추돌,안전운전불이행,건조,맑음,교차로 - 교차로부근,승용,남,39세,기타불명,승용,남,64세,경상
2023011600100045,2023년 1월 16일 06시,월요일,충청북도 청주시 흥덕구 송절동,경상사고,0,0,1,0,차대차 - 정면충돌,중앙선침범,건조,맑음,단일로 - 기타,승용,남,52세,기타불명,승용,남,35세,경상
2023011600100046,2023년 1월 16일 06시,월요일,충청북도 청주시 흥덕구 비하동,경상사고,0,0,1,0,차대차 - 기타,안전운전불이행,건조,맑음,교차로 - 교차로안,승합,남,60세,상해없음,승합,남,41세,상해없음
2023011600100095,2023년 1월 16일 08시,월요일,충청북도 청주시 서원구 사창동,경상사고,0,0,1,0,차대차 - 추돌,안전거리미확보,건조,맑음,교차로 - 교차로부근,승용,여,49세,상해없음,승용,여,38세,경상
2023011600100096,2023년 1월 16일 08시,월요일,충청북도 청주시 서원구 산남동,경상사고,0,0,1,0,차대차 - 추돌,안전운전불이행,건조,맑음,교차로 - 교차로안,승합,남,67세,상해없음,승용,여,47세,경상
2023011600100213,2023년 1월 16일 12시,월요일,충청북도 음성군 음성읍,경상사고,0,0,2,0,차대차 - 측면충돌,교차로운행방법위반,건조,맑음,교차로 - 교차로안,승용,남,27세,경상,화물,여,66세,경상
2023011600100214,2023년 1월 16일 12시,월요일,충청북도 청주시 흥덕구 송정동,부상신고사고,0,0,0,1,차대차 - 측면충돌,안전운전불이행,건조,맑음,단일로 - 기타,승용,남,25세,상해없음,승합,남,45세,부상신고
2023011600100215,2023년 1월 16일 12시,월요일,충청북도 음성군 삼성면,경상사고,0,0,1,0,차대차 - 기타,기타,건조,맑음,단일로 - 기타,승용,남,21세,경상,건설기계,남,40세,상해없음
2023011600100239,2023년 1월 16일 13시,월요일,충청북도 제천시 봉양읍,부상신고사고,0,0,0,1,차대차 - 측면충돌,직진우회전진행방해,건조,맑음,교차로 - 교차로안,승용,여,61세,상해없음,건설기계,남,44세,부상신고
2023011600100240,2023년 1월 16일 13시,월요일,충청북도 청주시 흥덕구 가경동,경상사고,0,0,1,0,차대사람 - 보도통행중,보행자보호의무위반,건조,맑음,교차로 - 교차로안,승용,남,67세,상해없음,보행자,여,53세,경상
2023011600100241,2023년 1월 16일 13시,월요일,충청북도 청주시 서원구 남이면,경상사고,0,0,1,0,차대차 - 추돌,안전운전불이행,건조,맑음,단일로 - 기타,화물,남,58세,상해없음,승용,남,24세,경상
2023011600100266,2023년 1월 16일 14시,월요일,충청북도 청주시 청원구 내덕동,경상사고,0,0,4,0,차대차 - 측면충돌,안전거리미확보,건조,맑음,교차로 - 교차로부근,승용,여,22세,상해없음,승용,남,58세,경상
2023011600100268,2023년 1월 16일 14시,월요일,충청북도 청주시 흥덕구 복대동,경상사고,0,0,1,0,차대차 - 측면충돌,안전운전불이행,건조,맑음,단일로 - 기타,승용,남,52세,상해없음,화물,남,53세,경상
2023011600100269,2023년 1월 16일 14시,월요일,충청북도 청주시 흥덕구 향정동,경상사고,0,0,1,0,차대차 - 추돌,안전거리미확보,건조,맑음,단일로 - 기타,승용,남,69세,상해없음,승용,여,34세,경상
2023011600100270,2023년 1월 16일 14시,월요일,충청북도 청주시 서원구 분평동,경상사고,0,0,2,0,차대차 - 측면충돌,중앙선침범,건조,맑음,교차로 - 교차로부근,승용,남,64세,기타불명,승용,남,60세,경상
2023011600100303,2023년 1월 16일 15시,월요일,충청북도 청주시 청원구 내덕동,경상사고,0,0,1,0,차대차 - 기타,안전거리미확보,건조,맑음,기타 - 기타,승용,여,36세,상해없음,승용,여,54세,경상
2023011600100304,2023년 1월 16일 15시,월요일,충청북도 음성군 맹동면,경상사고,0,0,1,0,차대사람 - 차도통행중,안전운전불이행,건조,맑음,교차로 - 교차로부근,승용,남,29세,상해없음,보행자,남,10세,경상
2023011600100383,2023년 1월 16일 17시,월요일,충청북도 청주시 흥덕구 옥산면,경상사고,0,0,1,0,차대차 - 측면충돌,중앙선침범,건조,맑음,단일로 - 기타,이륜,남,47세,상해없음,승용,여,64세,경상
2023011600100426,2023년 1월 16일 18시,월요일,충청북도 청주시 서원구 분평동,경상사고,0,0,1,0,차대차 - 기타,안전운전불이행,건조,흐림,교차로 - 교차로부근,승합,남,52세,상해없음,승용,남,69세,상해없음
2023011600100478,2023년 1월 16일 19시,월요일,충청북도 청주시 흥덕구 봉명동,중상사고,0,1,2,0,차대차 - 기타,신호위반,건조,맑음,교차로 - 교차로부근,승용,남,39세,상해없음,승용,남,33세,중상
2023011600100518,2023년 1월 16일 21시,월요일,충청북도 제천시 하소동,경상사고,0,0,1,0,차대차 - 측면충돌,안전운전불이행,젖음/습기,흐림,단일로 - 기타,승용,남,33세,상해없음,이륜,남,16세,경상
2023011600100536,2023년 1월 16일 22시,월요일,충청북도 청주시 흥덕구 송정동,경상사고,0,0,1,0,차대사람 - 횡단중,신호위반,건조,맑음,교차로 - 교차로안,승용,남,51세,상해없음,보행자,여,49세,경상
2023011600100537,2023년 1월 16일 22시,월요일,충청북도 청주시 흥덕구 송정동,경상사고,0,0,1,0,차대차 - 추돌,안전운전불이행,건조,흐림,교차로 - 교차로부근,승용,남,47세,상해없음,승용,남,33세,경상
2023011700100034,2023년 1월 17일 06시,화요일,충청북도 증평군 증평읍,경상사고,0,0,1,0,차대사람 - 횡단중,안전운전불이행,젖음/습기,흐림,교차로 - 교차로안,승용,남,58세,상해없음,보행자,남,63세,경상
2023011700100067,2023년 1월 17일 08시,화요일,충청북도 청주시 청원구 율량동,경상사고,0,0,2,0,차대차 - 기타,교차로운행방법위반,건조,맑음,교차로 - 교차로안,승용,남,56세,경상,승합,남,25세,경상
2023011700100147,2023년 1월 17일 11시,화요일,충청북도 충주시 문화동,경상사고,0,0,1,0,차대차 - 기타,안전거리미확보,건조,맑음,단일로 - 기타,승용,남,45세,상해없음,승용,남,31세,경상
2023011700100148,2023년 1월 17일 11시,화요일,충청북도 청주시 흥덕구 오송읍,경상사고,0,0,1,0,차대차 - 측면충돌,중앙선침범,건조,맑음,단일로 - 기타,특수,남,58세,기타불명,화물,남,48세,경상
2023011700100176,2023년 1월 17일 12시,화요일,충청북도 청주시 서원구 남이면,중상사고,0,2,0,0,차대차 - 측면충돌,신호위반,건조,맑음,교차로 - 교차로안,승용,남,62세,상해없음,승용,남,76세,중상
2023011700100197,2023년 1월 17일 13시,화요일,충청북도 충주시 금릉동,중상사고,0,1,0,0,차대차 - 추돌,안전거리미확보,서리/결빙,맑음,교차로 - 교차로부근,화물,남,34세,상해없음,화물,남,45세,중상
2023011700100283,2023년 1월 17일 16시,화요일,충청북도 청주시 상당구 금천동,경상사고,0,0,1,0,차대차 - 측면충돌,직진우회전진행방해,건조,맑음,교차로 - 교차로안,승합,남,67세,상해없음,이륜,남,27세,경상
2023011700100352,2023년 1월 17일 18시,화요일,충청북도 충주시 연수동,경상사고,0,0,1,0,차대차 - 추돌,안전운전불이행,건조,흐림,단일로 - 기타,승용,여,31세,상해없음,이륜,남,44세,경상
2023011700100353,2023년 1월 17일 18시,화요일,충청북도 제천시 남천동,경상사고,0,0,1,0,차대차 - 기타,직진우회전진행방해,건조,맑음,교차로 - 교차로안,승용,여,52세,상해없음,이륜,남,49세,경상
2023011700100354,2023년 1월 17일 18시,화요일,충청북도 청주시 상당구 영운동,중상사고,0,1,0,0,차대차 - 측면충돌,직진우회전진행방해,건조,맑음,교차로 - 교차로안,승용,남,49세,상해없음,승용,여,27세,중상
2023011700100408,2023년 1월 17일 19시,화요일,충청북도 제천시 강제동,중상사고,0,1,1,0,차대사람 - 기타,안전운전불이행,건조,맑음,단일로 - 기타,승용,여,53세,경상,보행자,남,9세,중상
2023011700100432,2023년 1월 17일 20시,화요일,충청북도 음성군 음성읍,경상사고,0,0,1,0,차대차 - 추돌,안전거리미확보,건조,맑음,교차로 - 교차로안,승용,여,43세,상해없음,승용,여,30세,경상
2023011700100466,2023년 1월 17일 22시,화요일,충청북도 충주시 연수동,중상사고,0,1,0,0,차대차 - 추돌,안전운전불이행,건조,맑음,교차로 - 교차로부근,승용,여,40세,상해없음,승용,여,32세,중상
2023011800100012,2023년 1월 18일 01시,수요일,충청북도 청주시 청원구 내수읍,중상사고,0,1,0,0,차대차 - 기타,안전운전불이행,건조,맑음,단일로 - 기타,승용,남,39세,상해없음,승용,남,62세,중상
2023011800100046,2023년 1월 18일 06시,수요일,충청북도 진천군 초평면,중상사고,0,1,0,0,차대차 - 측면충돌,신호위반,건조,맑음,교차로 - 교차로안,승용,여,55세,상해없음,원동기,남,83세,중상
2023011800100061,2023년 1월 18일 07시,수요일,충청북도 청주시 서원구 모충동,경상사고,0,0,1,0,차대차 - 정면충돌,신호위반,건조,맑음,교차로 - 교차로안,승용,여,49세,상해없음,화물,남,74세,경상
2023011800100091,2023년 1월 18일 08시,수요일,충청북도 청주시 서원구 수곡동,경상사고,0,0,1,0,차대차 - 측면충돌,차로위반,건조,맑음,단일로 - 기타,승용,남,60세,상해없음,승용,여,35세,경상
2023011800100116,2023년 1월 18일 09시,수요일,충청북도 청주시 흥덕구 비하동,경상사고,0,0,4,0,차대차 - 추돌,안전운전불이행,건조,맑음,교차로 - 교차로부근,승용,남,69세,기타불명,승용,남,63세,경상
2023011800100149,2023년 1월 18일 10시,수요일,충청북도 충주시 호암동,경상사고,0,0,3,0,차대차 - 측면충돌,신호위반,건조,맑음,교차로 - 교차로안,승용,남,79세,경상,화물,여,60세,경상
2023011800100150,2023년 1월 18일 10시,수요일,충청북도 충주시 교현동,경상사고,0,0,1,0,차대사람 - 차도통행중,안전운전불이행,건조,맑음,단일로 - 기타,승용,남,40세,상해없음,보행자,여,49세,경상
2023011800100202,2023년 1월 18일 12시,수요일,충청북도 충주시 연수동,경상사고,0,0,1,0,차대차 - 후진중충돌,안전운전불이행,건조,맑음,교차로 - 교차로안,화물,남,56세,기타불명,승용,남,19세,경상
2023011800100227,2023년 1월 18일 13시,수요일,충청북도 청주시 흥덕구 옥산면,경상사고,0,0,2,0,차대차 - 측면충돌,신호위반,건조,맑음,교차로 - 교차로안,특수,남,58세,상해없음,화물,남,69세,경상
2023011800100229,2023년 1월 18일 13시,수요일,충청북도 청주시 상당구 용정동,경상사고,0,0,1,0,차대차 - 측면충돌,차로위반,건조,맑음,단일로 - 기타,화물,남,68세,상해없음,승용,여,32세,경상
2023011800100266,2023년 1월 18일 14시,수요일,충청북도 청주시 흥덕구 송정동,경상사고,0,0,1,0,차대차 - 추돌,안전운전불이행,건조,맑음,단일로 - 기타,승용,남,27세,기타불명,화물,남,39세,경상
2023011800100297,2023년 1월 18일 15시,수요일,충청북도 청주시 청원구 내덕동,경상사고,0,0,1,0,차대차 - 기타,안전거리미확보,건조,맑음,단일로 - 기타,승용,여,43세,상해없음,승용,남,28세,경상
2023011800100365,2023년 1월 18일 17시,수요일,충청북도 청주시 흥덕구 송정동,경상사고,0,0,1,0,차대차 - 측면충돌,안전거리미확보,건조,맑음,교차로 - 교차로안,승용,여,66세,상해없음,승용,남,36세,경상
2023011800100366,2023년 1월 18일 17시,수요일,충청북도 청주시 상당구 낭성면,경상사고,0,0,2,0,차대차 - 측면충돌,안전거리미확보,건조,맑음,단일로 - 기타,승용,남,70세,상해없음,승용,남,27세,경상
2023011800100367,2023년 1월 18일 17시,수요일,충청북도 청주시 상당구 석교동,경상사고,0,0,3,0,차대차 - 기타,안전운전불이행,건조,맑음,단일로 - 기타,승용,여,42세,상해없음,승용,여,29세,경상
2023011800100397,2023년 1월 18일 18시,수요일,충청북도 옥천군 옥천읍,중상사고,0,1,2,0,차대차 - 추돌,안전거리미확보,건조,맑음,교차로 - 교차로안,승용,남,55세,중상,승용,여,54세,경상
2023011900100024,2023년 1월 19일 02시,목요일,충청북도 제천시 봉양읍,중상사고,0,1,0,0,차대차 - 추돌,안전운전불이행,건조,맑음,교차로 - 교차로부근,승용,남,44세,상해없음,승용,남,36세,중상
2023011900100047,2023년 1월 19일 06시,목요일,충청북도 제천시 봉양읍,경상사고,0,0,1,0,차대차 - 측면충돌,안전거리미확보,건조,맑음,교차로 - 교차로부근,특수,남,63세,기타불명,승용,남,50세,경상
2023011900100082,2023년 1월 19일 08시,목요일,충청북도 청주시 청원구 오창읍,경상사고,0,0,3,0,차대차 - 기타,안전거리미확보,건조,맑음,단일로 - 기타,승용,여,33세,상해없음,승용,여,48세,상해없음
2023011900100111,2023년 1월 19일 09시,목요일,충청북도 음성군 맹동면,경상사고,0,0,2,0,차대차 - 측면충돌,신호위반,건조,맑음,교차로 - 교차로안,승용,여,32세,상해없음,승용,여,42세,경상
2023011900100112,2023년 1월 19일 09시,목요일,충청북도 진천군 덕산읍,경상사고,0,0,1,0,차대차 - 측면충돌,교차로운행방법위반,건조,맑음,교차로 - 교차로안,화물,남,51세,상해없음,특수,남,50세,경상
2023011900100113,2023년 1월 19일 09시,목요일,충청북도 청주시 흥덕구 지동동,경상사고,0,0,1,0,차대차 - 측면충돌,안전운전불이행,건조,맑음,교차로 - 교차로부근,화물,남,36세,기타불명,승용,남,28세,경상
2023011900100162,2023년 1월 19일 11시,목요일,충청북도 진천군 진천읍,중상사고,0,1,0,0,차대사람 - 횡단중,보행자보호의무위반,건조,맑음,교차로 - 교차로부근,승용,여,70세,상해없음,보행자,여,24세,중상
2023011900100163,2023년 1월 19일 11시,목요일,충청북도 진천군 덕산읍,경상사고,0,0,1,0,차대차 - 측면충돌,신호위반,건조,맑음,교차로 - 교차로안,승용,남,68세,상해없음,승용,남,46세,경상
2023011900100275,2023년 1월 19일 15시,목요일,충청북도 청주시 흥덕구 봉명동,중상사고,0,1,0,0,차대사람 - 횡단중,보행자보호의무위반,건조,맑음,교차로 - 교차로횡단보도내,승용,남,54세,상해없음,보행자,여,80세,중상
2023011900100340,2023년 1월 19일 17시,목요일,충청북도 제천시 청전동,경상사고,0,0,1,0,차대차 - 정면충돌,안전운전불이행,건조,맑음,교차로 - 교차로안,승용,여,19세,상해없음,승용,여,49세,경상
2023011900100341,2023년 1월 19일 17시,목요일,충청북도 청주시 서원구 수곡동,경상사고,0,0,2,0,차대차 - 측면충돌,안전거리미확보,건조,맑음,단일로 - 지하차도(도로)내,화물,남,63세,상해없음,승합,여,43세,상해없음
2023011900100391,2023년 1월 19일 18시,목요일,충청북도 청주시 서원구 사직동,중상사고,0,1,0,0,차대사람 - 횡단중,보행자보호의무위반,건조,맑음,기타 - 기타,승용,여,41세,상해없음,보행자,여,48세,중상
2023011900100392,2023년 1월 19일 18시,목요일,충청북도 음성군 생극면,중상사고,0,1,0,0,차대차 - 측면충돌,중앙선침범,건조,맑음,교차로 - 교차로부근,승용,남,52세,상해없음,자전거,남,23세,중상
2023011900100441,2023년 1월 19일 19시,목요일,충청북도 진천군 광혜원면,경상사고,0,0,1,0,차대차 - 측면충돌,안전운전불이행,건조,맑음,교차로 - 교차로부근,승용,남,66세,상해없음,승용,남,42세,경상
2023011900100442,2023년 1월 19일 19시,목요일,충청북도 청주시 서원구 남이면,경상사고,0,0,1,0,차대차 - 기타,신호위반,건조,맑음,교차로 - 교차로부근,승용,남,51세,상해없음,화물,남,51세,경상
2023011900100508,2023년 1월 19일 21시,목요일,충청북도 청주시 서원구 남이면,경상사고,0,0,1,0,차대차 - 측면충돌,교차로운행방법위반,건조,맑음,교차로 - 교차로안,승용,남,66세,상해없음,이륜,남,35세,경상
2023011900100551,2023년 1월 19일 23시,목요일,충청북도 청주시 흥덕구 봉명동,중상사고,0,1,0,0,차대차 - 기타,안전운전불이행,건조,맑음,교차로 - 교차로횡단보도내,승용,남,32세,상해없음,기타불명,남,33세,상해없음
2023012000100018,2023년 1월 20일 01시,금요일,충청북도 청주시 흥덕구 비하동,경상사고,0,0,1,0,차대차 - 측면충돌,신호위반,젖음/습기,눈,교차로 - 교차로안,화물,남,72세,상해없음,승용,여,22세,경상
2023012000100059,2023년 1월 20일 06시,금요일,충청북도 청주시 청원구 율량동,경상사고,0,0,1,0,차대사람 - 횡단중,보행자보호의무위반,건조,맑음,교차로 - 교차로횡단보도내,승용,남,53세,상해없음,보행자,남,60세,경상
2023012000100072,2023년 1월 20일 07시,금요일,충청북도 충주시 연수동,경상사고,0,0,2,0,차대차 - 측면충돌,신호위반,건조,맑음,교차로 - 교차로안,화물,남,67세,경상,승용,여,54세,경상
2023012000100088,2023년 1월 20일 08시,금요일,충청북도 청주시 상당구 용담동,경상사고,0,0,1,0,차대차 - 측면충돌,안전운전불이행,건조,맑음,교차로 - 교차로부근,승용,여,62세,상해없음,승용,남,30세,경상
2023012000100193,2023년 1월 20일 11시,금요일,충청북도 청주시 청원구 오창읍,경상사고,0,0,2,0,차대차 - 측면충돌,신호위반,건조,맑음,교차로 - 교차로안,승용,여,37세,상해없음,승용,남,39세,경상
2023012000100194,2023년 1월 20일 11시,금요일,충청북도 청주시 청원구 북이면,경상사고,0,0,1,0,차대차 - 추돌,교차로운행방법위반,건조,맑음,단일로 - 기타,승용,남,70세,상해없음,승용,여,56세,경상
2023012000100195,2023년 1월 20일 11시,금요일,충청북도 청주시 흥덕구 복대동,경상사고,0,0,1,0,차대사람 - 차도통행중,안전운전불이행,건조,맑음,교차로 - 교차로부근,화물,남,70세,상해없음,보행자,여,83세,경상
2023012000100236,2023년 1월 20일 12시,금요일,충청북도 증평군 증평읍,경상사고,0,0,1,0,차대차 - 측면충돌,안전거리미확보,건조,맑음,교차로 - 교차로안,승용,남,74세,상해없음,승용,여,51세,경상
2023012000100237,2023년 1월 20일 12시,금요일,충청북도 진천군 이월면,경상사고,0,0,4,0,차대차 - 측면충돌,안전운전불이행,건조,맑음,교차로 - 교차로안,승용,여,67세,경상,승용,남,38세,경상
2023012000100272,2023년 1월 20일 13시,금요일,충청북도 청주시 서원구 사직동,경상사고,0,0,1,0,차대차 - 기타,안전운전불이행,건조,맑음,단일로 - 기타,이륜,남,42세,경상,승용,여,54세,상해없음
2023012000100273,2023년 1월 20일 13시,금요일,충청북도 제천시 청전동,경상사고,0,0,1,0,차대차 - 기타,안전운전불이행,건조,맑음,단일로 - 기타,승용,남,73세,상해없음,승용,여,51세,경상
2023012000100316,2023년 1월 20일 14시,금요일,충청북도 충주시 교현동,경상사고,0,0,1,0,차대차 - 후진중충돌,안전운전불이행,건조,맑음,단일로 - 기타,승용,남,78세,상해없음,승용,여,34세,경상
2023012000100365,2023년 1월 20일 15시,금요일,충청북도 청주시 청원구 내수읍,경상사고,0,0,1,0,차대차 - 기타,교차로운행방법위반,건조,맑음,단일로 - 기타,승용,남,42세,상해없음,승용,여,42세,경상
2023012000100366,2023년 1월 20일 15시,금요일,충청북도 청주시 흥덕구 복대동,경상사고,0,0,1,0,차대차 - 측면충돌,안전거리미확보,건조,맑음,단일로 - 기타,승용,여,48세,상해없음,승용,남,54세,경상
2023012000100475,2023년 1월 20일 17시,금요일,충청북도 청주시 청원구 우암동,중상사고,0,1,3,0,차대차 - 측면충돌,신호위반,건조,맑음,교차로 - 교차로안,승합,남,68세,경상,승용,남,45세,중상
2023012000100476,2023년 1월 20일 17시,금요일,충청북도 청주시 흥덕구 봉명동,경상사고,0,0,2,0,차대차 - 기타,교차로운행방법위반,건조,맑음,교차로 - 교차로부근,화물,남,36세,경상,이륜,남,40세,경상
2023012000100532,2023년 1월 20일 18시,금요일,충청북도 진천군 광혜원면,경상사고,0,0,1,0,차대차 - 후진중충돌,안전운전불이행,건조,맑음,교차로 - 교차로부근,승용,남,77세,상해없음,승용,여,39세,경상
2023012000100533,2023년 1월 20일 18시,금요일,충청북도 청주시 서원구 장암동,경상사고,0,0,2,0,차대차 - 측면충돌,차로위반,건조,맑음,단일로 - 지하차도(도로)내,승용,남,47세,상해없음,승용,남,62세,경상
2023012000100594,2023년 1월 20일 19시,금요일,충청북도 청주시 흥덕구 강내면,중상사고,0,3,2,0,차대차 - 측면충돌,중앙선침범,건조,맑음,단일로 - 기타,승용,남,54세,상해없음,승용,여,36세,경상
2023012000100647,2023년 1월 20일 21시,금요일,충청북도 제천시 수산면,경상사고,0,0,1,0,차대차 - 측면충돌,안전운전불이행,건조,맑음,단일로 - 기타,화물,남,52세,경상,승용,남,25세,상해없음
2023012100100060,2023년 1월 21일 07시,토요일,충청북도 청주시 상당구 석교동,경상사고,0,0,1,0,차대차 - 측면충돌,신호위반,건조,맑음,교차로 - 교차로안,화물,남,64세,상해없음,승용,남,59세,경상
2023012100100091,2023년 1월 21일 09시,토요일,충청북도 충주시 금릉동,경상사고,0,0,1,0,차대차 - 측면충돌,안전운전불이행,건조,맑음,단일로 - 기타,화물,남,70세,상해없음,승용,남,50세,경상
2023012100100092,2023년 1월 21일 09시,토요일,충청북도 청주시 상당구 용정동,경상사고,0,0,1,0,차대차 - 추돌,안전운전불이행,건조,맑음,교차로 - 교차로부근,승용,남,57세,상해없음,승용,여,35세,경상
2023012100100146,2023년 1월 21일 11시,토요일,충청북도 청주시 청원구 우암동,중상사고,0,1,0,0,차대차 - 측면충돌,안전거리미확보,건조,맑음,단일로 - 기타,승용,남,40세,상해없음,승용,남,55세,중상
2023012100100147,2023년 1월 21일 11시,토요일,충청북도 진천군 덕산읍,중상사고,0,1,3,0,차대차 - 측면충돌,신호위반,건조,맑음,교차로 - 교차로안,화물,남,81세,경상,승용,남,38세,경상
2023012100100148,2023년 1월 21일 11시,토요일,충청북도 청주시 흥덕구 봉명동,경상사고,0,0,2,0,차대차 - 측면충돌,교차로운행방법위반,건조,맑음,교차로 - 교차로안,승용,남,25세,경상,승용,여,29세,경상
2023012100100201,2023년 1월 21일 13시,토요일,충청북도 제천시 남천동,경상사고,0,0,1,0,차대차 - 측면충돌,교차로운행방법위반,건조,맑음,교차로 - 교차로안,승용,남,48세,상해없음,이륜,남,45세,경상
2023012100100294,2023년 1월 21일 17시,토요일,충청북도 청주시 청원구 율량동,경상사고,0,0,1,0,차대사람 - 기타,안전운전불이행,건조,맑음,단일로 - 기타,승용,남,48세,상해없음,보행자,남,66세,경상
2023012100100295,2023년 1월 21일 17시,토요일,충청북도 충주시 문화동,중상사고,0,1,0,0,차대차 - 정면충돌,안전운전불이행,건조,맑음,단일로 - 기타,승용,남,43세,상해없음,승용,여,43세,중상
2023012100100338,2023년 1월 21일 19시,토요일,충청북도 청주시 서원구 사창동,경상사고,0,0,1,0,차대차 - 후진중충돌,안전운전불이행,건조,맑음,단일로 - 기타,승용,남,47세,상해없음,이륜,남,26세,경상
2023012100100339,2023년 1월 21일 19시,토요일,충청북도 충주시 칠금동,중상사고,0,1,2,0,차대차 - 측면충돌,안전거리미확보,건조,맑음,교차로 - 교차로부근,승용,남,56세,경상,승용,남,29세,중상
2023012200100055,2023년 1월 22일 10시,일요일,충청북도 청주시 상당구 용암동,경상사고,0,0,1,0,차대차 - 측면충돌,차로위반,건조,맑음,교차로 - 교차로부근,승용,남,65세,상해없음,이륜,남,43세,경상