사고번호,사고일시,요일,시군구,사고내용,사망자수,중상자수,경상자수,부상신고자수,사고유형,법규위반,노면상태,기상상태,도로형태,가해운전자 차종,가해운전자 성별,가해운전자 연령,가해운전자 상해정도,피해운전자 차종,피해운전자 성별,피해운전자 연령,피해운전자 상해정도
2023013000100017,2023년 1월 30일 04시,월요일,충청북도 청주시 서원구 수곡동,중상사고,0,1,0,0,차대사람 - 기타,안전운전불이행,건조,맑음,단일로 - 기타,승용,남,36세,상해없음,보행자,여,77세,중상
2023013000100026,2023년 1월 30일 05시,월요일,충청북도 청주시 청원구 오창읍,경상사고,0,0,1,0,차대차 - 추돌,안전운전불이행,건조,맑음,교차로 - 교차로부근,승용,남,30세,상해없음,승용,남,64세,경상
2023013000100039,2023년 1월 30일 06시,월요일,충청북도 진천군 진천읍,중상사고,0,1,0,0,차대사람 - 횡단중,안전운전불이행,건조,맑음,교차로 - 교차로안,승용,여,45세,상해없음,보행자,남,62세,중상
2023013000100087,2023년 1월 30일 08시,월요일,충청북도 충주시 수안보면,경상사고,0,0,1,0,차대차 - 후진중충돌,기타,건조,맑음,단일로 - 기타,화물,남,80세,상해없음,승용,남,36세,경상
2023013000100124,2023년 1월 30일 09시,월요일,충청북도 음성군 금왕읍,경상사고,0,0,1,0,차대사람 - 기타,교차로운행방법위반,건조,맑음,단일로 - 기타,승용,남,49세,상해없음,보행자,남,50세,경상
2023013000100125,2023년 1월 30일 09시,월요일,충청북도 청주시 서원구 개신동,경상사고,0,0,2,0,차대차 - 측면충돌,신호위반,건조,맑음,교차로 - 교차로안,승용,남,75세,상해없음,승용,남,56세,경상
2023013000100126,2023년 1월 30일 09시,월요일,충청북도 청주시 흥덕구 석소동,경상사고,0,0,1,0,차대차 - 측면충돌,안전운전불이행,건조,맑음,단일로 - 기타,승용,남,40세,상해없음,승용,남,50세,경상
2023013000100127,2023년 1월 30일 09시,월요일,충청북도 청주시 흥덕구 복대동,경상사고,0,0,1,0,차대사람 - 보도통행중,보행자보호의무위반,건조,맑음,단일로 - 기타,승용,남,25세,상해없음,보행자,남,78세,경상
2023013000100155,2023년 1월 30일 10시,월요일,충청북도 청주시 청원구 율량동,중상사고,0,1,0,0,차대사람 - 횡단중,안전운전불이행,건조,맑음,교차로 - 교차로횡단보도내,승용,남,65세,상해없음,보행자,남,81세,중상
2023013000100156,2023년 1월 30일 10시,월요일,충청북도 제천시 의림동,경상사고,0,0,1,0,차대차 - 기타,안전운전불이행,건조,맑음,주차장 - 주차장,승용,남,74세,상해없음,승용,여,41세,경상
2023013000100157,2023년 1월 30일 10시,월요일,충청북도 음성군 금왕읍,경상사고,0,0,2,0,차대차 - 정면충돌,안전운전불이행,적설,맑음,단일로 - 기타,화물,남,70세,경상,화물,남,27세,경상
2023013000100158,2023년 1월 30일 10시,월요일,충청북도 청주시 흥덕구 비하동,중상사고,0,1,2,0,차대차 - 측면충돌,안전운전불이행,건조,맑음,교차로 - 교차로안,승용,여,57세,경상,승용,남,28세,중상
2023013000100185,2023년 1월 30일 11시,월요일,충청북도 옥천군 청성면,중상사고,0,2,1,0,차대차 - 측면충돌,중앙선침범,건조,맑음,단일로 - 기타,승용,여,68세,상해없음,승용,남,58세,경상
2023013000100186,2023년 1월 30일 11시,월요일,충청북도 청주시 상당구 문의면,경상사고,0,0,1,0,차대차 - 기타,안전운전불이행,건조,맑음,교차로 - 교차로부근,승용,남,69세,상해없음,화물,남,34세,경상
2023013000100285,2023년 1월 30일 14시,월요일,충청북도 청주시 흥덕구 봉명동,경상사고,0,0,2,0,차대차 - 추돌,안전운전불이행,건조,맑음,교차로 - 교차로부근,승용,여,20세,상해없음,승용,남,59세,경상
2023013000100322,2023년 1월 30일 15시,월요일,충청북도 청주시 서원구 사창동,경상사고,0,0,1,0,차대차 - 기타,안전거리미확보,건조,맑음,교차로 - 교차로부근,승용,남,32세,상해없음,이륜,남,24세,경상
2023013000100323,2023년 1월 30일 15시,월요일,충청북도 음성군 감곡면,경상사고,0,0,3,0,차대차 - 추돌,중앙선침범,건조,맑음,단일로 - 기타,승용,남,61세,경상,승용,남,56세,경상
2023013000100324,2023년 1월 30일 15시,월요일,충청북도 청주시 상당구 용정동,경상사고,0,0,1,0,차대차 - 추돌,안전운전불이행,건조,맑음,단일로 - 기타,승용,남,71세,상해없음,승용,남,57세,경상
2023013000100362,2023년 1월 30일 16시,월요일,충청북도 청주시 흥덕구 가경동,경상사고,0,0,1,0,차대차 - 측면충돌,안전운전불이행,건조,맑음,교차로 - 교차로안,승용,남,62세,상해없음,승용,남,66세,경상
2023013000100363,2023년 1월 30일 16시,월요일,충청북도 청주시 상당구 용담동,경상사고,0,0,1,0,차대차 - 정면충돌,안전운전불이행,건조,맑음,교차로 - 교차로안,승용,남,38세,상해없음,원동기,남,24세,경상
2023013000100393,2023년 1월 30일 17시,월요일,충청북도 충주시 용산동,중상사고,0,1,0,0,차대차 - 측면충돌,직진우회전진행방해,건조,맑음,교차로 - 교차로안,승용,여,37세,상해없음,개인형이동수단(PM),남,17세,중상
2023013000100470,2023년 1월 30일 19시,월요일,충청북도 청주시 흥덕구 비하동,경상사고,0,0,3,0,차대차 - 측면충돌,안전운전불이행,건조,맑음,교차로 - 교차로부근,승용,여,36세,상해없음,승용,여,31세,경상
2023013100100050,2023년 1월 31일 05시,화요일,충청북도 청주시 서원구 수곡동,경상사고,0,0,2,0,차량단독 - 공작물충돌,안전운전불이행,건조,맑음,교차로 - 교차로부근,승용,남,35세,경상,,,,
2023013100100058,2023년 1월 31일 06시,화요일,충청북도 청주시 흥덕구 봉명동,경상사고,0,0,1,0,차대차 - 추돌,안전운전불이행,건조,맑음,단일로 - 기타,승용,남,37세,상해없음,승용,남,25세,경상
2023013100100162,2023년 1월 31일 10시,화요일,충청북도 충주시 교현동,중상사고,0,1,0,0,차대사람 - 횡단중,보행자보호의무위반,건조,맑음,단일로 - 기타,승용,남,47세,상해없음,보행자,여,87세,중상
2023013100100203,2023년 1월 31일 12시,화요일,충청북도 제천시 고암동,경상사고,0,0,2,0,차대차 - 측면충돌,신호위반,건조,맑음,교차로 - 교차로안,승용,남,68세,상해없음,승용,남,44세,경상
2023013100100204,2023년 1월 31일 12시,화요일,충청북도 음성군 맹동면,경상사고,0,0,1,0,차대차 - 기타,교차로운행방법위반,건조,맑음,교차로 - 교차로안,승용,남,75세,상해없음,승용,여,41세,경상
2023013100100205,2023년 1월 31일 12시,화요일,충청북도 청주시 흥덕구 가경동,중상사고,0,1,0,0,차대차 - 측면충돌,교차로운행방법위반,건조,맑음,교차로 - 교차로안,승용,여,41세,상해없음,자전거,남,86세,중상
2023013100100273,2023년 1월 31일 14시,화요일,충청북도 청주시 서원구 죽림동,경상사고,0,0,5,0,차대차 - 추돌,안전운전불이행,건조,맑음,교차로 - 교차로부근,승용,남,65세,상해없음,승용,남,47세,경상
2023013100100382,2023년 1월 31일 17시,화요일,충청북도 청주시 상당구 석교동,경상사고,0,0,1,0,차대사람 - 기타,안전운전불이행,건조,맑음,단일로 - 지하차도(도로)내,화물,남,61세,상해없음,보행자,여,59세,경상
2023013100100426,2023년 1월 31일 18시,화요일,충청북도 청주시 서원구 사창동,경상사고,0,0,1,0,차대차 - 후진중충돌,안전운전불이행,건조,맑음,단일로 - 기타,승용,남,30세,상해없음,이륜,남,23세,경상
2023013100100427,2023년 1월 31일 18시,화요일,충청북도 충주시 용관동,경상사고,0,0,1,0,차대차 - 추돌,안전운전불이행,건조,흐림,단일로 - 기타,승용,남,34세,상해없음,화물,남,40세,경상
2023013100100505,2023년 1월 31일 20시,화요일,충청북도 충주시 교현동,경상사고,0,0,1,0,차대차 - 측면충돌,안전거리미확보,건조,맑음,단일로 - 기타,기타불명,기타불명,미분류,기타불명,승용,남,43세,경상
2023013100100506,2023년 1월 31일 20시,화요일,충청북도 제천시 동현동,경상사고,0,0,2,0,차대차 - 추돌,안전운전불이행,건조,맑음,교차로 - 교차로부근,승용,남,49세,상해없음,승용,남,57세,경상
2023020100100025,2023년 2월 1일 03시,수요일,충청북도 청주시 서원구 사직동,경상사고,0,0,3,0,차대차 - 측면충돌,교차로운행방법위반,건조,맑음,교차로 - 교차로안,승용,여,52세,경상,승용,남,39세,경상
2023020100100081,2023년 2월 1일 08시,수요일,충청북도 음성군 대소면,경상사고,0,0,1,0,차대차 - 측면충돌,안전거리미확보,건조,맑음,교차로 - 교차로부근,승용,여,60세,상해없음,승용,남,39세,경상
2023020100100137,2023년 2월 1일 10시,수요일,충청북도 보은군 보은읍,중상사고,0,2,1,0,차대차 - 측면충돌,신호위반,건조,맑음,교차로 - 교차로안,화물,남,65세,상해없음,화물,남,64세,중상
2023020100100169,2023년 2월 1일 11시,수요일,충청북도 청주시 흥덕구 운천동,중상사고,0,1,0,0,차대차 - 기타,안전운전불이행,건조,맑음,교차로 - 교차로부근,승용,남,48세,상해없음,자전거,여,83세,중상
2023020100100170,2023년 2월 1일 11시,수요일,충청북도 청주시 상당구 월오동,중상사고,0,1,0,0,차량단독 - 기타,안전운전불이행,건조,맑음,단일로 - 기타,승용,남,28세,중상,,,,
2023020100100202,2023년 2월 1일 12시,수요일,충청북도 청주시 청원구 오창읍,경상사고,0,0,1,0,차대차 - 측면충돌,안전운전불이행,건조,맑음,주차장 - 주차장,승용,남,53세,상해없음,승용,남,23세,경상
2023020100100203,2023년 2월 1일 12시,수요일,충청북도 충주시 엄정면,경상사고,0,0,1,0,차대차 - 측면충돌,중앙선침범,건조,맑음,단일로 - 기타,화물,남,64세,상해없음,화물,남,78세,경상
2023020100100204,2023년 2월 1일 12시,수요일,충청북도 청주시 상당구 가덕면,중상사고,0,1,0,0,차대사람 - 기타,불법유턴,건조,맑음,기타 - 기타,화물,남,61세,상해없음,보행자,여,63세,중상
2023020100100251,2023년 2월 1일 14시,수요일,충청북도 단양군 매포읍,경상사고,0,0,1,0,차대차 - 기타,안전운전불이행,건조,맑음,기타 - 기타,기타불명,기타불명,미분류,기타불명,승용,남,77세,경상
2023020100100307,2023년 2월 1일 16시,수요일,충청북도 청주시 흥덕구 가경동,중상사고,0,1,0,0,차대차 - 측면충돌,교차로운행방법위반,건조,맑음,교차로 - 교차로안,이륜,남,28세,중상,승용,남,53세,상해없음
2023020100100341,2023년 2월 1일 17시,수요일,충청북도 청주시 흥덕구 강내면,경상사고,0,0,2,0,차대차 - 측면충돌,중앙선침범,건조,맑음,단일로 - 기타,승용,남,64세,상해없음,승용,남,62세,경상
2023020100100393,2023년 2월 1일 18시,수요일,충청북도 진천군 덕산읍,경상사고,0,0,1,0,차대차 - 측면충돌,중앙선침범,건조,맑음,단일로 - 기타,승용,남,26세,상해없음,이륜,남,51세,경상
2023020100100437,2023년 2월 1일 19시,수요일,충청북도 청주시 청원구 오창읍,중상사고,0,1,0,0,차대차 - 정면충돌,안전운전불이행,건조,맑음,교차로 - 교차로안,화물,남,51세,상해없음,이륜,남,58세,중상
2023020100100438,2023년 2월 1일 19시,수요일,충청북도 진천군 덕산읍,경상사고,0,0,1,0,차대차 - 측면충돌,안전거리미확보,건조,맑음,단일로 - 기타,화물,남,51세,상해없음,이륜,남,41세,경상
2023020100100439,2023년 2월 1일 19시,수요일,충청북도 청주시 흥덕구 오송읍,중상사고,0,1,0,0,차대차 - 기타,안전운전불이행,건조,맑음,단일로 - 기타,승용,남,58세,상해없음,원동기,남,49세,중상
2023020100100488,2023년 2월 1일 21시,수요일,충청북도 음성군 감곡면,사망사고,1,0,0,0,차대사람 - 차도통행중,안전운전불이행,건조,맑음,교차로 - 교차로안,승용,남,70세,상해없음,보행자,남,52세,사망
2023020100100489,2023년 2월 1일 21시,수요일,충청북도 청주시 서원구 현도면,경상사고,0,0,2,0,차대차 - 측면충돌,안전운전불이행,건조,맑음,단일로 - 기타,승용,남,58세,상해없음,승용,남,28세,경상
2023020200100068,2023년 2월 2일 07시,목요일,충청북도 진천군 진천읍,중상사고,0,1,0,0,차대사람 - 횡단중,보행자보호의무위반,건조,맑음,교차로 - 교차로부근,화물,남,68세,상해없음,보행자,여,61세,중상
2023020200100095,2023년 2월 2일 08시,목요일,충청북도 청주시 청원구 사천동,중상사고,0,1,0,0,차대사람 - 횡단중,보행자보호의무위반,건조,맑음,교차로 - 교차로횡단보도내,화물,남,62세,상해없음,보행자,여,70세,중상
2023020200100125,2023년 2월 2일 09시,목요일,충청북도 충주시 중앙탑면,중상사고,0,1,0,0,차대사람 - 기타,기타,건조,맑음,단일로 - 기타,화물,남,63세,상해없음,보행자,여,78세,중상
2023020200100142,2023년 2월 2일 10시,목요일,충청북도 음성군 삼성면,중상사고,0,1,1,0,차대차 - 측면충돌,교차로운행방법위반,건조,맑음,교차로 - 교차로안,화물,남,54세,경상,승용,남,41세,중상
2023020200100166,2023년 2월 2일 11시,목요일,충청북도 충주시 문화동,경상사고,0,0,1,0,차대사람 - 횡단중,보행자보호의무위반,건조,맑음,단일로 - 기타,화물,남,70세,기타불명,보행자,남,61세,경상
2023020200100243,2023년 2월 2일 14시,목요일,충청북도 충주시 동량면,경상사고,0,0,1,0,차대차 - 추돌,안전거리미확보,건조,맑음,교차로 - 교차로부근,화물,남,68세,상해없음,화물,남,73세,경상
2023020200100244,2023년 2월 2일 14시,목요일,충청북도 옥천군 옥천읍,경상사고,0,0,1,0,차대차 - 측면충돌,안전운전불이행,건조,맑음,기타 - 기타,화물,남,54세,상해없음,승용,여,54세,경상
2023020200100296,2023년 2월 2일 16시,목요일,충청북도 청주시 흥덕구 외북동,경상사고,0,0,3,0,차대차 - 측면충돌,안전운전불이행,건조,맑음,단일로 - 기타,건설기계,남,54세,상해없음,승용,남,29세,경상
2023020200100448,2023년 2월 2일 21시,목요일,충청북도 청주시 흥덕구 복대동,경상사고,0,0,1,0,차대차 - 추돌,안전운전불이행,건조,맑음,교차로 - 교차로부근,승용,남,60세,상해없음,승용,남,29세,경상
2023020200100471,2023년 2월 2일 22시,목요일,충청북도 청주시 흥덕구 복대동,경상사고,0,0,2,0,차대차 - 측면충돌,신호위반,건조,맑음,교차로 - 교차로안,승용,남,38세,상해없음,승용,남,59세,경상
2023020300100018,2023년 2월 3일 01시,금요일,충청북도 청주시 청원구 오창읍,경상사고,0,0,1,0,차대차 - 추돌,안전운전불이행,건조,맑음,단일로 - 기타,승용,남,26세,상해없음,승용,남,35세,경상
2023020300100047,2023년 2월 3일 06시,금요일,충청북도 청주시 흥덕구 비하동,경상사고,0,0,1,0,차대차 - 측면충돌,안전운전불이행,건조,맑음,단일로 - 기타,승용,여,52세,상해없음,승용,남,37세,경상
2023020300100061,2023년 2월 3일 07시,금요일,충청북도 충주시 수안보면,중상사고,0,1,0,0,차대사람 - 횡단중,안전운전불이행,건조,맑음,교차로 - 교차로안,승용,남,65세,상해없음,보행자,여,67세,중상
2023020300100062,2023년 2월 3일 07시,금요일,충청북도 음성군 대소면,경상사고,0,0,1,0,차대차 - 정면충돌,안전운전불이행,건조,맑음,교차로 - 교차로안,승용,남,46세,상해없음,승합,여,48세,경상
2023020300100157,2023년 2월 3일 11시,금요일,충청북도 제천시 하소동,경상사고,0,0,1,0,차대차 - 추돌,안전거리미확보,건조,맑음,교차로 - 교차로안,화물,여,63세,상해없음,승용,남,50세,경상
2023020300100158,2023년 2월 3일 11시,금요일,충청북도 청주시 흥덕구 비하동,경상사고,0,0,1,0,차대차 - 측면충돌,안전운전불이행,건조,맑음,교차로 - 교차로부근,승용,여,59세,상해없음,승용,남,67세,상해없음
2023020300100205,2023년 2월 3일 13시,금요일,충청북도 제천시 장락동,경상사고,0,0,3,0,차대차 - 측면충돌,안전운전불이행,건조,맑음,교차로 - 교차로안,승용,남,55세,상해없음,승용,여,35세,경상
2023020300100206,2023년 2월 3일 13시,금요일,충청북도 청주시 상당구 용암동,경상사고,0,0,3,0,차대차 - 측면충돌,중앙선침범,건조,맑음,교차로 - 교차로부근,승용,여,34세,상해없음,승용,남,44세,경상
2023020300100237,2023년 2월 3일 14시,금요일,충청북도 단양군 매포읍,중상사고,0,1,0,0,차대차 - 기타,신호위반,건조,맑음,교차로 - 교차로안,건설기계,남,78세,상해없음,승용,남,80세,중상
2023020300100279,2023년 2월 3일 15시,금요일,충청북도 보은군 보은읍,중상사고,0,1,0,0,차대차 - 정면충돌,교차로운행방법위반,건조,맑음,교차로 - 교차로안,승용,남,32세,상해없음,이륜,여,51세,중상
2023020300100280,2023년 2월 3일 15시,금요일,충청북도 청주시 서원구 미평동,중상사고,0,1,1,0,차대차 - 측면충돌,안전운전불이행,건조,맑음,교차로 - 교차로부근,승용,남,35세,경상,승용,남,70세,중상
2023020300100346,2023년 2월 3일 17시,금요일,충청북도 충주시 안림동,경상사고,0,0,2,0,차대차 - 추돌,안전운전불이행,건조,맑음,교차로 - 교차로부근,화물,남,61세,상해없음,승용,여,36세,경상
2023020300100347,2023년 2월 3일 17시,금요일,충청북도 음성군 삼성면,중상사고,0,1,0,0,차대사람 - 차도통행중,안전운전불이행,건조,맑음,단일로 - 기타,승합,남,43세,상해없음,보행자,남,87세,중상
2023020300100348,2023년 2월 3일 17시,금요일,충청북도 청주시 흥덕구 복대동,경상사고,0,0,1,0,차대차 - 후진중충돌,안전운전불이행,건조,맑음,교차로 - 교차로안,승용,여,54세,상해없음,승용,남,25세,경상
2023020300100399,2023년 2월 3일 18시,금요일,충청북도 충주시 칠금동,경상사고,0,0,1,0,차대차 - 정면충돌,안전운전불이행,건조,맑음,교차로 - 교차로부근,승용,여,58세,상해없음,화물,남,35세,상해없음
2023020300100400,2023년 2월 3일 18시,금요일,충청북도 제천시 수산면,경상사고,0,0,3,0,차대차 - 기타,직진우회전진행방해,건조,흐림,교차로 - 교차로안,화물,남,65세,경상,승합,남,68세,경상
2023020300100451,2023년 2월 3일 19시,금요일,충청북도 청주시 청원구 오창읍,중상사고,0,1,0,0,차대차 - 기타,신호위반,건조,맑음,교차로 - 교차로안,승용,여,36세,상해없음,이륜,남,31세,중상
2023020300100568,2023년 2월 3일 23시,금요일,충청북도 제천시 영천동,중상사고,0,1,2,0,차대차 - 측면충돌,안전운전불이행,건조,맑음,교차로 - 교차로부근,승용,여,62세,기타불명,승용,남,20세,중상
2023020400100044,2023년 2월 4일 02시,토요일,충청북도 청주시 흥덕구 가경동,중상사고,0,1,0,0,차대차 - 추돌,안전운전불이행,건조,맑음,교차로 - 교차로안,승용,남,31세,상해없음,승용,남,44세,중상
2023020400100050,2023년 2월 4일 03시,토요일,충청북도 진천군 덕산읍,경상사고,0,0,2,0,차대차 - 측면충돌,안전운전불이행,건조,맑음,단일로 - 기타,승용,남,22세,상해없음,승용,남,43세,기타불명
2023020400100193,2023년 2월 4일 12시,토요일,충청북도 청주시 흥덕구 봉명동,경상사고,0,0,3,0,차대차 - 기타,안전운전불이행,건조,맑음,기타 - 기타,이륜,남,25세,상해없음,승용,남,64세,경상
2023020400100194,2023년 2월 4일 12시,토요일,충청북도 청주시 흥덕구 강내면,경상사고,0,0,2,0,차대차 - 측면충돌,안전거리미확보,건조,맑음,단일로 - 기타,승용,남,40세,기타불명,화물,남,62세,경상
2023020400100195,2023년 2월 4일 12시,토요일,충청북도 청주시 상당구 금천동,경상사고,0,0,1,0,차대사람 - 기타,보행자보호의무위반,건조,맑음,단일로 - 기타,개인형이동수단(PM),남,13세,상해없음,보행자,여,76세,경상
2023020400100255,2023년 2월 4일 14시,토요일,충청북도 청주시 상당구 용암동,경상사고,0,0,1,0,차대차 - 추돌,안전운전불이행,건조,맑음,교차로 - 교차로부근,승용,남,71세,기타불명,승용,여,55세,경상
2023020400100283,2023년 2월 4일 15시,토요일,충청북도 보은군 수한면,경상사고,0,0,2,0,차대차 - 기타,신호위반,건조,맑음,교차로 - 교차로안,승용,여,24세,상해없음,승용,남,32세,경상
2023020400100319,2023년 2월 4일 16시,토요일,충청북도 충주시 용두동,경상사고,0,0,4,0,차대차 - 추돌,안전운전불이행,건조,맑음,단일로 - 기타,승용,여,67세,경상,승용,여,44세,경상
2023020400100320,2023년 2월 4일 16시,토요일,충청북도 청주시 흥덕구 복대동,경상사고,0,0,1,0,차대차 - 기타,안전운전불이행,건조,맑음,단일로 - 기타,승용,남,73세,상해없음,승용,여,65세,경상
2023020400100411,2023년 2월 4일 19시,토요일,충청북도 청주시 서원구 개신동,경상사고,0,0,5,0,차대차 - 추돌,안전거리미확보,건조,맑음,교차로 - 교차로안,승용,남,64세,상해없음,승용,남,70세,경상
2023020400100443,2023년 2월 4일 20시,토요일,충청북도 청주시 상당구 탑동,경상사고,0,0,1,0,차대차 - 측면충돌,안전운전불이행,건조,맑음,교차로 - 교차로안,승용,남,59세,상해없음,승용,남,28세,경상
2023020500100010,2023년 2월 5일 00시,일요일,충청북도 청주시 흥덕구 송정동,경상사고,0,0,2,0,차대차 - 정면충돌,신호위반,건조,맑음,교차로 - 교차로안,승용,남,39세,기타불명,승용,남,77세,경상
2023020500100054,2023년 2월 5일 06시,일요일,충청북도 청주시 흥덕구 복대동,경상사고,0,0,1,0,차대차 - 측면충돌,교차로운행방법위반,건조,맑음,교차로 - 교차로부근,승합,남,24세,상해없음,승용,남,39세,경상
2023020500100058,2023년 2월 5일 07시,일요일,충청북도 영동군 용산면,중상사고,0,1,0,0,차량단독 - 전도전복 - 전복,안전운전불이행,젖음/습기,맑음,단일로 - 기타,승용,남,31세,상해없음,,,,
2023020500100059,2023년 2월 5일 07시,일요일,충청북도 청주시 흥덕구 봉명동,경상사고,0,0,1,0,차대차 - 측면충돌,교차로운행방법위반,건조,맑음,교차로 - 교차로안,승용,남,44세,상해없음,승합,남,53세,경상
2023020500100105,2023년 2월 5일 11시,일요일,충청북도 청주시 청원구 내덕동,경상사고,0,0,1,0,차대차 - 후진중충돌,안전운전불이행,건조,맑음,단일로 - 기타,화물,남,74세,상해없음,이륜,남,37세,경상
2023020500100106,2023년 2월 5일 11시,일요일,충청북도 충주시 앙성면,경상사고,0,0,1,0,차대차 - 측면충돌,중앙선침범,건조,맑음,단일로 - 기타,승용,남,75세,상해없음,화물,남,72세,경상
2023020500100107,2023년 2월 5일 11시,일요일,충청북도 청주시 서원구 남이면,경상사고,0,0,5,0,차대차 - 추돌,안전운전불이행,건조,맑음,교차로 - 교차로안,승용,남,28세,상해없음,승용,남,31세,경상
2023020500100205,2023년 2월 5일 15시,일요일,충청북도 진천군 초평면,중상사고,0,1,0,0,차대사람 - 기타,안전운전불이행,건조,맑음,단일로 - 기타,승용,여,36세,상해없음,보행자,남,30세,중상
2023020500100226,2023년 2월 5일 16시,일요일,충청북도 청주시 흥덕구 봉명동,중상사고,0,1,0,0,차량단독 - 기타,안전운전불이행,건조,맑음,단일로 - 기타,승합,남,54세,상해없음,,,,
2023020500100227,2023년 2월 5일 16시,일요일,충청북도 청주시 상당구 문의면,중상사고,0,1,0,0,차대차 - 추돌,안전거리미확보,건조,맑음,단일로 - 지하차도(도로)내,승용,남,68세,상해없음,승용,남,67세,중상
2023020500100252,2023년 2월 5일 17시,일요일,충청북도 충주시 봉방동,경상사고,0,0,1,0,차대사람 - 기타,안전운전불이행,건조,맑음,단일로 - 기타,화물,남,69세,상해없음,보행자,남,59세,경상
2023020500100253,2023년 2월 5일 17시,일요일,충청북도 청주시 흥덕구 옥산면,사망사고,1,0,0,0,차대차 - 측면충돌,안전운전불이행,건조,맑음,단일로 - 지하차도(도로)내,자전거,남,79세,사망,승합,남,59세,상해없음
2023020500100332,2023년 2월 5일 20시,일요일,충청북도 청주시 서원구 현도면,경상사고,0,0,1,1,차대차 - 추돌,안전운전불이행,건조,흐림,단일로 - 기타,승용,남,50세,상해없음,승용,남,61세,부상신고
2023020500100381,2023년 2월 5일 23시,일요일,충청북도 청주시 서원구 사창동,중상사고,0,1,1,0,차대차 - 측면충돌,신호위반,건조,맑음,교차로 - 교차로안,이륜,남,22세,경상,이륜,남,27세,중상
2023020600100010,2023년 2월 6일 01시,월요일,충청북도 청주시 청원구 오창읍,중상사고,0,1,0,0,차대차 - 측면충돌,안전운전불이행,건조,맑음,단일로 - 기타,승용,남,32세,상해없음,승용,남,26세,중상
2023020600100026,2023년 2월 6일 05시,월요일,충청북도 청주시 흥덕구 송정동,중상사고,0,1,0,0,차대차 - 측면충돌,안전운전불이행,건조,맑음,교차로 - 교차로부근,승합,남,67세,상해없음,이륜,남,58세,중상
2023020600100042,2023년 2월 6일 06시,월요일,충청북도 청주시 청원구 내수읍,중상사고,0,5,4,0,차량단독 - 공작물충돌,안전운전불이행,건조,맑음,단일로 - 지하차도(도로)내,승합,남,67세,상해없음,,,,
2023020600100043,2023년 2월 6일 06시,월요일,충청북도 충주시 대소원면,경상사고,0,0,1,0,차대차 - 추돌,안전운전불이행,건조,맑음,단일로 - 기타,승용,남,65세,상해없음,승용,남,40세,경상
2023020600100044,2023년 2월 6일 06시,월요일,충청북도 단양군 매포읍,경상사고,0,0,1,0,차대차 - 기타,안전운전불이행,건조,맑음,단일로 - 기타,승용,남,61세,상해없음,건설기계,남,51세,경상
2023020600100103,2023년 2월 6일 08시,월요일,충청북도 제천시 봉양읍,경상사고,0,0,1,0,차대차 - 기타,중앙선침범,건조,맑음,단일로 - 기타,승용,남,58세,상해없음,승용,남,58세,경상
2023020600100104,2023년 2월 6일 08시,월요일,충청북도 제천시 고암동,경상사고,0,0,1,0,차대차 - 기타,직진우회전진행방해,건조,맑음,교차로 - 교차로안,승용,남,64세,상해없음,승용,여,57세,경상
2023020600100137,2023년 2월 6일 09시,월요일,충청북도 청주시 흥덕구 가경동,경상사고,0,0,1,0,차대차 - 기타,안전운전불이행,건조,맑음,교차로 - 교차로안,승용,여,37세,상해없음,승용,남,34세,경상
2023020600100138,2023년 2월 6일 09시,월요일,충청북도 청주시 흥덕구 운천동,경상사고,0,0,2,0,차대차 - 측면충돌,안전운전불이행,건조,맑음,교차로 - 교차로안,승용,여,72세,경상,승용,여,52세,경상
2023020600100194,2023년 2월 6일 11시,월요일,충청북도 진천군 진천읍,중상사고,0,1,0,0,차대사람 - 횡단중,안전운전불이행,건조,맑음,교차로 - 교차로부근,승용,남,18세,상해없음,보행자,여,77세,중상
2023020600100221,2023년 2월 6일 12시,월요일,충청북도 증평군 증평읍,중상사고,0,2,2,0,차대차 - 정면충돌,신호위반,건조,맑음,교차로 - 교차로안,화물,남,63세,상해없음,승용,여,50세,경상
2023020600100239,2023년 2월 6일 13시,월요일,충청북도 음성군 대소면,경상사고,0,0,1,0,차대차 - 정면충돌,안전운전불이행,건조,맑음,단일로 - 기타,승합,남,53세,상해없음,승용,남,36세,경상
2023020600100262,2023년 2월 6일 14시,월요일,충청북도 청주시 청원구 우암동,경상사고,0,0,1,0,차대차 - 후진중충돌,불법유턴,건조,맑음,교차로 - 교차로부근,화물,남,66세,상해없음,승용,남,71세,경상
2023020600100292,2023년 2월 6일 15시,월요일,충청북도 청주시 흥덕구 신봉동,경상사고,0,0,1,0,차대차 - 추돌,안전운전불이행,건조,맑음,기타 - 기타,승용,남,20세,상해없음,승용,남,31세,경상
2023020600100308,2023년 2월 6일 16시,월요일,충청북도 청주시 서원구 개신동,중상사고,0,1,0,0,차대차 - 측면충돌,신호위반,건조,맑음,교차로 - 교차로안,승용,여,23세,기타불명,이륜,남,45세,중상
2023020600100309,2023년 2월 6일 16시,월요일,충청북도 음성군 금왕읍,중상사고,0,2,0,0,차대차 - 추돌,안전운전불이행,건조,맑음,교차로 - 교차로부근,화물,남,50세,상해없음,승용,남,29세,중상
2023020600100334,2023년 2월 6일 17시,월요일,충청북도 청주시 상당구 용정동,경상사고,0,0,2,0,차대차 - 기타,안전운전불이행,건조,맑음,단일로 - 기타,승용,여,22세,상해없음,승용,남,38세,경상