사고번호,사고일시,요일,시군구,사고내용,사망자수,중상자수,경상자수,부상신고자수,사고유형,법규위반,노면상태,기상상태,도로형태,가해운전자 차종,가해운전자 성별,가해운전자 연령,가해운전자 상해정도,피해운전자 차종,피해운전자 성별,피해운전자 연령,피해운전자 상해정도
2023020600100374,2023년 2월 6일 18시,월요일,충청북도 청주시 청원구 내덕동,중상사고,0,3,0,0,차대사람 - 기타,안전운전불이행,건조,맑음,주차장 - 주차장,화물,남,66세,상해없음,보행자,여,67세,중상
2023020600100475,2023년 2월 6일 22시,월요일,충청북도 청주시 흥덕구 오송읍,경상사고,0,0,1,0,차대사람 - 기타,안전운전불이행,건조,맑음,기타 - 기타,승용,남,28세,상해없음,보행자,남,36세,경상
2023020700100097,2023년 2월 7일 08시,화요일,충청북도 청주시 청원구 오창읍,경상사고,0,0,1,0,차대차 - 정면충돌,중앙선침범,건조,흐림,단일로 - 기타,승용,남,37세,상해없음,승용,남,35세,경상
2023020700100098,2023년 2월 7일 08시,화요일,충청북도 제천시 강제동,경상사고,0,0,1,0,차대차 - 기타,안전운전불이행,젖음/습기,안개,교차로 - 교차로안,승용,남,66세,상해없음,자전거,남,74세,경상
2023020700100134,2023년 2월 7일 09시,화요일,충청북도 청주시 청원구 우암동,경상사고,0,0,1,0,차대차 - 측면충돌,교차로운행방법위반,건조,맑음,교차로 - 교차로안,승용,남,24세,상해없음,승용,남,71세,경상
2023020700100163,2023년 2월 7일 10시,화요일,충청북도 청주시 흥덕구 복대동,부상신고사고,0,0,0,1,차대사람 - 길가장자리구역통행중,안전운전불이행,건조,맑음,단일로 - 기타,승용,남,72세,상해없음,보행자,남,72세,부상신고
2023020700100191,2023년 2월 7일 11시,화요일,충청북도 청주시 청원구 내덕동,중상사고,0,1,0,0,차대사람 - 횡단중,보행자보호의무위반,건조,맑음,단일로 - 기타,승용,남,63세,상해없음,보행자,여,66세,중상
2023020700100192,2023년 2월 7일 11시,화요일,충청북도 청주시 청원구 주성동,경상사고,0,0,4,0,차대차 - 측면충돌,교차로운행방법위반,건조,맑음,교차로 - 교차로안,승용,여,69세,경상,승용,남,29세,경상
2023020700100222,2023년 2월 7일 12시,화요일,충청북도 청주시 상당구 남일면,경상사고,0,0,2,0,차대차 - 정면충돌,교차로운행방법위반,건조,맑음,교차로 - 교차로안,승용,여,65세,경상,승합,남,39세,상해없음
2023020700100252,2023년 2월 7일 13시,화요일,충청북도 단양군 단양읍,경상사고,0,0,1,0,차대사람 - 횡단중,안전운전불이행,건조,맑음,기타 - 기타,화물,남,79세,상해없음,보행자,남,45세,경상
2023020700100253,2023년 2월 7일 13시,화요일,충청북도 청주시 흥덕구 가경동,경상사고,0,0,1,0,차대차 - 측면충돌,교차로운행방법위반,건조,맑음,교차로 - 교차로안,승용,남,50세,상해없음,이륜,남,23세,경상
2023020700100297,2023년 2월 7일 15시,화요일,충청북도 청주시 흥덕구 봉명동,경상사고,0,0,1,0,차대차 - 기타,안전운전불이행,건조,맑음,단일로 - 기타,승용,남,77세,상해없음,이륜,남,37세,경상
2023020700100298,2023년 2월 7일 15시,화요일,충청북도 청주시 흥덕구 송정동,경상사고,0,0,1,0,차대차 - 측면충돌,안전거리미확보,건조,맑음,단일로 - 기타,승용,남,44세,상해없음,승용,남,68세,경상
2023020700100357,2023년 2월 7일 17시,화요일,충청북도 충주시 봉방동,경상사고,0,0,1,0,차대차 - 측면충돌,안전운전불이행,건조,맑음,단일로 - 기타,승용,여,58세,상해없음,승용,여,60세,경상
2023020700100400,2023년 2월 7일 18시,화요일,충청북도 청주시 흥덕구 신봉동,경상사고,0,0,1,0,차대차 - 측면충돌,불법유턴,건조,맑음,교차로 - 교차로안,승용,남,38세,상해없음,승용,여,28세,경상
2023020700100437,2023년 2월 7일 19시,화요일,충청북도 진천군 광혜원면,중상사고,0,1,0,0,차대차 - 측면충돌,신호위반,건조,맑음,교차로 - 교차로안,승용,여,20세,상해없음,승용,남,40세,중상
2023020700100438,2023년 2월 7일 19시,화요일,충청북도 청주시 흥덕구 봉명동,중상사고,0,2,0,0,차대차 - 측면충돌,불법유턴,건조,맑음,교차로 - 교차로안,승용,남,69세,상해없음,승용,여,50세,중상
2023020700100439,2023년 2월 7일 19시,화요일,충청북도 청주시 상당구 방서동,중상사고,0,2,0,0,차대차 - 측면충돌,신호위반,건조,맑음,교차로 - 교차로안,승용,남,31세,상해없음,승용,남,53세,중상
2023020700100469,2023년 2월 7일 20시,화요일,충청북도 음성군 금왕읍,중상사고,0,1,0,0,차대차 - 측면충돌,안전운전불이행,건조,맑음,단일로 - 기타,승용,남,28세,상해없음,자전거,남,61세,중상
2023020700100523,2023년 2월 7일 22시,화요일,충청북도 충주시 칠금동,경상사고,0,0,1,0,차대차 - 측면충돌,교차로운행방법위반,건조,맑음,교차로 - 교차로안,승용,여,66세,상해없음,이륜,남,66세,경상
2023020800100076,2023년 2월 8일 07시,수요일,충청북도 청주시 청원구 사천동,경상사고,0,0,2,0,차대차 - 측면충돌,기타,건조,맑음,단일로 - 기타,승용,남,29세,상해없음,승용,남,68세,경상
2023020800100077,2023년 2월 8일 07시,수요일,충청북도 충주시 살미면,중상사고,0,1,0,0,차대차 - 측면충돌,안전운전불이행,건조,맑음,교차로 - 교차로부근,승용,남,54세,상해없음,승용,여,57세,중상
2023020800100078,2023년 2월 8일 07시,수요일,충청북도 옥천군 옥천읍,중상사고,0,1,0,0,차대사람 - 횡단중,보행자보호의무위반,건조,맑음,교차로 - 교차로안,승용,남,25세,상해없음,보행자,여,81세,중상
2023020800100106,2023년 2월 8일 08시,수요일,충청북도 청주시 흥덕구 오송읍,경상사고,0,0,1,0,차대차 - 기타,교차로운행방법위반,건조,맑음,교차로 - 교차로안,승용,남,53세,상해없음,승용,여,28세,경상
2023020800100107,2023년 2월 8일 08시,수요일,충청북도 청주시 상당구 남일면,경상사고,0,0,1,0,차대차 - 측면충돌,안전운전불이행,건조,맑음,단일로 - 기타,승용,여,39세,경상,화물,남,71세,상해없음
2023020800100167,2023년 2월 8일 10시,수요일,충청북도 청주시 청원구 오창읍,중상사고,0,1,0,0,차대차 - 측면충돌,교차로운행방법위반,건조,맑음,교차로 - 교차로안,승용,여,47세,상해없음,화물,여,34세,중상
2023020800100168,2023년 2월 8일 10시,수요일,충청북도 음성군 음성읍,경상사고,0,0,2,0,차대차 - 정면충돌,교차로운행방법위반,건조,맑음,교차로 - 교차로안,승용,여,35세,경상,승용,남,49세,경상
2023020800100198,2023년 2월 8일 11시,수요일,충청북도 청주시 청원구 율량동,경상사고,0,0,1,0,차량단독 - 기타,안전운전불이행,건조,맑음,교차로 - 교차로부근,승용,남,59세,상해없음,,,,
2023020800100199,2023년 2월 8일 11시,수요일,충청북도 보은군 보은읍,중상사고,0,1,0,0,차대차 - 기타,기타,건조,맑음,단일로 - 기타,이륜,남,80세,중상,승용,남,51세,상해없음
2023020800100275,2023년 2월 8일 14시,수요일,충청북도 청주시 흥덕구 신봉동,경상사고,0,0,1,0,차대사람 - 기타,안전운전불이행,건조,맑음,단일로 - 기타,자전거,남,62세,상해없음,보행자,남,74세,경상
2023020800100276,2023년 2월 8일 14시,수요일,충청북도 청주시 흥덕구 가경동,경상사고,0,0,1,0,차대차 - 측면충돌,안전운전불이행,건조,맑음,교차로 - 교차로부근,승용,여,36세,상해없음,이륜,남,40세,경상
2023020800100309,2023년 2월 8일 15시,수요일,충청북도 청주시 흥덕구 봉명동,중상사고,0,1,0,0,차대차 - 정면충돌,신호위반,건조,맑음,교차로 - 교차로부근,승용,남,29세,상해없음,이륜,남,28세,중상
2023020800100310,2023년 2월 8일 15시,수요일,충청북도 청주시 흥덕구 복대동,중상사고,0,1,0,0,차대차 - 기타,안전운전불이행,건조,맑음,교차로 - 교차로횡단보도내,이륜,남,29세,중상,기타불명,기타불명,미분류,기타불명
2023020800100337,2023년 2월 8일 16시,수요일,충청북도 영동군 영동읍,중상사고,0,1,0,0,차대차 - 추돌,안전운전불이행,건조,맑음,단일로 - 기타,승합,남,64세,상해없음,자전거,남,68세,중상
2023020800100338,2023년 2월 8일 16시,수요일,충청북도 청주시 상당구 금천동,중상사고,0,1,0,0,차대차 - 측면충돌,교차로운행방법위반,건조,맑음,교차로 - 교차로부근,화물,남,54세,상해없음,자전거,남,77세,중상
2023020800100371,2023년 2월 8일 17시,수요일,충청북도 청주시 청원구 오창읍,경상사고,0,0,1,0,차대차 - 추돌,안전운전불이행,건조,맑음,교차로 - 교차로부근,승용,남,57세,상해없음,승용,남,50세,경상
2023020800100372,2023년 2월 8일 17시,수요일,충청북도 청주시 청원구 오창읍,경상사고,0,0,1,0,차대차 - 기타,안전운전불이행,건조,맑음,교차로 - 교차로부근,기타불명,기타불명,미분류,기타불명,승용,남,39세,경상
2023020800100405,2023년 2월 8일 18시,수요일,충청북도 청주시 서원구 남이면,경상사고,0,0,1,0,차대차 - 측면충돌,안전거리미확보,건조,맑음,단일로 - 기타,화물,남,60세,상해없음,승용,남,45세,경상
2023020800100406,2023년 2월 8일 18시,수요일,충청북도 청주시 상당구 남일면,경상사고,0,0,3,0,차대차 - 측면충돌,교차로운행방법위반,건조,맑음,교차로 - 교차로안,승용,여,24세,경상,승용,여,40세,경상
2023020800100450,2023년 2월 8일 19시,수요일,충청북도 진천군 광혜원면,경상사고,0,0,1,0,차대차 - 추돌,안전운전불이행,건조,맑음,교차로 - 교차로부근,승용,남,49세,상해없음,승용,남,55세,경상
2023020800100451,2023년 2월 8일 19시,수요일,충청북도 청주시 상당구 문의면,경상사고,0,0,2,0,차대차 - 측면충돌,중앙선침범,건조,맑음,교차로 - 교차로부근,승합,남,61세,상해없음,승용,남,74세,경상
2023020800100532,2023년 2월 8일 23시,수요일,충청북도 음성군 맹동면,경상사고,0,0,2,0,차대차 - 측면충돌,신호위반,건조,맑음,교차로 - 교차로안,승용,남,26세,상해없음,승용,여,29세,경상
2023020900100006,2023년 2월 9일 00시,목요일,충청북도 진천군 이월면,경상사고,0,0,1,0,차대차 - 추돌,안전운전불이행,건조,맑음,단일로 - 기타,승용,남,28세,상해없음,화물,남,51세,경상
2023020900100020,2023년 2월 9일 02시,목요일,충청북도 괴산군 장연면,중상사고,0,1,0,0,차대차 - 측면충돌,안전거리미확보,건조,맑음,단일로 - 기타,화물,남,56세,상해없음,승용,남,29세,중상
2023020900100054,2023년 2월 9일 07시,목요일,충청북도 제천시 모산동,중상사고,0,1,0,0,차대차 - 정면충돌,중앙선침범,건조,맑음,단일로 - 기타,승용,여,64세,기타불명,승용,남,65세,중상
2023020900100055,2023년 2월 9일 07시,목요일,충청북도 진천군 광혜원면,중상사고,0,1,0,0,차대차 - 기타,안전운전불이행,건조,맑음,교차로 - 교차로안,화물,남,50세,상해없음,이륜,남,46세,중상
2023020900100077,2023년 2월 9일 08시,목요일,충청북도 제천시 중앙로2가,경상사고,0,0,1,0,차대차 - 기타,신호위반,건조,맑음,교차로 - 교차로안,승용,남,29세,상해없음,승용,남,34세,경상
2023020900100101,2023년 2월 9일 09시,목요일,충청북도 충주시 문화동,경상사고,0,0,1,0,차대차 - 측면충돌,안전운전불이행,건조,맑음,교차로 - 교차로부근,승용,남,64세,상해없음,자전거,남,60세,경상
2023020900100124,2023년 2월 9일 10시,목요일,충청북도 괴산군 문광면,경상사고,0,0,1,0,차대차 - 측면충돌,신호위반,건조,흐림,교차로 - 교차로안,승용,남,44세,경상,건설기계,남,55세,상해없음
2023020900100144,2023년 2월 9일 11시,목요일,충청북도 음성군 원남면,경상사고,0,0,2,0,차대차 - 측면충돌,안전운전불이행,건조,맑음,단일로 - 기타,화물,남,59세,상해없음,승용,남,69세,경상
2023020900100145,2023년 2월 9일 11시,목요일,충청북도 청주시 서원구 현도면,경상사고,0,0,1,0,차대차 - 측면충돌,안전운전불이행,건조,맑음,교차로 - 교차로안,화물,남,32세,상해없음,화물,남,40세,경상
2023020900100146,2023년 2월 9일 11시,목요일,충청북도 청주시 상당구 방서동,경상사고,0,0,1,0,차대차 - 측면충돌,신호위반,건조,맑음,교차로 - 교차로안,승용,여,38세,상해없음,승용,여,34세,경상
2023020900100180,2023년 2월 9일 12시,목요일,충청북도 제천시 강제동,중상사고,0,1,0,0,차대차 - 측면충돌,신호위반,건조,맑음,교차로 - 교차로안,화물,남,71세,상해없음,이륜,남,31세,중상
2023020900100260,2023년 2월 9일 15시,목요일,충청북도 청주시 청원구 우암동,중상사고,0,1,1,0,차대차 - 측면충돌,신호위반,건조,맑음,교차로 - 교차로안,승용,남,20세,기타불명,승용,남,48세,경상
2023020900100288,2023년 2월 9일 16시,목요일,충청북도 청주시 흥덕구 비하동,경상사고,0,0,2,0,차대차 - 측면충돌,교차로운행방법위반,건조,맑음,교차로 - 교차로안,승용,남,45세,경상,승용,남,46세,경상
2023020900100311,2023년 2월 9일 17시,목요일,충청북도 진천군 진천읍,경상사고,0,0,1,0,차대차 - 측면충돌,중앙선침범,건조,맑음,단일로 - 기타,승용,남,67세,상해없음,승용,남,32세,경상
2023020900100344,2023년 2월 9일 18시,목요일,충청북도 청주시 청원구 주중동,경상사고,0,0,1,0,차대차 - 추돌,안전운전불이행,건조,맑음,교차로 - 교차로부근,승용,남,34세,상해없음,승용,남,37세,경상
2023020900100345,2023년 2월 9일 18시,목요일,충청북도 청주시 상당구 가덕면,중상사고,0,1,2,0,차대차 - 추돌,안전운전불이행,건조,맑음,단일로 - 기타,승합,남,68세,상해없음,농기계,남,61세,중상
2023020900100346,2023년 2월 9일 18시,목요일,충청북도 청주시 상당구 방서동,경상사고,0,0,1,0,차대사람 - 횡단중,보행자보호의무위반,건조,맑음,교차로 - 교차로횡단보도내,승용,남,59세,상해없음,보행자,여,54세,경상
2023020900100389,2023년 2월 9일 19시,목요일,충청북도 음성군 금왕읍,경상사고,0,0,1,0,차대차 - 측면충돌,차로위반,건조,맑음,교차로 - 교차로안,승용,남,58세,기타불명,승합,남,23세,경상
2023020900100390,2023년 2월 9일 19시,목요일,충청북도 청주시 서원구 성화동,경상사고,0,0,1,0,차대차 - 추돌,안전운전불이행,건조,맑음,단일로 - 기타,이륜,남,15세,상해없음,이륜,남,29세,경상
2023020900100419,2023년 2월 9일 20시,목요일,충청북도 충주시 금릉동,경상사고,0,0,1,0,차대차 - 측면충돌,안전거리미확보,건조,맑음,교차로 - 교차로부근,기타불명,기타불명,미분류,기타불명,승용,남,24세,상해없음
2023020900100420,2023년 2월 9일 20시,목요일,충청북도 괴산군 연풍면,중상사고,0,1,0,0,차대사람 - 차도통행중,안전운전불이행,건조,맑음,단일로 - 기타,승용,남,72세,상해없음,보행자,남,55세,중상
2023020900100421,2023년 2월 9일 20시,목요일,충청북도 청주시 상당구 남일면,경상사고,0,0,1,0,차대차 - 측면충돌,신호위반,건조,맑음,교차로 - 교차로안,승용,여,30세,상해없음,승용,여,28세,경상
2023020900100444,2023년 2월 9일 21시,목요일,충청북도 청주시 청원구 내덕동,부상신고사고,0,0,0,1,차대사람 - 기타,안전운전불이행,건조,맑음,단일로 - 기타,기타불명,기타불명,미분류,기타불명,보행자,남,59세,부상신고
2023020900100493,2023년 2월 9일 23시,목요일,충청북도 충주시 성서동,경상사고,0,0,3,0,차대차 - 기타,안전거리미확보,젖음/습기,흐림,단일로 - 기타,화물,남,23세,상해없음,승용,남,60세,경상
2023020900100494,2023년 2월 9일 23시,목요일,충청북도 제천시 청전동,경상사고,0,0,2,0,차대차 - 기타,교차로운행방법위반,젖음/습기,비,교차로 - 교차로안,승용,남,27세,경상,승용,남,29세,경상
2023021000100021,2023년 2월 10일 01시,금요일,충청북도 청주시 서원구 분평동,경상사고,0,0,1,0,차대차 - 추돌,안전운전불이행,젖음/습기,비,교차로 - 교차로부근,승용,남,33세,상해없음,승용,남,44세,경상
2023021000100045,2023년 2월 10일 05시,금요일,충청북도 청주시 청원구 내수읍,중상사고,0,1,0,0,차량단독 - 공작물충돌,안전운전불이행,건조,맑음,단일로 - 기타,승용,남,65세,중상,,,,
2023021000100085,2023년 2월 10일 07시,금요일,충청북도 충주시 연수동,경상사고,0,0,1,0,차대차 - 측면충돌,신호위반,젖음/습기,비,교차로 - 교차로안,화물,남,55세,경상,승용,남,49세,상해없음
2023021000100086,2023년 2월 10일 07시,금요일,충청북도 진천군 덕산읍,경상사고,0,0,1,0,차대차 - 측면충돌,안전운전불이행,건조,맑음,교차로 - 교차로안,승용,남,42세,상해없음,승용,남,46세,경상
2023021000100165,2023년 2월 10일 10시,금요일,충청북도 영동군 영동읍,경상사고,0,0,1,0,차대차 - 측면충돌,안전운전불이행,건조,맑음,주차장 - 주차장,승용,남,57세,경상,이륜,남,83세,상해없음
2023021000100166,2023년 2월 10일 10시,금요일,충청북도 청주시 상당구 영운동,경상사고,0,0,1,0,차대차 - 기타,안전운전불이행,건조,맑음,교차로 - 교차로부근,이륜,남,73세,경상,승용,여,45세,상해없음
2023021000100191,2023년 2월 10일 11시,금요일,충청북도 충주시 칠금동,중상사고,0,1,0,0,차대차 - 측면충돌,신호위반,젖음/습기,비,교차로 - 교차로안,승용,남,65세,상해없음,이륜,남,41세,중상
2023021000100192,2023년 2월 10일 11시,금요일,충청북도 옥천군 군서면,중상사고,0,1,0,0,차대차 - 추돌,안전운전불이행,건조,맑음,교차로 - 교차로안,승용,남,40세,상해없음,승용,남,57세,중상
2023021000100212,2023년 2월 10일 12시,금요일,충청북도 청주시 서원구 미평동,경상사고,0,0,1,0,차대차 - 측면충돌,안전운전불이행,건조,맑음,교차로 - 교차로횡단보도내,승용,남,58세,상해없음,자전거,남,66세,경상
2023021000100233,2023년 2월 10일 13시,금요일,충청북도 청주시 흥덕구 지동동,경상사고,0,0,1,0,차대사람 - 차도통행중,안전운전불이행,건조,맑음,교차로 - 교차로부근,화물,남,64세,상해없음,보행자,남,75세,경상
2023021000100276,2023년 2월 10일 15시,금요일,충청북도 청주시 서원구 사창동,경상사고,0,0,1,0,차대차 - 기타,안전거리미확보,건조,맑음,단일로 - 기타,이륜,남,41세,상해없음,화물,남,33세,경상
2023021000100347,2023년 2월 10일 17시,금요일,충청북도 충주시 대소원면,경상사고,0,0,3,0,차대차 - 측면충돌,직진우회전진행방해,건조,맑음,교차로 - 교차로안,승용,여,39세,경상,승용,남,27세,경상
2023021000100388,2023년 2월 10일 18시,금요일,충청북도 증평군 증평읍,경상사고,0,0,1,0,차대차 - 정면충돌,중앙선침범,건조,맑음,단일로 - 기타,승용,여,53세,상해없음,승용,여,61세,경상
2023021000100435,2023년 2월 10일 19시,금요일,충청북도 진천군 초평면,경상사고,0,0,3,0,차대차 - 추돌,안전운전불이행,건조,맑음,교차로 - 교차로부근,승용,남,51세,상해없음,승용,남,43세,상해없음
2023021000100436,2023년 2월 10일 19시,금요일,충청북도 청주시 흥덕구 복대동,경상사고,0,0,1,0,차대사람 - 횡단중,보행자보호의무위반,건조,맑음,교차로 - 교차로횡단보도내,화물,남,30세,상해없음,보행자,여,60세,경상
2023021000100437,2023년 2월 10일 19시,금요일,충청북도 청주시 서원구 현도면,경상사고,0,0,1,0,차대차 - 측면충돌,안전거리미확보,건조,맑음,교차로 - 교차로부근,승용,여,48세,상해없음,승용,여,73세,경상
2023021000100525,2023년 2월 10일 22시,금요일,충청북도 청주시 서원구 성화동,사망사고,1,0,0,0,차대차 - 추돌,안전운전불이행,건조,맑음,단일로 - 기타,승합,남,44세,상해없음,개인형이동수단(PM),남,64세,사망
2023021000100550,2023년 2월 10일 23시,금요일,충청북도 괴산군 청천면,중상사고,0,1,0,0,차대차 - 정면충돌,중앙선침범,젖음/습기,흐림,교차로 - 교차로부근,화물,남,63세,상해없음,승용,남,53세,중상
2023021100100010,2023년 2월 11일 00시,토요일,충청북도 청주시 흥덕구 봉명동,중상사고,0,1,0,0,차대사람 - 차도통행중,안전운전불이행,건조,맑음,단일로 - 기타,화물,남,57세,상해없음,보행자,남,36세,중상
2023021100100011,2023년 2월 11일 00시,토요일,충청북도 청주시 서원구 죽림동,중상사고,0,1,0,0,차대사람 - 횡단중,보행자보호의무위반,건조,맑음,교차로 - 교차로부근,승용,남,57세,상해없음,보행자,여,30세,중상
2023021100100055,2023년 2월 11일 04시,토요일,충청북도 청주시 서원구 사창동,경상사고,0,0,1,0,차대사람 - 기타,안전운전불이행,건조,맑음,단일로 - 기타,승용,남,22세,상해없음,보행자,남,23세,경상
2023021100100072,2023년 2월 11일 06시,토요일,충청북도 청주시 청원구 내덕동,중상사고,0,2,1,0,차대차 - 정면충돌,신호위반,젖음/습기,안개,교차로 - 교차로안,승용,남,59세,상해없음,승용,남,32세,중상
2023021100100101,2023년 2월 11일 08시,토요일,충청북도 청주시 상당구 석교동,경상사고,0,0,1,0,차대차 - 측면충돌,안전거리미확보,건조,맑음,단일로 - 지하차도(도로)내,이륜,남,68세,경상,승용,여,53세,상해없음
2023021100100149,2023년 2월 11일 11시,토요일,충청북도 충주시 용산동,경상사고,0,0,1,0,차대사람 - 횡단중,보행자보호의무위반,건조,맑음,교차로 - 교차로횡단보도내,승용,여,63세,상해없음,보행자,남,8세,경상
2023021100100150,2023년 2월 11일 11시,토요일,충청북도 제천시 산곡동,경상사고,0,0,2,0,차대차 - 측면충돌,안전운전불이행,건조,맑음,교차로 - 교차로안,화물,남,64세,상해없음,승용,여,62세,경상
2023021100100182,2023년 2월 11일 12시,토요일,충청북도 청주시 청원구 내수읍,중상사고,0,2,0,0,차량단독 - 도로외이탈 - 추락,안전운전불이행,건조,맑음,단일로 - 교량,승용,남,45세,기타불명,,,,
2023021100100211,2023년 2월 11일 13시,토요일,충청북도 청주시 서원구 사창동,경상사고,0,0,1,0,차대차 - 기타,안전거리미확보,건조,맑음,단일로 - 기타,승용,남,58세,상해없음,승합,남,49세,상해없음
2023021100100291,2023년 2월 11일 16시,토요일,충청북도 청주시 상당구 용정동,경상사고,0,0,1,0,차대차 - 측면충돌,안전운전불이행,건조,맑음,교차로 - 교차로안,화물,남,65세,상해없음,이륜,남,49세,경상
2023021100100341,2023년 2월 11일 18시,토요일,충청북도 진천군 덕산읍,사망사고,1,0,0,0,차대사람 - 차도통행중,안전거리미확보,건조,맑음,단일로 - 기타,승용,남,57세,상해없음,보행자,남,84세,사망
2023021100100366,2023년 2월 11일 19시,토요일,충청북도 청주시 청원구 우암동,경상사고,0,0,1,0,차대사람 - 기타,안전운전불이행,건조,맑음,교차로 - 교차로부근,승용,남,68세,상해없음,보행자,남,63세,경상
2023021100100367,2023년 2월 11일 19시,토요일,충청북도 청주시 청원구 사천동,중상사고,0,1,0,0,차량단독 - 기타,안전운전불이행,건조,맑음,교차로 - 교차로부근,이륜,남,37세,중상,,,,
2023021100100388,2023년 2월 11일 20시,토요일,충청북도 증평군 증평읍,경상사고,0,0,1,0,차대사람 - 차도통행중,보행자보호의무위반,건조,맑음,단일로 - 기타,승용,남,38세,상해없음,보행자,남,31세,경상
2023021100100389,2023년 2월 11일 20시,토요일,충청북도 진천군 광혜원면,경상사고,0,0,2,0,차대차 - 추돌,안전운전불이행,건조,맑음,교차로 - 교차로안,기타불명,기타불명,미분류,기타불명,승용,남,34세,경상
2023021100100390,2023년 2월 11일 20시,토요일,충청북도 청주시 서원구 성화동,경상사고,0,0,1,0,차대차 - 기타,안전운전불이행,건조,맑음,교차로 - 교차로안,승용,남,46세,상해없음,이륜,남,34세,경상
2023021100100442,2023년 2월 11일 22시,토요일,충청북도 청주시 서원구 분평동,경상사고,0,0,1,0,차대차 - 측면충돌,안전거리미확보,건조,흐림,교차로 - 교차로안,승용,남,59세,상해없음,승용,남,25세,경상
2023021100100443,2023년 2월 11일 22시,토요일,충청북도 괴산군 장연면,중상사고,0,1,0,0,차대차 - 측면충돌,안전거리미확보,건조,맑음,단일로 - 기타,승용,여,29세,상해없음,승용,남,64세,중상
2023021200100024,2023년 2월 12일 01시,일요일,충청북도 제천시 금성면,부상신고사고,0,0,0,2,차량단독 - 공작물충돌,안전운전불이행,건조,맑음,단일로 - 기타,승용,남,21세,상해없음,,,,
2023021200100074,2023년 2월 12일 09시,일요일,충청북도 청주시 서원구 산남동,경상사고,0,0,1,0,차대차 - 측면충돌,신호위반,기타,안개,교차로 - 교차로안,승용,남,42세,상해없음,승용,남,28세,경상
2023021200100088,2023년 2월 12일 10시,일요일,충청북도 충주시 대소원면,경상사고,0,0,2,0,차대차 - 기타,중앙선침범,건조,맑음,기타 - 기타,승용,남,60세,기타불명,승용,남,46세,경상
2023021200100146,2023년 2월 12일 13시,일요일,충청북도 충주시 호암동,경상사고,0,0,1,0,차대차 - 기타,안전거리미확보,건조,맑음,단일로 - 기타,승용,남,51세,상해없음,승용,여,60세,경상
2023021200100147,2023년 2월 12일 13시,일요일,충청북도 증평군 증평읍,중상사고,0,1,0,0,차대차 - 측면충돌,안전운전불이행,건조,맑음,단일로 - 기타,승용,남,69세,상해없음,이륜,남,59세,중상
2023021200100171,2023년 2월 12일 14시,일요일,충청북도 충주시 성남동,경상사고,0,0,2,0,차대차 - 측면충돌,안전거리미확보,건조,맑음,단일로 - 기타,승용,남,22세,경상,화물,남,60세,경상
2023021200100278,2023년 2월 12일 19시,일요일,충청북도 청주시 상당구 용암동,경상사고,0,0,1,0,차대차 - 후진중충돌,안전운전불이행,건조,맑음,교차로 - 교차로부근,승용,여,42세,상해없음,승용,남,51세,경상
2023021200100341,2023년 2월 12일 22시,일요일,충청북도 증평군 증평읍,경상사고,0,0,1,0,차대차 - 측면충돌,신호위반,건조,맑음,교차로 - 교차로안,이륜,남,25세,경상,승용,남,40세,상해없음
2023021200100342,2023년 2월 12일 22시,일요일,충청북도 청주시 서원구 분평동,중상사고,0,1,0,0,차대차 - 측면충돌,안전거리미확보,건조,맑음,단일로 - 기타,개인형이동수단(PM),남,57세,중상,승용,남,44세,상해없음
2023021200100343,2023년 2월 12일 22시,일요일,충청북도 청주시 상당구 금천동,경상사고,0,0,1,0,차대차 - 측면충돌,신호위반,건조,맑음,교차로 - 교차로안,승용,남,59세,상해없음,승용,남,35세,경상
2023021200100351,2023년 2월 12일 23시,일요일,충청북도 청주시 흥덕구 강내면,경상사고,0,0,2,0,차대차 - 추돌,기타,건조,맑음,단일로 - 기타,승용,남,66세,상해없음,승용,남,30세,경상
2023021300100055,2023년 2월 13일 07시,월요일,충청북도 청주시 흥덕구 가경동,경상사고,0,0,1,0,차대차 - 측면충돌,안전운전불이행,건조,맑음,단일로 - 기타,승용,남,55세,상해없음,승합,남,50세,경상
2023021300100089,2023년 2월 13일 08시,월요일,충청북도 영동군 상촌면,중상사고,0,1,0,0,차량단독 - 도로외이탈 - 기타,안전운전불이행,서리/결빙,맑음,기타 - 기타,승용,남,82세,상해없음,,,,
2023021300100158,2023년 2월 13일 11시,월요일,충청북도 음성군 맹동면,중상사고,0,1,0,0,차량단독 - 공작물충돌,안전운전불이행,건조,맑음,교차로 - 교차로부근,사륜오토바이(ATV),남,81세,중상,,,,
2023021300100159,2023년 2월 13일 11시,월요일,충청북도 옥천군 동이면,사망사고,1,1,0,0,차량단독 - 공작물충돌,안전운전불이행,건조,맑음,단일로 - 교량,승용,남,76세,사망,,,,
2023021300100181,2023년 2월 13일 12시,월요일,충청북도 청주시 흥덕구 가경동,경상사고,0,0,1,0,차대차 - 기타,기타,건조,맑음,교차로 - 교차로안,이륜,남,38세,경상,승용,남,50세,상해없음
2023021300100209,2023년 2월 13일 13시,월요일,충청북도 청주시 서원구 사직동,경상사고,0,0,1,0,차대사람 - 횡단중,보행자보호의무위반,건조,맑음,교차로 - 교차로횡단보도내,승용,여,64세,상해없음,보행자,여,22세,경상
2023021300100232,2023년 2월 13일 14시,월요일,충청북도 청주시 서원구 사창동,경상사고,0,0,3,0,차대차 - 정면충돌,기타,건조,맑음,교차로 - 교차로안,승용,남,61세,상해없음,승용,남,57세,경상