사고번호,사고일시,요일,시군구,사고내용,사망자수,중상자수,경상자수,부상신고자수,사고유형,법규위반,노면상태,기상상태,도로형태,가해운전자 차종,가해운전자 성별,가해운전자 연령,가해운전자 상해정도,피해운전자 차종,피해운전자 성별,피해운전자 연령,피해운전자 상해정도
2023030500100270,2023년 3월 5일 16시,일요일,충청북도 청주시 상당구 문의면,부상신고사고,0,0,0,1,차량단독 - 기타,안전운전불이행,건조,맑음,단일로 - 지하차도(도로)내,이륜,남,18세,부상신고,,,,
2023030500100297,2023년 3월 5일 17시,일요일,충청북도 청주시 흥덕구 복대동,경상사고,0,0,1,0,차대차 - 측면충돌,안전운전불이행,건조,맑음,교차로 - 교차로부근,승용,여,63세,상해없음,이륜,남,23세,경상
2023030500100329,2023년 3월 5일 18시,일요일,충청북도 청주시 서원구 사창동,경상사고,0,0,1,0,차대차 - 측면충돌,신호위반,건조,맑음,교차로 - 교차로안,승용,남,26세,상해없음,이륜,남,38세,경상
2023030500100330,2023년 3월 5일 18시,일요일,충청북도 청주시 청원구 오창읍,중상사고,0,1,0,0,차대차 - 기타,안전운전불이행,건조,맑음,교차로 - 교차로부근,승용,남,32세,상해없음,이륜,남,47세,중상
2023030500100358,2023년 3월 5일 19시,일요일,충청북도 증평군 증평읍,중상사고,0,1,1,0,차대사람 - 횡단중,안전운전불이행,건조,맑음,단일로 - 기타,이륜,남,23세,경상,보행자,남,52세,중상
2023030600100027,2023년 3월 6일 06시,월요일,충청북도 청주시 청원구 내덕동,경상사고,0,0,1,0,차량단독 - 기타,안전운전불이행,건조,맑음,교차로 - 교차로안,승용,남,32세,경상,,,,
2023030600100028,2023년 3월 6일 06시,월요일,충청북도 청주시 서원구 남이면,중상사고,0,1,1,0,차대차 - 추돌,안전운전불이행,건조,맑음,단일로 - 교량,승용,남,67세,상해없음,건설기계,남,59세,경상
2023030600100029,2023년 3월 6일 06시,월요일,충청북도 청주시 상당구 용암동,경상사고,0,0,1,0,차대차 - 기타,신호위반,건조,맑음,교차로 - 교차로안,승용,남,57세,상해없음,승합,여,60세,경상
2023030600100077,2023년 3월 6일 08시,월요일,충청북도 청주시 청원구 율량동,경상사고,0,0,2,0,차대차 - 측면충돌,직진우회전진행방해,건조,맑음,교차로 - 교차로안,승용,여,46세,경상,승용,여,39세,경상
2023030600100186,2023년 3월 6일 11시,월요일,충청북도 음성군 대소면,중상사고,0,1,0,0,차대차 - 측면충돌,차로위반,건조,맑음,단일로 - 기타,승용,남,62세,상해없음,승용,여,51세,중상
2023030600100245,2023년 3월 6일 13시,월요일,충청북도 청주시 흥덕구 복대동,경상사고,0,0,1,0,차대차 - 측면충돌,신호위반,건조,맑음,교차로 - 교차로안,승용,여,55세,상해없음,이륜,남,31세,경상
2023030600100271,2023년 3월 6일 14시,월요일,충청북도 증평군 증평읍,중상사고,0,1,0,0,차대사람 - 횡단중,안전운전불이행,건조,맑음,교차로 - 교차로부근,이륜,남,69세,상해없음,보행자,여,65세,중상
2023030600100272,2023년 3월 6일 14시,월요일,충청북도 진천군 진천읍,중상사고,0,1,0,0,차대사람 - 횡단중,교차로운행방법위반,건조,맑음,교차로 - 교차로부근,승용,여,60세,상해없음,보행자,여,11세,중상
2023030600100301,2023년 3월 6일 15시,월요일,충청북도 청주시 청원구 사천동,경상사고,0,0,1,0,차대차 - 측면충돌,안전거리미확보,건조,맑음,단일로 - 기타,승용,여,61세,상해없음,승용,여,25세,경상
2023030600100303,2023년 3월 6일 15시,월요일,충청북도 충주시 연수동,경상사고,0,0,1,0,차대차 - 측면충돌,신호위반,건조,맑음,교차로 - 교차로안,승용,남,47세,상해없음,이륜,남,34세,경상
2023030600100304,2023년 3월 6일 15시,월요일,충청북도 보은군 보은읍,경상사고,0,0,1,0,차대차 - 정면충돌,안전운전불이행,건조,맑음,단일로 - 기타,이륜,남,61세,경상,화물,남,57세,상해없음
2023030600100305,2023년 3월 6일 15시,월요일,충청북도 청주시 흥덕구 비하동,중상사고,0,1,0,0,차대차 - 측면충돌,안전운전불이행,건조,맑음,기타 - 기타,자전거,남,14세,중상,승용,남,62세,상해없음
2023030600100362,2023년 3월 6일 17시,월요일,충청북도 청주시 흥덕구 복대동,경상사고,0,0,1,0,차대차 - 측면충돌,안전거리미확보,건조,맑음,단일로 - 기타,승용,남,45세,기타불명,개인형이동수단(PM),여,74세,경상
2023030600100396,2023년 3월 6일 18시,월요일,충청북도 청주시 서원구 사창동,중상사고,0,1,0,0,차대차 - 추돌,안전운전불이행,건조,맑음,단일로 - 기타,승용,남,53세,상해없음,자전거,남,67세,중상
2023030600100452,2023년 3월 6일 20시,월요일,충청북도 청주시 청원구 우암동,중상사고,0,1,0,0,차대사람 - 기타,안전운전불이행,건조,맑음,단일로 - 기타,승용,남,28세,상해없음,보행자,남,54세,중상
2023030600100473,2023년 3월 6일 21시,월요일,충청북도 청주시 흥덕구 강서동,경상사고,0,0,1,0,차대차 - 측면충돌,안전운전불이행,건조,맑음,기타 - 기타,승용,남,35세,상해없음,승용,남,27세,경상
2023030600100493,2023년 3월 6일 22시,월요일,충청북도 제천시 명동,경상사고,0,0,3,0,차대차 - 측면충돌,신호위반,건조,맑음,교차로 - 교차로안,원동기,남,16세,경상,승용,남,62세,경상
2023030700100020,2023년 3월 7일 05시,화요일,충청북도 청주시 상당구 영운동,중상사고,0,1,1,0,차대차 - 추돌,안전거리미확보,건조,맑음,교차로 - 교차로부근,화물,남,28세,상해없음,승용,여,53세,중상
2023030700100102,2023년 3월 7일 09시,화요일,충청북도 영동군 황간면,중상사고,0,1,0,0,차대차 - 추돌,안전운전불이행,건조,맑음,단일로 - 기타,승용,남,26세,상해없음,농기계,남,58세,중상
2023030700100155,2023년 3월 7일 11시,화요일,충청북도 청주시 서원구 개신동,중상사고,0,1,0,0,차대차 - 추돌,안전운전불이행,건조,맑음,단일로 - 지하차도(도로)내,승용,여,78세,상해없음,승용,여,50세,중상
2023030700100181,2023년 3월 7일 12시,화요일,충청북도 충주시 문화동,경상사고,0,0,1,0,차대차 - 측면충돌,안전운전불이행,건조,맑음,단일로 - 기타,승용,남,69세,상해없음,승용,남,55세,경상
2023030700100182,2023년 3월 7일 12시,화요일,충청북도 청주시 상당구 용암동,중상사고,0,1,0,0,차대사람 - 보도통행중,기타,건조,맑음,기타 - 기타,화물,남,56세,상해없음,보행자,여,62세,중상
2023030700100314,2023년 3월 7일 16시,화요일,충청북도 증평군 도안면,경상사고,0,0,2,0,차대차 - 추돌,안전운전불이행,건조,맑음,교차로 - 교차로부근,승용,남,55세,기타불명,승용,남,59세,경상
2023030700100348,2023년 3월 7일 17시,화요일,충청북도 청주시 흥덕구 송정동,경상사고,0,0,1,0,차대차 - 추돌,안전운전불이행,건조,맑음,교차로 - 교차로부근,승용,남,46세,상해없음,승용,남,37세,경상
2023030700100349,2023년 3월 7일 17시,화요일,충청북도 청주시 흥덕구 복대동,경상사고,0,0,5,0,차대차 - 추돌,안전운전불이행,건조,맑음,단일로 - 기타,승용,여,30세,경상,화물,남,63세,경상
2023030700100380,2023년 3월 7일 18시,화요일,충청북도 충주시 중앙탑면,중상사고,0,1,0,0,차대차 - 추돌,안전운전불이행,건조,흐림,단일로 - 기타,승용,남,46세,상해없음,화물,남,59세,중상
2023030700100418,2023년 3월 7일 19시,화요일,충청북도 청주시 상당구 용암동,중상사고,0,1,0,0,차대차 - 측면충돌,중앙선침범,건조,맑음,단일로 - 기타,이륜,남,54세,중상,승용,남,26세,상해없음
2023030700100451,2023년 3월 7일 20시,화요일,충청북도 청주시 청원구 오창읍,경상사고,0,0,1,0,차대차 - 기타,중앙선침범,건조,맑음,단일로 - 기타,승용,남,33세,상해없음,승용,남,44세,경상
2023030800100007,2023년 3월 8일 00시,수요일,충청북도 청주시 흥덕구 화계동,경상사고,0,0,1,0,차대차 - 측면충돌,안전거리미확보,건조,맑음,교차로 - 교차로부근,승용,남,37세,상해없음,승합,남,40세,경상
2023030800100039,2023년 3월 8일 05시,수요일,충청북도 충주시 봉방동,중상사고,0,1,0,0,차대차 - 측면충돌,중앙선침범,건조,맑음,교차로 - 교차로횡단보도내,승용,남,45세,상해없음,이륜,남,61세,중상
2023030800100040,2023년 3월 8일 05시,수요일,충청북도 음성군 대소면,중상사고,0,2,0,0,차대차 - 추돌,안전운전불이행,건조,맑음,단일로 - 기타,승용,여,24세,중상,농기계,남,58세,중상
2023030800100051,2023년 3월 8일 06시,수요일,충청북도 청주시 흥덕구 봉명동,경상사고,0,0,1,0,차대사람 - 횡단중,보행자보호의무위반,건조,맑음,교차로 - 교차로횡단보도내,승합,남,63세,상해없음,보행자,남,32세,경상
2023030800100070,2023년 3월 8일 07시,수요일,충청북도 청주시 흥덕구 복대동,경상사고,0,0,1,0,차대차 - 추돌,안전운전불이행,건조,맑음,단일로 - 기타,승용,남,54세,상해없음,승용,남,44세,경상
2023030800100071,2023년 3월 8일 07시,수요일,충청북도 청주시 흥덕구 오송읍,경상사고,0,0,1,0,차대차 - 측면충돌,안전거리미확보,건조,맑음,단일로 - 기타,화물,남,53세,기타불명,승용,남,32세,경상
2023030800100100,2023년 3월 8일 08시,수요일,충청북도 청주시 서원구 분평동,경상사고,0,0,1,0,차대차 - 추돌,안전거리미확보,건조,맑음,교차로 - 교차로부근,승용,남,33세,상해없음,승용,남,44세,경상
2023030800100137,2023년 3월 8일 09시,수요일,충청북도 청주시 상당구 명암동,중상사고,0,1,2,0,차대차 - 추돌,안전운전불이행,건조,맑음,단일로 - 기타,승용,여,54세,상해없음,승용,여,34세,중상
2023030800100163,2023년 3월 8일 10시,수요일,충청북도 청주시 흥덕구 봉명동,경상사고,0,0,2,0,차대차 - 측면충돌,안전운전불이행,건조,맑음,기타 - 기타,승용,남,61세,상해없음,승용,남,53세,경상
2023030800100198,2023년 3월 8일 11시,수요일,충청북도 충주시 성남동,부상신고사고,0,0,0,1,차대차 - 기타,교차로운행방법위반,건조,맑음,교차로 - 교차로안,이륜,여,78세,부상신고,승용,남,52세,상해없음
2023030800100199,2023년 3월 8일 11시,수요일,충청북도 청주시 흥덕구 지동동,경상사고,0,0,1,0,차대차 - 기타,신호위반,건조,맑음,교차로 - 교차로안,승용,남,35세,상해없음,승용,여,30세,경상
2023030800100222,2023년 3월 8일 12시,수요일,충청북도 제천시 금성면,사망사고,1,0,0,0,차량단독 - 도로외이탈 - 기타,안전운전불이행,건조,맑음,단일로 - 기타,승용,남,70세,사망,,,,
2023030800100223,2023년 3월 8일 12시,수요일,충청북도 청주시 흥덕구 송절동,경상사고,0,0,1,0,차대차 - 측면충돌,안전운전불이행,건조,맑음,단일로 - 기타,승용,남,71세,상해없음,이륜,남,33세,경상
2023030800100224,2023년 3월 8일 12시,수요일,충청북도 청주시 상당구 문의면,경상사고,0,0,1,0,차량단독 - 전도전복 - 전복,안전운전불이행,건조,맑음,단일로 - 기타,승용,남,71세,경상,,,,
2023030800100248,2023년 3월 8일 13시,수요일,충청북도 진천군 진천읍,경상사고,0,0,1,0,차대차 - 추돌,안전운전불이행,건조,맑음,단일로 - 기타,승용,남,63세,상해없음,화물,남,60세,경상
2023030800100297,2023년 3월 8일 15시,수요일,충청북도 청주시 상당구 금천동,경상사고,0,0,1,0,차대사람 - 보도통행중,기타,건조,맑음,교차로 - 교차로부근,승용,남,43세,상해없음,보행자,남,10세,경상
2023030800100327,2023년 3월 8일 16시,수요일,충청북도 증평군 증평읍,부상신고사고,0,0,0,1,차대사람 - 횡단중,신호위반,건조,맑음,교차로 - 교차로안,승용,여,51세,상해없음,보행자,여,32세,부상신고
2023030800100328,2023년 3월 8일 16시,수요일,충청북도 청주시 서원구 죽림동,경상사고,0,0,6,0,차대차 - 기타,안전운전불이행,건조,맑음,단일로 - 기타,건설기계,남,71세,상해없음,승용,남,37세,경상
2023030800100329,2023년 3월 8일 16시,수요일,충청북도 괴산군 장연면,중상사고,0,1,0,0,차대차 - 기타,안전거리미확보,건조,맑음,단일로 - 기타,화물,남,38세,상해없음,승용,여,48세,중상
2023030800100366,2023년 3월 8일 17시,수요일,충청북도 청주시 서원구 사창동,경상사고,0,0,1,0,차대차 - 기타,안전운전불이행,건조,맑음,교차로 - 교차로안,승용,남,38세,상해없음,자전거,남,71세,경상
2023030800100367,2023년 3월 8일 17시,수요일,충청북도 청주시 상당구 금천동,중상사고,0,1,0,0,차대차 - 측면충돌,안전거리미확보,건조,맑음,교차로 - 교차로안,승용,남,48세,상해없음,승용,여,25세,중상
2023030800100402,2023년 3월 8일 18시,수요일,충청북도 청주시 흥덕구 복대동,부상신고사고,0,0,0,1,차대사람 - 보도통행중,안전운전불이행,건조,맑음,기타 - 기타,승용,남,60세,상해없음,보행자,남,40세,부상신고
2023030800100403,2023년 3월 8일 18시,수요일,충청북도 청주시 흥덕구 봉명동,경상사고,0,0,2,0,차대차 - 기타,중앙선침범,젖음/습기,기타,단일로 - 기타,승용,남,71세,기타불명,이륜,남,48세,경상
2023030800100404,2023년 3월 8일 18시,수요일,충청북도 청주시 흥덕구 외북동,경상사고,0,0,1,0,차대차 - 기타,안전거리미확보,건조,맑음,교차로 - 교차로부근,승용,여,32세,경상,승용,여,56세,상해없음
2023030800100506,2023년 3월 8일 21시,수요일,충청북도 충주시 중앙탑면,경상사고,0,0,1,0,차대차 - 추돌,중앙선침범,건조,맑음,기타 - 기타,화물,남,54세,상해없음,승용,남,68세,경상
2023030800100507,2023년 3월 8일 21시,수요일,충청북도 청주시 흥덕구 외북동,경상사고,0,0,1,0,차대차 - 측면충돌,교차로운행방법위반,건조,맑음,교차로 - 교차로안,승용,여,63세,기타불명,승용,남,29세,경상
2023030800100517,2023년 3월 8일 22시,수요일,충청북도 청주시 흥덕구 봉명동,경상사고,0,0,5,0,차대차 - 정면충돌,안전운전불이행,건조,맑음,교차로 - 교차로안,승용,남,38세,상해없음,승용,남,67세,경상
2023030800100539,2023년 3월 8일 23시,수요일,충청북도 청주시 서원구 수곡동,경상사고,0,0,1,0,차대차 - 추돌,안전운전불이행,건조,맑음,단일로 - 기타,승용,남,19세,상해없음,이륜,남,40세,경상
2023030900100061,2023년 3월 9일 07시,목요일,충청북도 청주시 청원구 우암동,경상사고,0,0,1,0,차대차 - 추돌,안전운전불이행,건조,맑음,단일로 - 기타,승용,남,59세,상해없음,자전거,여,33세,경상
2023030900100062,2023년 3월 9일 07시,목요일,충청북도 충주시 연수동,경상사고,0,0,1,0,차대차 - 측면충돌,직진우회전진행방해,건조,맑음,교차로 - 교차로안,승용,남,39세,상해없음,승용,여,71세,경상
2023030900100126,2023년 3월 9일 09시,목요일,충청북도 제천시 모산동,경상사고,0,0,2,0,차대사람 - 차도통행중,안전운전불이행,건조,맑음,교차로 - 교차로부근,승용,여,22세,상해없음,보행자,여,22세,경상
2023030900100160,2023년 3월 9일 10시,목요일,충청북도 청주시 서원구 분평동,사망사고,1,0,0,0,차대차 - 측면충돌,안전운전불이행,건조,맑음,단일로 - 지하차도(도로)내,승용,여,53세,상해없음,자전거,남,46세,사망
2023030900100161,2023년 3월 9일 10시,목요일,충청북도 청주시 서원구 분평동,경상사고,0,0,1,0,차대사람 - 보도통행중,기타,건조,맑음,기타 - 기타,승용,여,53세,상해없음,보행자,남,4세,경상
2023030900100207,2023년 3월 9일 12시,목요일,충청북도 충주시 문화동,경상사고,0,0,1,0,차대차 - 측면충돌,신호위반,건조,맑음,교차로 - 교차로안,화물,남,81세,상해없음,화물,남,32세,경상
2023030900100208,2023년 3월 9일 12시,목요일,충청북도 청주시 흥덕구 봉명동,경상사고,0,0,1,0,차대차 - 기타,안전운전불이행,건조,맑음,단일로 - 기타,승용,남,58세,상해없음,이륜,남,46세,경상
2023030900100242,2023년 3월 9일 13시,목요일,충청북도 청주시 서원구 사직동,경상사고,0,0,1,0,차대차 - 측면충돌,안전운전불이행,건조,맑음,교차로 - 교차로부근,승용,남,55세,상해없음,승용,남,26세,경상
2023030900100269,2023년 3월 9일 14시,목요일,충청북도 청주시 청원구 내덕동,경상사고,0,0,1,0,차량단독 - 기타,안전거리미확보,건조,맑음,단일로 - 기타,승용,남,69세,상해없음,,,,
2023030900100328,2023년 3월 9일 16시,목요일,충청북도 옥천군 이원면,중상사고,0,1,1,0,차대사람 - 차도통행중,안전운전불이행,건조,맑음,단일로 - 기타,이륜,남,56세,경상,보행자,남,71세,중상
2023030900100329,2023년 3월 9일 16시,목요일,충청북도 청주시 흥덕구 운천동,부상신고사고,0,0,0,1,차대차 - 기타,안전거리미확보,건조,맑음,단일로 - 기타,승용,남,74세,상해없음,승용,남,21세,부상신고
2023030900100445,2023년 3월 9일 19시,목요일,충청북도 충주시 금릉동,경상사고,0,0,2,0,차대차 - 측면충돌,신호위반,건조,맑음,교차로 - 교차로안,이륜,남,60세,경상,승용,남,26세,경상
2023030900100446,2023년 3월 9일 19시,목요일,충청북도 청주시 흥덕구 복대동,경상사고,0,0,1,0,차대차 - 추돌,안전운전불이행,건조,맑음,단일로 - 기타,승용,남,48세,상해없음,원동기,남,40세,경상
2023030900100495,2023년 3월 9일 21시,목요일,충청북도 청주시 서원구 성화동,경상사고,0,0,1,0,차대사람 - 횡단중,보행자보호의무위반,건조,맑음,교차로 - 교차로횡단보도내,기타불명,기타불명,미분류,기타불명,보행자,남,45세,경상
2023031000100046,2023년 3월 10일 05시,금요일,충청북도 청주시 서원구 남이면,경상사고,0,0,1,0,차대차 - 추돌,안전운전불이행,건조,맑음,교차로 - 교차로부근,승용,남,74세,상해없음,승합,남,59세,경상
2023031000100108,2023년 3월 10일 08시,금요일,충청북도 음성군 맹동면,경상사고,0,0,2,0,차대차 - 측면충돌,교차로운행방법위반,건조,맑음,교차로 - 교차로안,화물,남,39세,경상,승용,여,61세,경상
2023031000100148,2023년 3월 10일 09시,금요일,충청북도 청주시 청원구 오창읍,경상사고,0,0,1,0,차대차 - 측면충돌,안전거리미확보,건조,맑음,교차로 - 교차로부근,화물,남,55세,상해없음,승용,남,54세,경상
2023031000100169,2023년 3월 10일 10시,금요일,충청북도 충주시 봉방동,경상사고,0,0,1,0,차대차 - 추돌,안전운전불이행,건조,맑음,교차로 - 교차로안,기타불명,기타불명,미분류,기타불명,자전거,남,70세,경상
2023031000100170,2023년 3월 10일 10시,금요일,충청북도 청주시 상당구 용정동,경상사고,0,0,1,0,차대차 - 기타,안전운전불이행,건조,맑음,교차로 - 교차로부근,승용,남,75세,상해없음,승용,남,46세,경상
2023031000100226,2023년 3월 10일 12시,금요일,충청북도 제천시 금성면,경상사고,0,0,1,0,차대차 - 측면충돌,신호위반,건조,맑음,교차로 - 교차로안,승용,여,43세,상해없음,화물,남,23세,경상
2023031000100227,2023년 3월 10일 12시,금요일,충청북도 음성군 음성읍,경상사고,0,0,1,0,차대차 - 기타,교차로운행방법위반,건조,맑음,교차로 - 교차로안,승용,여,47세,상해없음,이륜,남,38세,경상
2023031000100284,2023년 3월 10일 14시,금요일,충청북도 청주시 흥덕구 신봉동,경상사고,0,0,1,0,차대차 - 측면충돌,안전운전불이행,건조,맑음,단일로 - 기타,승용,남,39세,상해없음,승용,남,31세,경상
2023031000100314,2023년 3월 10일 15시,금요일,충청북도 청주시 흥덕구 강서동,경상사고,0,0,1,0,차대차 - 추돌,안전운전불이행,건조,맑음,단일로 - 기타,화물,남,56세,상해없음,화물,남,32세,상해없음
2023031000100347,2023년 3월 10일 16시,금요일,충청북도 제천시 신백동,부상신고사고,0,0,0,1,차대차 - 후진중충돌,안전운전불이행,건조,맑음,주차장 - 주차장,승용,남,63세,상해없음,이륜,남,21세,부상신고
2023031000100391,2023년 3월 10일 17시,금요일,충청북도 진천군 진천읍,경상사고,0,0,2,0,차대차 - 추돌,안전운전불이행,건조,맑음,단일로 - 터널,화물,남,46세,상해없음,승용,남,47세,경상
2023031000100392,2023년 3월 10일 17시,금요일,충청북도 청주시 흥덕구 신봉동,경상사고,0,0,1,0,차대차 - 추돌,안전운전불이행,건조,맑음,교차로 - 교차로부근,승용,여,44세,상해없음,승용,남,71세,경상
2023031000100440,2023년 3월 10일 18시,금요일,충청북도 청주시 흥덕구 비하동,경상사고,0,0,1,0,차대차 - 측면충돌,안전거리미확보,건조,맑음,교차로 - 교차로안,승용,여,54세,상해없음,승용,여,54세,경상
2023031000100492,2023년 3월 10일 19시,금요일,충청북도 충주시 대소원면,경상사고,0,0,1,0,차대사람 - 기타,신호위반,건조,흐림,기타 - 기타,승용,남,25세,상해없음,보행자,여,55세,경상
2023031000100493,2023년 3월 10일 19시,금요일,충청북도 충주시 봉방동,중상사고,0,1,3,0,차대차 - 추돌,안전운전불이행,건조,맑음,교차로 - 교차로부근,승용,남,19세,경상,승용,남,30세,상해없음
2023031000100494,2023년 3월 10일 19시,금요일,충청북도 충주시 성서동,경상사고,0,0,2,0,차대차 - 추돌,안전거리미확보,건조,맑음,교차로 - 교차로안,화물,남,55세,상해없음,승용,여,23세,경상
2023031000100495,2023년 3월 10일 19시,금요일,충청북도 괴산군 사리면,경상사고,0,0,3,0,차대차 - 추돌,안전거리미확보,건조,맑음,단일로 - 기타,승용,남,30세,경상,승용,남,29세,경상
2023031000100496,2023년 3월 10일 19시,금요일,충청북도 청주시 서원구 모충동,중상사고,0,1,0,0,차대차 - 정면충돌,중앙선침범,건조,흐림,교차로 - 교차로부근,이륜,남,65세,상해없음,자전거,여,63세,중상
2023031100100034,2023년 3월 11일 03시,토요일,충청북도 청주시 상당구 북문로1가,경상사고,0,0,1,0,차량단독 - 공작물충돌,안전운전불이행,건조,맑음,교차로 - 교차로부근,승용,남,63세,상해없음,,,,
2023031100100123,2023년 3월 11일 10시,토요일,충청북도 증평군 증평읍,경상사고,0,0,1,0,차대사람 - 횡단중,안전운전불이행,건조,맑음,교차로 - 교차로부근,승용,남,28세,상해없음,보행자,남,63세,경상
2023031100100192,2023년 3월 11일 12시,토요일,충청북도 청주시 상당구 용암동,경상사고,0,0,3,0,차대차 - 측면충돌,안전운전불이행,건조,맑음,교차로 - 교차로부근,승용,여,51세,상해없음,승용,남,62세,상해없음
2023031100100224,2023년 3월 11일 13시,토요일,충청북도 청주시 청원구 오창읍,경상사고,0,0,1,0,차량단독 - 기타,안전운전불이행,건조,맑음,교차로 - 교차로부근,승용,남,52세,경상,,,,
2023031100100272,2023년 3월 11일 14시,토요일,충청북도 청주시 흥덕구 강서동,경상사고,0,0,2,0,차대차 - 추돌,안전거리미확보,건조,맑음,단일로 - 기타,화물,남,63세,상해없음,승용,남,31세,경상
2023031100100315,2023년 3월 11일 15시,토요일,충청북도 충주시 동량면,경상사고,0,0,1,0,차대차 - 추돌,안전운전불이행,건조,맑음,교차로 - 교차로부근,화물,남,48세,기타불명,화물,남,69세,경상
2023031100100436,2023년 3월 11일 19시,토요일,충청북도 진천군 광혜원면,경상사고,0,0,1,0,차대사람 - 차도통행중,안전운전불이행,건조,맑음,단일로 - 기타,기타불명,기타불명,미분류,기타불명,보행자,남,64세,경상
2023031100100437,2023년 3월 11일 19시,토요일,충청북도 옥천군 군북면,경상사고,0,0,4,0,차대차 - 추돌,안전운전불이행,건조,맑음,기타 - 기타,승용,여,33세,상해없음,승합,남,64세,상해없음
2023031100100490,2023년 3월 11일 21시,토요일,충청북도 단양군 단양읍,중상사고,0,1,0,0,차대사람 - 횡단중,신호위반,건조,기타,교차로 - 교차로안,이륜,남,22세,상해없음,보행자,남,23세,중상
2023031100100491,2023년 3월 11일 21시,토요일,충청북도 청주시 흥덕구 가경동,경상사고,0,0,1,0,차대차 - 추돌,안전운전불이행,건조,맑음,단일로 - 기타,승합,남,47세,기타불명,승합,남,48세,경상
2023031200100004,2023년 3월 12일 00시,일요일,충청북도 청주시 청원구 오창읍,중상사고,0,4,0,0,차대차 - 추돌,안전운전불이행,건조,맑음,단일로 - 기타,승용,남,21세,상해없음,승용,남,20세,중상
2023031200100005,2023년 3월 12일 00시,일요일,충청북도 청주시 흥덕구 가경동,경상사고,0,0,2,0,차대차 - 측면충돌,안전운전불이행,건조,맑음,단일로 - 기타,승용,남,35세,상해없음,승용,남,24세,경상
2023031200100087,2023년 3월 12일 10시,일요일,충청북도 제천시 봉양읍,경상사고,0,0,1,0,차대차 - 측면충돌,안전운전불이행,젖음/습기,비,단일로 - 기타,화물,남,82세,상해없음,승용,여,36세,경상
2023031200100139,2023년 3월 12일 12시,일요일,충청북도 충주시 단월동,경상사고,0,0,3,0,차대차 - 기타,직진우회전진행방해,젖음/습기,비,교차로 - 교차로안,승용,남,54세,경상,승용,남,56세,경상
2023031200100267,2023년 3월 12일 17시,일요일,충청북도 충주시 달천동,경상사고,0,0,2,0,차대차 - 측면충돌,직진우회전진행방해,건조,맑음,교차로 - 교차로안,승용,여,68세,경상,화물,남,61세,경상
2023031200100307,2023년 3월 12일 19시,일요일,충청북도 증평군 증평읍,경상사고,0,0,1,0,차대사람 - 길가장자리구역통행중,안전운전불이행,건조,맑음,주차장 - 주차장,승용,남,36세,상해없음,보행자,여,51세,경상
2023031300100004,2023년 3월 13일 00시,월요일,충청북도 증평군 증평읍,중상사고,0,2,0,0,차대차 - 측면충돌,신호위반,건조,맑음,교차로 - 교차로부근,승용,여,51세,기타불명,승용,남,29세,중상
2023031300100012,2023년 3월 13일 03시,월요일,충청북도 충주시 수안보면,중상사고,0,1,2,0,차량단독 - 공작물충돌,안전운전불이행,건조,맑음,단일로 - 기타,승용,남,18세,상해없음,,,,
2023031300100052,2023년 3월 13일 07시,월요일,충청북도 청주시 청원구 북이면,경상사고,0,0,5,0,차대차 - 추돌,안전거리미확보,건조,맑음,교차로 - 교차로부근,승용,여,64세,기타불명,건설기계,남,61세,경상
2023031300100053,2023년 3월 13일 07시,월요일,충청북도 충주시 교현동,중상사고,0,1,0,0,차대사람 - 횡단중,안전운전불이행,건조,맑음,단일로 - 기타,승용,남,21세,상해없음,보행자,여,62세,중상
2023031300100092,2023년 3월 13일 08시,월요일,충청북도 청주시 흥덕구 복대동,경상사고,0,0,1,0,차대차 - 정면충돌,안전운전불이행,건조,맑음,교차로 - 교차로부근,승용,남,23세,상해없음,승용,여,41세,경상
2023031300100169,2023년 3월 13일 10시,월요일,충청북도 진천군 덕산읍,경상사고,0,0,1,0,차대차 - 측면충돌,안전운전불이행,건조,맑음,주차장 - 주차장,승용,여,40세,상해없음,승용,남,27세,상해없음
2023031300100202,2023년 3월 13일 11시,월요일,충청북도 청주시 서원구 분평동,경상사고,0,0,1,0,차대사람 - 보도통행중,안전운전불이행,건조,맑음,주차장 - 주차장,승합,남,71세,상해없음,보행자,여,23세,경상
2023031300100232,2023년 3월 13일 12시,월요일,충청북도 충주시 앙성면,경상사고,0,0,2,0,차대차 - 추돌,중앙선침범,건조,맑음,교차로 - 교차로부근,승용,남,36세,상해없음,승용,남,68세,경상
2023031300100233,2023년 3월 13일 12시,월요일,충청북도 청주시 서원구 모충동,경상사고,0,0,1,0,차대차 - 추돌,안전거리미확보,건조,맑음,교차로 - 교차로부근,승용,여,63세,상해없음,승용,남,55세,경상
2023031300100257,2023년 3월 13일 13시,월요일,충청북도 청주시 청원구 오창읍,사망사고,1,0,0,0,차대차 - 측면충돌,교차로운행방법위반,건조,맑음,교차로 - 교차로안,승용,남,56세,상해없음,이륜,남,65세,사망
2023031300100258,2023년 3월 13일 13시,월요일,충청북도 단양군 단양읍,경상사고,0,0,1,0,차대차 - 추돌,안전운전불이행,건조,맑음,주차장 - 주차장,화물,남,48세,기타불명,승용,여,39세,경상
2023031300100259,2023년 3월 13일 13시,월요일,충청북도 청주시 서원구 수곡동,경상사고,0,0,1,0,차대차 - 측면충돌,불법유턴,건조,맑음,교차로 - 교차로안,승용,남,63세,상해없음,이륜,남,35세,경상
2023031300100260,2023년 3월 13일 13시,월요일,충청북도 충주시 앙성면,중상사고,0,1,1,0,차대차 - 추돌,안전거리미확보,건조,맑음,단일로 - 터널,승합,남,48세,상해없음,승용,남,60세,중상