사고번호,사고일시,요일,시군구,사고내용,사망자수,중상자수,경상자수,부상신고자수,사고유형,법규위반,노면상태,기상상태,도로형태,가해운전자 차종,가해운전자 성별,가해운전자 연령,가해운전자 상해정도,피해운전자 차종,피해운전자 성별,피해운전자 연령,피해운전자 상해정도
2023031300100295,2023년 3월 13일 14시,월요일,충청북도 청주시 청원구 내덕동,중상사고,0,1,0,0,차대사람 - 기타,안전운전불이행,건조,맑음,교차로 - 교차로안,승용,남,77세,상해없음,보행자,여,75세,중상
2023031300100296,2023년 3월 13일 14시,월요일,충청북도 청주시 흥덕구 복대동,부상신고사고,0,0,0,1,차대사람 - 기타,보행자보호의무위반,건조,맑음,교차로 - 교차로횡단보도내,승용,여,43세,상해없음,보행자,남,6세,부상신고
2023031300100390,2023년 3월 13일 16시,월요일,충청북도 단양군 매포읍,경상사고,0,0,1,0,차대차 - 추돌,안전운전불이행,건조,맑음,교차로 - 교차로부근,건설기계,남,53세,경상,승용,남,79세,상해없음
2023031300100419,2023년 3월 13일 17시,월요일,충청북도 충주시 용관동,중상사고,0,1,0,0,차대차 - 기타,안전운전불이행,건조,맑음,단일로 - 기타,화물,남,66세,상해없음,승합,남,54세,상해없음
2023031300100420,2023년 3월 13일 17시,월요일,충청북도 청주시 서원구 현도면,경상사고,0,0,1,0,차대차 - 기타,안전운전불이행,건조,맑음,단일로 - 기타,승용,남,29세,상해없음,이륜,남,66세,경상
2023031300100457,2023년 3월 13일 18시,월요일,충청북도 진천군 이월면,경상사고,0,0,2,0,차대차 - 측면충돌,안전거리미확보,건조,맑음,단일로 - 기타,승합,남,47세,상해없음,승용,여,29세,경상
2023031300100492,2023년 3월 13일 19시,월요일,충청북도 청주시 흥덕구 복대동,경상사고,0,0,1,0,차대차 - 측면충돌,신호위반,건조,맑음,교차로 - 교차로부근,이륜,남,25세,상해없음,승용,남,57세,경상
2023031300100493,2023년 3월 13일 19시,월요일,충청북도 청주시 흥덕구 가경동,경상사고,0,0,1,0,차대차 - 측면충돌,안전운전불이행,건조,맑음,단일로 - 기타,승용,여,56세,상해없음,이륜,남,30세,경상
2023031300100494,2023년 3월 13일 19시,월요일,충청북도 청주시 흥덕구 봉명동,경상사고,0,0,1,0,차대차 - 기타,교차로운행방법위반,건조,맑음,단일로 - 기타,기타불명,기타불명,미분류,기타불명,승합,남,50세,상해없음
2023031300100522,2023년 3월 13일 20시,월요일,충청북도 청주시 흥덕구 가경동,경상사고,0,0,1,0,차대차 - 추돌,안전운전불이행,건조,맑음,단일로 - 기타,승합,남,32세,상해없음,승용,남,39세,경상
2023031300100547,2023년 3월 13일 21시,월요일,충청북도 청주시 흥덕구 봉명동,경상사고,0,0,1,0,차대차 - 측면충돌,안전운전불이행,건조,맑음,교차로 - 교차로횡단보도내,승용,남,50세,상해없음,승합,남,56세,상해없음
2023031300100548,2023년 3월 13일 21시,월요일,충청북도 청주시 서원구 수곡동,중상사고,0,1,0,0,차대사람 - 기타,안전운전불이행,건조,맑음,주차장 - 주차장,이륜,남,63세,상해없음,보행자,여,60세,중상
2023031300100569,2023년 3월 13일 22시,월요일,충청북도 청주시 상당구 가덕면,경상사고,0,0,1,0,차대차 - 측면충돌,안전거리미확보,건조,맑음,단일로 - 기타,승용,남,62세,상해없음,화물,남,43세,경상
2023031400100006,2023년 3월 14일 00시,화요일,충청북도 충주시 금릉동,경상사고,0,0,1,0,차대차 - 측면충돌,신호위반,건조,맑음,교차로 - 교차로안,승용,남,55세,상해없음,개인형이동수단(PM),남,49세,경상
2023031400100026,2023년 3월 14일 03시,화요일,충청북도 청주시 청원구 율량동,경상사고,0,0,1,0,차대차 - 기타,안전운전불이행,건조,맑음,기타 - 기타,승용,여,37세,기타불명,승용,남,21세,경상
2023031400100046,2023년 3월 14일 06시,화요일,충청북도 충주시 목행동,경상사고,0,0,1,0,차대차 - 측면충돌,교차로운행방법위반,건조,흐림,교차로 - 교차로안,화물,남,64세,상해없음,자전거,남,69세,경상
2023031400100047,2023년 3월 14일 06시,화요일,충청북도 진천군 이월면,경상사고,0,0,1,0,차대차 - 추돌,안전운전불이행,건조,맑음,교차로 - 교차로부근,승용,남,23세,상해없음,승용,여,56세,경상
2023031400100048,2023년 3월 14일 06시,화요일,충청북도 청주시 흥덕구 향정동,중상사고,0,1,0,0,차대차 - 기타,안전운전불이행,건조,맑음,교차로 - 교차로안,기타불명,기타불명,미분류,기타불명,자전거,남,32세,중상
2023031400100101,2023년 3월 14일 08시,화요일,충청북도 충주시 대소원면,경상사고,0,0,2,0,차대차 - 측면충돌,신호위반,건조,맑음,교차로 - 교차로안,승용,여,24세,경상,승용,남,40세,경상
2023031400100102,2023년 3월 14일 08시,화요일,충청북도 청주시 상당구 대성동,중상사고,0,1,0,0,차대사람 - 횡단중,안전운전불이행,건조,맑음,단일로 - 기타,화물,남,62세,상해없음,보행자,남,81세,중상
2023031400100103,2023년 3월 14일 08시,화요일,충청북도 청주시 서원구 수곡동,중상사고,0,1,0,1,차대차 - 측면충돌,안전운전불이행,건조,맑음,교차로 - 교차로안,승용,남,35세,부상신고,승용,여,58세,중상
2023031400100195,2023년 3월 14일 11시,화요일,충청북도 충주시 목행동,경상사고,0,0,2,0,차대차 - 측면충돌,안전거리미확보,건조,맑음,교차로 - 교차로부근,화물,남,54세,상해없음,화물,남,41세,경상
2023031400100196,2023년 3월 14일 11시,화요일,충청북도 청주시 상당구 탑동,경상사고,0,0,1,0,차대차 - 측면충돌,신호위반,건조,맑음,교차로 - 교차로부근,승용,남,82세,상해없음,승용,여,55세,경상
2023031400100225,2023년 3월 14일 12시,화요일,충청북도 청주시 상당구 용담동,경상사고,0,0,1,0,차대차 - 추돌,안전운전불이행,건조,맑음,단일로 - 터널,특수,남,39세,경상,화물,남,50세,상해없음
2023031400100252,2023년 3월 14일 13시,화요일,충청북도 진천군 초평면,경상사고,0,0,3,0,차대차 - 추돌,안전운전불이행,건조,맑음,단일로 - 기타,화물,남,43세,경상,화물,남,69세,상해없음
2023031400100281,2023년 3월 14일 14시,화요일,충청북도 청주시 청원구 외평동,경상사고,0,0,2,0,차대차 - 기타,차로위반,건조,맑음,단일로 - 교량,승용,여,41세,상해없음,화물,남,44세,경상
2023031400100282,2023년 3월 14일 14시,화요일,충청북도 보은군 보은읍,경상사고,0,0,1,0,차대차 - 측면충돌,교차로운행방법위반,건조,맑음,교차로 - 교차로안,승용,여,61세,상해없음,자전거,여,66세,경상
2023031400100324,2023년 3월 14일 15시,화요일,충청북도 진천군 진천읍,중상사고,0,1,0,0,차대차 - 추돌,안전운전불이행,건조,맑음,단일로 - 기타,승용,여,41세,상해없음,승용,여,57세,중상
2023031400100425,2023년 3월 14일 17시,화요일,충청북도 청주시 청원구 외하동,경상사고,0,0,3,0,차대차 - 측면충돌,안전거리미확보,건조,맑음,단일로 - 기타,승용,남,68세,상해없음,승용,남,34세,경상
2023031400100426,2023년 3월 14일 17시,화요일,충청북도 청주시 서원구 분평동,경상사고,0,0,1,0,차대차 - 측면충돌,안전거리미확보,건조,맑음,기타 - 기타,승합,남,44세,상해없음,승합,남,65세,상해없음
2023031400100511,2023년 3월 14일 19시,화요일,충청북도 청주시 서원구 개신동,경상사고,0,0,1,0,차대사람 - 차도통행중,안전운전불이행,건조,맑음,교차로 - 교차로부근,승용,여,48세,상해없음,보행자,여,7세,경상
2023031400100512,2023년 3월 14일 19시,화요일,충청북도 제천시 중앙로2가,중상사고,0,1,0,0,차대차 - 측면충돌,안전거리미확보,건조,맑음,교차로 - 교차로부근,승용,남,63세,상해없음,이륜,남,22세,중상
2023031400100539,2023년 3월 14일 20시,화요일,충청북도 청주시 흥덕구 봉명동,경상사고,0,0,1,0,차대사람 - 기타,보행자보호의무위반,건조,맑음,교차로 - 교차로안,승용,남,52세,상해없음,보행자,여,74세,경상
2023031400100540,2023년 3월 14일 20시,화요일,충청북도 청주시 흥덕구 오송읍,경상사고,0,0,1,0,차대차 - 측면충돌,신호위반,건조,맑음,교차로 - 교차로안,승용,남,30세,상해없음,승용,남,31세,경상
2023031400100555,2023년 3월 14일 21시,화요일,충청북도 청주시 서원구 사창동,경상사고,0,0,1,0,차대차 - 기타,신호위반,건조,맑음,교차로 - 교차로안,승용,여,31세,상해없음,승용,여,32세,경상
2023031400100556,2023년 3월 14일 21시,화요일,충청북도 충주시 연수동,경상사고,0,0,1,0,차대차 - 기타,중앙선침범,건조,맑음,교차로 - 교차로부근,이륜,남,29세,상해없음,승용,남,33세,경상
2023031400100574,2023년 3월 14일 22시,화요일,충청북도 충주시 봉방동,경상사고,0,0,1,0,차대차 - 측면충돌,안전운전불이행,건조,흐림,교차로 - 교차로안,승용,남,62세,상해없음,승용,남,28세,경상
2023031400100593,2023년 3월 14일 23시,화요일,충청북도 청주시 청원구 사천동,중상사고,0,1,0,0,차대차 - 측면충돌,신호위반,건조,맑음,교차로 - 교차로부근,승용,여,55세,상해없음,이륜,남,53세,중상
2023031400100594,2023년 3월 14일 23시,화요일,충청북도 음성군 금왕읍,경상사고,0,0,1,0,차대차 - 측면충돌,교차로운행방법위반,건조,맑음,교차로 - 교차로안,승용,남,48세,상해없음,승용,남,25세,경상
2023031500100045,2023년 3월 15일 06시,수요일,충청북도 옥천군 이원면,경상사고,0,0,1,0,차대차 - 추돌,안전운전불이행,건조,맑음,단일로 - 기타,승용,남,56세,상해없음,화물,남,64세,경상
2023031500100095,2023년 3월 15일 08시,수요일,충청북도 영동군 영동읍,중상사고,0,1,1,0,차대사람 - 횡단중,보행자보호의무위반,건조,맑음,단일로 - 기타,승용,남,38세,상해없음,보행자,남,11세,중상
2023031500100096,2023년 3월 15일 08시,수요일,충청북도 청주시 흥덕구 비하동,경상사고,0,0,1,0,차대사람 - 기타,안전운전불이행,건조,맑음,기타 - 기타,승용,남,54세,상해없음,보행자,남,8세,경상
2023031500100132,2023년 3월 15일 09시,수요일,충청북도 옥천군 동이면,경상사고,0,0,1,0,차대차 - 측면충돌,안전운전불이행,건조,맑음,교차로 - 교차로부근,승용,남,72세,상해없음,화물,남,73세,경상
2023031500100241,2023년 3월 15일 13시,수요일,충청북도 충주시 용산동,경상사고,0,0,2,0,차대차 - 기타,직진우회전진행방해,건조,맑음,교차로 - 교차로안,승용,남,58세,상해없음,승용,여,55세,경상
2023031500100261,2023년 3월 15일 14시,수요일,충청북도 음성군 금왕읍,중상사고,0,1,0,0,차대차 - 측면충돌,안전거리미확보,건조,맑음,단일로 - 기타,이륜,남,34세,중상,승용,여,56세,상해없음
2023031500100262,2023년 3월 15일 14시,수요일,충청북도 진천군 진천읍,경상사고,0,0,1,0,차대차 - 측면충돌,교차로운행방법위반,건조,맑음,교차로 - 교차로부근,승용,남,68세,상해없음,승용,남,23세,경상
2023031500100290,2023년 3월 15일 15시,수요일,충청북도 청주시 청원구 주중동,경상사고,0,0,1,0,차대차 - 측면충돌,안전운전불이행,건조,맑음,교차로 - 교차로부근,승용,여,48세,상해없음,승용,남,71세,경상
2023031500100291,2023년 3월 15일 15시,수요일,충청북도 충주시 주덕읍,경상사고,0,0,2,0,차대차 - 추돌,안전거리미확보,건조,맑음,단일로 - 기타,승용,여,53세,상해없음,화물,남,60세,경상
2023031500100292,2023년 3월 15일 15시,수요일,충청북도 충주시 연수동,경상사고,0,0,2,0,차대차 - 측면충돌,신호위반,건조,맑음,교차로 - 교차로안,승용,남,24세,상해없음,승용,남,65세,경상
2023031500100327,2023년 3월 15일 16시,수요일,충청북도 제천시 대랑동,부상신고사고,0,0,0,1,차량단독 - 공작물충돌,안전운전불이행,건조,맑음,단일로 - 기타,화물,남,64세,부상신고,,,,
2023031500100328,2023년 3월 15일 16시,수요일,충청북도 청주시 흥덕구 봉명동,부상신고사고,0,0,0,1,차대차 - 후진중충돌,안전운전불이행,건조,맑음,단일로 - 기타,승용,기타불명,미분류,기타불명,승용,여,31세,부상신고
2023031500100358,2023년 3월 15일 17시,수요일,충청북도 충주시 달천동,경상사고,0,0,2,0,차대차 - 측면충돌,중앙선침범,건조,맑음,단일로 - 기타,승용,여,65세,상해없음,승용,여,21세,경상
2023031500100399,2023년 3월 15일 18시,수요일,충청북도 제천시 장락동,경상사고,0,0,1,0,차대차 - 측면충돌,안전거리미확보,건조,맑음,단일로 - 기타,승용,남,75세,기타불명,화물,남,33세,경상
2023031500100400,2023년 3월 15일 18시,수요일,충청북도 청주시 상당구 남주동,경상사고,0,0,1,0,차대사람 - 길가장자리구역통행중,안전운전불이행,건조,맑음,기타 - 기타,화물,남,56세,상해없음,보행자,남,66세,경상
2023031500100401,2023년 3월 15일 18시,수요일,충청북도 청주시 서원구 분평동,중상사고,0,1,0,0,차대사람 - 횡단중,보행자보호의무위반,건조,맑음,교차로 - 교차로횡단보도내,승용,남,26세,상해없음,보행자,남,78세,중상
2023031500100436,2023년 3월 15일 19시,수요일,충청북도 보은군 탄부면,경상사고,0,0,1,0,차대차 - 추돌,안전운전불이행,건조,맑음,교차로 - 교차로안,승용,남,66세,상해없음,승용,여,41세,경상
2023031500100474,2023년 3월 15일 20시,수요일,충청북도 보은군 보은읍,중상사고,0,1,1,0,차대차 - 추돌,안전운전불이행,건조,맑음,단일로 - 기타,승용,여,28세,경상,건설기계,남,43세,중상
2023031500100524,2023년 3월 15일 22시,수요일,충청북도 청주시 청원구 오창읍,경상사고,0,0,2,0,차대차 - 추돌,안전운전불이행,건조,맑음,교차로 - 교차로부근,승용,여,27세,상해없음,승용,남,47세,경상
2023031500100525,2023년 3월 15일 22시,수요일,충청북도 청주시 서원구 사창동,경상사고,0,0,3,0,차대차 - 측면충돌,안전거리미확보,건조,맑음,단일로 - 기타,승용,남,42세,상해없음,승합,남,50세,경상
2023031600100004,2023년 3월 16일 00시,목요일,충청북도 청주시 청원구 주중동,경상사고,0,0,1,0,차대차 - 측면충돌,안전운전불이행,건조,맑음,단일로 - 기타,승용,남,32세,상해없음,승용,여,43세,경상
2023031600100013,2023년 3월 16일 01시,목요일,충청북도 청주시 상당구 용암동,경상사고,0,0,1,0,차대차 - 측면충돌,불법유턴,건조,맑음,단일로 - 기타,승용,남,18세,상해없음,승용,여,29세,경상
2023031600100039,2023년 3월 16일 06시,목요일,충청북도 진천군 진천읍,경상사고,0,0,1,0,차대차 - 측면충돌,안전운전불이행,건조,맑음,단일로 - 기타,승용,여,63세,상해없음,승합,남,64세,경상
2023031600100058,2023년 3월 16일 07시,목요일,충청북도 청주시 청원구 오창읍,경상사고,0,0,2,0,차대차 - 추돌,안전거리미확보,건조,맑음,단일로 - 기타,승용,남,28세,경상,건설기계,남,63세,경상
2023031600100059,2023년 3월 16일 07시,목요일,충청북도 청주시 청원구 내덕동,경상사고,0,0,2,0,차대차 - 추돌,안전거리미확보,건조,맑음,교차로 - 교차로안,승용,남,27세,경상,승용,남,41세,경상
2023031600100060,2023년 3월 16일 07시,목요일,충청북도 진천군 진천읍,경상사고,0,0,1,0,차대차 - 측면충돌,안전거리미확보,건조,맑음,단일로 - 기타,화물,남,71세,상해없음,승용,남,44세,경상
2023031600100093,2023년 3월 16일 08시,목요일,충청북도 청주시 청원구 오창읍,중상사고,0,1,0,0,차대사람 - 횡단중,보행자보호의무위반,건조,맑음,교차로 - 교차로안,화물,남,46세,상해없음,보행자,남,8세,중상
2023031600100094,2023년 3월 16일 08시,목요일,충청북도 충주시 성내동,중상사고,0,1,1,0,차대차 - 측면충돌,교차로운행방법위반,건조,맑음,교차로 - 교차로안,승용,여,38세,상해없음,원동기,여,80세,중상
2023031600100095,2023년 3월 16일 08시,목요일,충청북도 청주시 서원구 산남동,경상사고,0,0,1,0,차대차 - 기타,신호위반,건조,맑음,교차로 - 교차로안,승용,남,52세,상해없음,승용,여,24세,경상
2023031600100130,2023년 3월 16일 09시,목요일,충청북도 옥천군 군서면,사망사고,1,0,0,0,차량단독 - 전도전복 - 전도,안전운전불이행,건조,맑음,단일로 - 기타,승용,남,71세,사망,,,,
2023031600100201,2023년 3월 16일 12시,목요일,충청북도 충주시 성내동,경상사고,0,0,1,0,차대차 - 측면충돌,교차로운행방법위반,건조,맑음,교차로 - 교차로안,승용,남,59세,상해없음,승용,남,51세,경상
2023031600100202,2023년 3월 16일 12시,목요일,충청북도 청주시 흥덕구 복대동,중상사고,0,1,0,0,차대차 - 정면충돌,교차로운행방법위반,건조,맑음,교차로 - 교차로부근,승용,남,59세,상해없음,이륜,남,23세,중상
2023031600100255,2023년 3월 16일 14시,목요일,충청북도 청주시 흥덕구 강서동,경상사고,0,0,1,0,차대차 - 기타,신호위반,건조,맑음,단일로 - 기타,승용,여,23세,상해없음,승용,남,62세,경상
2023031600100357,2023년 3월 16일 17시,목요일,충청북도 증평군 증평읍,경상사고,0,0,1,0,차대사람 - 길가장자리구역통행중,안전운전불이행,건조,맑음,단일로 - 기타,화물,남,79세,상해없음,보행자,남,54세,경상
2023031600100391,2023년 3월 16일 18시,목요일,충청북도 청주시 청원구 오창읍,중상사고,0,1,0,0,차대차 - 기타,안전운전불이행,건조,맑음,교차로 - 교차로안,승용,남,39세,상해없음,이륜,남,34세,중상
2023031600100392,2023년 3월 16일 18시,목요일,충청북도 청주시 서원구 개신동,중상사고,0,1,1,0,차대차 - 측면충돌,신호위반,건조,맑음,교차로 - 교차로부근,승용,여,44세,경상,이륜,남,40세,중상
2023031600100452,2023년 3월 16일 20시,목요일,충청북도 청주시 청원구 사천동,경상사고,0,0,1,0,차대차 - 기타,기타,건조,맑음,교차로 - 교차로부근,승용,남,64세,상해없음,이륜,남,19세,경상
2023031600100453,2023년 3월 16일 20시,목요일,충청북도 제천시 고명동,경상사고,0,0,3,1,차대차 - 측면충돌,신호위반,건조,맑음,교차로 - 교차로안,승용,여,19세,부상신고,승합,남,40세,경상
2023031600100466,2023년 3월 16일 21시,목요일,충청북도 청주시 흥덕구 봉명동,경상사고,0,0,2,0,차대차 - 추돌,안전운전불이행,건조,맑음,단일로 - 기타,이륜,남,26세,기타불명,승용,여,57세,경상
2023031700100061,2023년 3월 17일 07시,금요일,충청북도 충주시 칠금동,경상사고,0,0,1,0,차대차 - 기타,안전거리미확보,건조,맑음,단일로 - 기타,승용,여,58세,상해없음,승용,여,50세,경상
2023031700100093,2023년 3월 17일 08시,금요일,충청북도 청주시 청원구 내수읍,경상사고,0,0,1,0,차대차 - 측면충돌,안전운전불이행,건조,맑음,주차장 - 주차장,승용,여,28세,상해없음,승용,여,42세,경상
2023031700100094,2023년 3월 17일 08시,금요일,충청북도 진천군 이월면,경상사고,0,0,1,0,차대차 - 측면충돌,안전운전불이행,건조,맑음,교차로 - 교차로부근,승용,여,53세,상해없음,화물,남,41세,경상
2023031700100129,2023년 3월 17일 09시,금요일,충청북도 제천시 청전동,중상사고,0,1,0,0,차대차 - 기타,안전운전불이행,건조,맑음,교차로 - 교차로안,화물,남,52세,상해없음,이륜,남,79세,중상
2023031700100188,2023년 3월 17일 11시,금요일,충청북도 충주시 봉방동,중상사고,0,1,3,0,차대차 - 측면충돌,직진우회전진행방해,건조,맑음,교차로 - 교차로안,승용,여,37세,중상,승용,남,73세,경상
2023031700100277,2023년 3월 17일 14시,금요일,충청북도 청주시 청원구 내수읍,중상사고,0,1,1,0,차대차 - 추돌,안전운전불이행,건조,맑음,단일로 - 기타,승용,여,74세,상해없음,승용,여,54세,중상
2023031700100278,2023년 3월 17일 14시,금요일,충청북도 제천시 왕암동,부상신고사고,0,0,0,1,차대차 - 기타,안전운전불이행,건조,맑음,단일로 - 기타,승용,남,18세,상해없음,이륜,남,82세,부상신고
2023031700100279,2023년 3월 17일 14시,금요일,충청북도 청주시 흥덕구 봉명동,경상사고,0,0,1,0,차대사람 - 차도통행중,안전운전불이행,건조,맑음,단일로 - 기타,승용,여,50세,상해없음,보행자,여,33세,경상
2023031700100280,2023년 3월 17일 14시,금요일,충청북도 청주시 서원구 개신동,경상사고,0,0,4,0,차대차 - 측면충돌,차로위반,건조,맑음,단일로 - 기타,승용,남,45세,경상,승용,남,27세,경상
2023031700100308,2023년 3월 17일 15시,금요일,충청북도 청주시 서원구 모충동,경상사고,0,0,1,0,차대차 - 정면충돌,안전운전불이행,건조,맑음,단일로 - 지하차도(도로)내,화물,남,38세,상해없음,자전거,여,67세,경상
2023031700100336,2023년 3월 17일 16시,금요일,충청북도 청주시 흥덕구 봉명동,경상사고,0,0,1,0,차대차 - 정면충돌,교차로운행방법위반,건조,맑음,교차로 - 교차로안,승용,남,25세,상해없음,승용,남,40세,경상
2023031700100337,2023년 3월 17일 16시,금요일,충청북도 청주시 흥덕구 봉명동,경상사고,0,0,1,0,차대차 - 측면충돌,안전운전불이행,건조,흐림,교차로 - 교차로부근,승용,여,58세,상해없음,승용,여,55세,경상
2023031700100374,2023년 3월 17일 17시,금요일,충청북도 진천군 덕산읍,경상사고,0,0,1,0,차대차 - 기타,안전운전불이행,건조,맑음,교차로 - 교차로안,화물,남,61세,기타불명,건설기계,남,50세,경상
2023031700100426,2023년 3월 17일 18시,금요일,충청북도 청주시 청원구 오창읍,경상사고,0,0,1,0,차대차 - 측면충돌,안전거리미확보,건조,맑음,교차로 - 교차로안,승용,여,37세,상해없음,승용,여,62세,경상
2023031700100427,2023년 3월 17일 18시,금요일,충청북도 충주시 칠금동,경상사고,0,0,1,0,차대차 - 측면충돌,안전운전불이행,건조,맑음,교차로 - 교차로안,승용,남,66세,상해없음,승용,남,40세,경상
2023031700100428,2023년 3월 17일 18시,금요일,충청북도 진천군 진천읍,경상사고,0,0,1,0,차대차 - 측면충돌,안전거리미확보,건조,맑음,단일로 - 기타,승용,남,62세,상해없음,승용,여,24세,경상
2023031700100429,2023년 3월 17일 18시,금요일,충청북도 청주시 서원구 모충동,경상사고,0,0,1,0,차대차 - 추돌,안전운전불이행,건조,맑음,단일로 - 기타,승용,여,45세,상해없음,승용,여,30세,경상
2023031700100430,2023년 3월 17일 18시,금요일,충청북도 음성군 감곡면,사망사고,1,1,0,4,차대차 - 추돌,안전운전불이행,건조,맑음,단일로 - 기타,화물,남,55세,사망,승용,남,31세,중상
2023031700100469,2023년 3월 17일 19시,금요일,충청북도 충주시 교현동,경상사고,0,0,1,0,차대차 - 측면충돌,교차로운행방법위반,건조,흐림,교차로 - 교차로안,승용,남,59세,상해없음,승용,여,50세,경상
2023031700100470,2023년 3월 17일 19시,금요일,충청북도 음성군 음성읍,경상사고,0,0,1,0,차대차 - 추돌,안전운전불이행,건조,맑음,단일로 - 기타,승용,여,66세,상해없음,농기계,남,61세,경상
2023031700100506,2023년 3월 17일 20시,금요일,충청북도 충주시 칠금동,중상사고,0,2,0,0,차대차 - 측면충돌,교차로운행방법위반,건조,맑음,교차로 - 교차로부근,화물,남,41세,상해없음,승용,여,63세,중상
2023031700100582,2023년 3월 17일 23시,금요일,충청북도 청주시 흥덕구 가경동,경상사고,0,0,1,0,차대사람 - 횡단중,안전운전불이행,건조,맑음,교차로 - 교차로부근,승용,남,68세,상해없음,보행자,남,26세,상해없음
2023031800100008,2023년 3월 18일 00시,토요일,충청북도 청주시 흥덕구 옥산면,사망사고,1,0,1,0,차대차 - 추돌,안전운전불이행,건조,맑음,단일로 - 기타,화물,남,51세,사망,화물,남,59세,경상
2023031800100053,2023년 3월 18일 08시,토요일,충청북도 청주시 상당구 남일면,중상사고,0,1,3,0,차대차 - 추돌,안전거리미확보,건조,맑음,단일로 - 지하차도(도로)내,화물,남,63세,상해없음,승용,남,45세,경상
2023031800100054,2023년 3월 18일 08시,토요일,충청북도 진천군 진천읍,경상사고,0,0,1,0,차대차 - 측면충돌,안전운전불이행,건조,맑음,단일로 - 기타,승용,남,62세,상해없음,승용,남,66세,경상
2023031800100067,2023년 3월 18일 09시,토요일,충청북도 제천시 하소동,경상사고,0,0,1,0,차대차 - 측면충돌,안전거리미확보,건조,맑음,교차로 - 교차로부근,승용,여,64세,기타불명,승용,남,40세,경상
2023031800100093,2023년 3월 18일 10시,토요일,충청북도 청주시 청원구 주성동,경상사고,0,0,1,0,차대차 - 정면충돌,신호위반,건조,맑음,교차로 - 교차로안,승용,남,42세,상해없음,화물,남,68세,경상
2023031800100133,2023년 3월 18일 11시,토요일,충청북도 청주시 청원구 율량동,경상사고,0,0,1,0,차대차 - 추돌,안전거리미확보,건조,맑음,기타 - 기타,화물,남,55세,상해없음,승용,남,40세,경상
2023031800100134,2023년 3월 18일 11시,토요일,충청북도 음성군 원남면,경상사고,0,0,1,0,차대차 - 측면충돌,신호위반,건조,맑음,교차로 - 교차로안,승용,남,26세,상해없음,승용,여,59세,경상
2023031800100135,2023년 3월 18일 11시,토요일,충청북도 청주시 흥덕구 가경동,경상사고,0,0,2,1,차대차 - 기타,안전운전불이행,건조,맑음,단일로 - 기타,승용,여,25세,상해없음,승용,남,46세,경상
2023031800100258,2023년 3월 18일 14시,토요일,충청북도 청주시 흥덕구 봉명동,중상사고,0,1,1,0,차대차 - 추돌,안전운전불이행,건조,맑음,교차로 - 교차로부근,승용,남,48세,상해없음,승용,남,47세,중상
2023031800100347,2023년 3월 18일 16시,토요일,충청북도 충주시 성내동,경상사고,0,0,1,0,차대차 - 추돌,안전거리미확보,건조,맑음,교차로 - 교차로안,승용,남,74세,상해없음,승용,여,66세,경상
2023031800100348,2023년 3월 18일 16시,토요일,충청북도 진천군 진천읍,경상사고,0,0,2,0,차대차 - 추돌,안전운전불이행,건조,맑음,교차로 - 교차로부근,승용,여,61세,상해없음,승용,남,50세,경상
2023031800100349,2023년 3월 18일 16시,토요일,충청북도 청주시 흥덕구 오송읍,중상사고,0,1,0,0,차대차 - 측면충돌,안전거리미확보,건조,맑음,교차로 - 교차로부근,승용,여,32세,상해없음,승용,남,28세,중상
2023031800100350,2023년 3월 18일 16시,토요일,충청북도 청주시 상당구 남일면,경상사고,0,0,3,0,차대차 - 측면충돌,안전운전불이행,건조,맑음,교차로 - 교차로안,승용,여,54세,상해없음,승용,여,54세,경상
2023031800100380,2023년 3월 18일 17시,토요일,충청북도 청주시 청원구 오창읍,중상사고,0,1,0,0,차대차 - 기타,교차로운행방법위반,건조,맑음,교차로 - 교차로안,승용,남,60세,상해없음,이륜,남,43세,중상
2023031800100499,2023년 3월 18일 21시,토요일,충청북도 청주시 청원구 우암동,경상사고,0,0,1,0,차대차 - 측면충돌,안전거리미확보,건조,맑음,교차로 - 교차로부근,승합,남,67세,상해없음,승용,여,50세,경상
2023031800100500,2023년 3월 18일 21시,토요일,충청북도 보은군 보은읍,경상사고,0,0,3,0,차대차 - 추돌,안전운전불이행,건조,맑음,단일로 - 기타,승용,남,21세,경상,화물,남,57세,경상
2023031800100501,2023년 3월 18일 21시,토요일,충청북도 청주시 흥덕구 가경동,경상사고,0,0,2,0,차대차 - 측면충돌,신호위반,건조,맑음,교차로 - 교차로안,승용,남,32세,기타불명,승용,여,23세,경상
2023031900100021,2023년 3월 19일 02시,일요일,충청북도 청주시 상당구 서운동,경상사고,0,0,1,0,차대차 - 추돌,안전운전불이행,건조,맑음,교차로 - 교차로부근,승용,남,63세,상해없음,승용,여,61세,경상
2023031900100063,2023년 3월 19일 09시,일요일,충청북도 청주시 서원구 남이면,사망사고,1,0,7,2,차대차 - 추돌,안전운전불이행,건조,맑음,단일로 - 기타,승합,남,57세,기타불명,승용,남,64세,상해없음
2023031900100124,2023년 3월 19일 12시,일요일,충청북도 청주시 흥덕구 복대동,경상사고,0,0,3,0,차대차 - 추돌,안전운전불이행,건조,맑음,단일로 - 기타,승용,남,35세,상해없음,승용,남,27세,경상