사고번호,사고일시,요일,시군구,사고내용,사망자수,중상자수,경상자수,부상신고자수,사고유형,법규위반,노면상태,기상상태,도로형태,가해운전자 차종,가해운전자 성별,가해운전자 연령,가해운전자 상해정도,피해운전자 차종,피해운전자 성별,피해운전자 연령,피해운전자 상해정도
2023032500100071,2023년 3월 25일 08시,토요일,충청북도 청주시 서원구 남이면,경상사고,0,0,20,0,차대차 - 추돌,안전운전불이행,건조,맑음,교차로 - 교차로부근,승용,남,23세,상해없음,승합,남,50세,상해없음
2023032500100151,2023년 3월 25일 11시,토요일,충청북도 제천시 중앙로1가,경상사고,0,0,1,0,차대차 - 기타,안전운전불이행,건조,맑음,교차로 - 교차로안,승용,남,54세,상해없음,이륜,남,46세,경상
2023032500100284,2023년 3월 25일 15시,토요일,충청북도 청주시 흥덕구 오송읍,경상사고,0,0,2,0,차대차 - 측면충돌,안전거리미확보,건조,맑음,교차로 - 교차로부근,승합,남,71세,상해없음,승용,남,18세,경상
2023032500100417,2023년 3월 25일 19시,토요일,충청북도 청주시 상당구 금천동,중상사고,0,1,1,0,차대차 - 측면충돌,안전운전불이행,건조,맑음,단일로 - 기타,승용,남,69세,경상,이륜,남,33세,중상
2023032500100469,2023년 3월 25일 21시,토요일,충청북도 청주시 상당구 북문로1가,경상사고,0,0,1,0,차대차 - 측면충돌,안전운전불이행,건조,맑음,단일로 - 지하차도(도로)내,승용,남,22세,상해없음,승용,남,60세,경상
2023032600100022,2023년 3월 26일 02시,일요일,충청북도 청주시 서원구 분평동,경상사고,0,0,1,0,차대차 - 측면충돌,안전운전불이행,건조,맑음,교차로 - 교차로부근,승용,남,51세,상해없음,승용,남,50세,경상
2023032600100141,2023년 3월 26일 12시,일요일,충청북도 청주시 흥덕구 가경동,경상사고,0,0,1,0,차대사람 - 횡단중,보행자보호의무위반,건조,맑음,교차로 - 교차로횡단보도내,승용,남,27세,상해없음,보행자,남,4세,경상
2023032600100142,2023년 3월 26일 12시,일요일,충청북도 청주시 상당구 용암동,중상사고,0,1,0,0,차대차 - 측면충돌,안전운전불이행,건조,맑음,교차로 - 교차로부근,이륜,남,51세,중상,승용,남,59세,상해없음
2023032600100171,2023년 3월 26일 13시,일요일,충청북도 청주시 서원구 사창동,경상사고,0,0,3,0,차대차 - 기타,교차로운행방법위반,건조,맑음,교차로 - 교차로안,승합,남,23세,상해없음,승용,남,41세,경상
2023032600100172,2023년 3월 26일 13시,일요일,충청북도 제천시 신월동,중상사고,0,1,0,0,차대차 - 측면충돌,신호위반,건조,맑음,교차로 - 교차로안,승용,여,51세,상해없음,승용,여,58세,중상
2023032600100173,2023년 3월 26일 13시,일요일,충청북도 청주시 흥덕구 복대동,경상사고,0,0,1,0,차대차 - 측면충돌,안전운전불이행,건조,맑음,교차로 - 교차로안,원동기,남,17세,상해없음,승용,여,65세,경상
2023032600100174,2023년 3월 26일 13시,일요일,충청북도 청주시 상당구 문화동,부상신고사고,0,0,0,1,차대사람 - 기타,안전운전불이행,건조,맑음,단일로 - 지하차도(도로)내,기타불명,기타불명,미분류,기타불명,보행자,남,18세,부상신고
2023032600100175,2023년 3월 26일 13시,일요일,충청북도 청주시 상당구 남일면,경상사고,0,0,3,0,차대차 - 측면충돌,안전운전불이행,건조,맑음,단일로 - 지하차도(도로)내,승용,남,71세,상해없음,승용,남,51세,경상
2023032600100212,2023년 3월 26일 14시,일요일,충청북도 충주시 지현동,경상사고,0,0,1,0,차대차 - 측면충돌,신호위반,건조,맑음,교차로 - 교차로안,원동기,남,27세,상해없음,승용,남,28세,경상
2023032600100213,2023년 3월 26일 14시,일요일,충청북도 청주시 서원구 장암동,경상사고,0,0,3,0,차대차 - 기타,기타,건조,맑음,단일로 - 기타,승용,남,60세,상해없음,승용,남,28세,경상
2023032600100258,2023년 3월 26일 15시,일요일,충청북도 충주시 지현동,중상사고,0,2,3,0,차대차 - 측면충돌,중앙선침범,건조,맑음,단일로 - 기타,원동기,남,69세,중상,승용,남,33세,경상
2023032600100259,2023년 3월 26일 15시,일요일,충청북도 진천군 덕산읍,중상사고,0,1,1,0,차대차 - 측면충돌,교차로운행방법위반,건조,맑음,교차로 - 교차로안,승용,남,60세,상해없음,원동기,남,39세,중상
2023032600100260,2023년 3월 26일 15시,일요일,충청북도 청주시 상당구 서문동,경상사고,0,0,1,0,차대차 - 측면충돌,안전운전불이행,건조,맑음,교차로 - 교차로안,승용,여,48세,상해없음,승용,남,22세,경상
2023032600100332,2023년 3월 26일 17시,일요일,충청북도 충주시 연수동,경상사고,0,0,1,0,차대사람 - 기타,안전운전불이행,건조,맑음,단일로 - 기타,승용,남,65세,상해없음,보행자,남,50세,경상
2023032600100333,2023년 3월 26일 17시,일요일,충청북도 보은군 수한면,경상사고,0,0,1,0,차대차 - 측면충돌,안전거리미확보,건조,맑음,단일로 - 기타,화물,남,69세,상해없음,화물,남,74세,경상
2023032600100356,2023년 3월 26일 18시,일요일,충청북도 청주시 흥덕구 복대동,부상신고사고,0,0,0,1,차대차 - 측면충돌,직진우회전진행방해,건조,맑음,교차로 - 교차로안,이륜,남,22세,부상신고,이륜,남,25세,상해없음
2023032600100357,2023년 3월 26일 18시,일요일,충청북도 청주시 상당구 용암동,경상사고,0,0,3,0,차대차 - 측면충돌,안전거리미확보,건조,맑음,교차로 - 교차로부근,승용,남,31세,경상,승용,남,55세,경상
2023032600100382,2023년 3월 26일 19시,일요일,충청북도 영동군 영동읍,경상사고,0,0,1,0,차대차 - 측면충돌,직진우회전진행방해,건조,맑음,교차로 - 교차로안,승용,남,56세,상해없음,승용,여,61세,상해없음
2023032600100383,2023년 3월 26일 19시,일요일,충청북도 청주시 상당구 금천동,경상사고,0,0,2,0,차대차 - 후진중충돌,안전운전불이행,건조,맑음,교차로 - 교차로부근,승합,여,42세,상해없음,승용,여,41세,기타불명
2023032600100409,2023년 3월 26일 20시,일요일,충청북도 청주시 서원구 분평동,경상사고,0,0,2,0,차대차 - 측면충돌,안전운전불이행,건조,맑음,단일로 - 기타,승용,남,47세,상해없음,승용,여,21세,경상
2023032600100452,2023년 3월 26일 22시,일요일,충청북도 청주시 흥덕구 복대동,경상사고,0,0,1,0,차대사람 - 횡단중,보행자보호의무위반,건조,맑음,단일로 - 기타,승용,여,52세,상해없음,보행자,남,28세,경상
2023032700100020,2023년 3월 27일 04시,월요일,충청북도 청주시 서원구 산남동,경상사고,0,0,1,0,차대차 - 측면충돌,안전운전불이행,건조,흐림,교차로 - 교차로부근,승용,남,25세,상해없음,승용,여,44세,경상
2023032700100037,2023년 3월 27일 06시,월요일,충청북도 청주시 흥덕구 가경동,경상사고,0,0,1,0,차대차 - 측면충돌,안전운전불이행,건조,맑음,단일로 - 기타,승합,남,31세,경상,승합,남,60세,상해없음
2023032700100053,2023년 3월 27일 07시,월요일,충청북도 청주시 서원구 분평동,중상사고,0,1,2,0,차대차 - 측면충돌,신호위반,건조,맑음,교차로 - 교차로안,승용,남,56세,경상,승용,남,70세,중상
2023032700100090,2023년 3월 27일 08시,월요일,충청북도 청주시 청원구 주중동,경상사고,0,0,1,0,차대차 - 측면충돌,중앙선침범,건조,맑음,단일로 - 기타,승합,남,79세,상해없음,승용,여,30세,경상
2023032700100091,2023년 3월 27일 08시,월요일,충청북도 청주시 청원구 율량동,경상사고,0,0,1,0,차대차 - 측면충돌,안전운전불이행,건조,맑음,단일로 - 기타,승용,남,86세,상해없음,화물,남,79세,경상
2023032700100133,2023년 3월 27일 09시,월요일,충청북도 청주시 상당구 서문동,경상사고,0,0,1,0,차대차 - 측면충돌,안전운전불이행,건조,맑음,교차로 - 교차로안,승용,남,43세,상해없음,화물,남,40세,경상
2023032700100152,2023년 3월 27일 10시,월요일,충청북도 청주시 청원구 주중동,중상사고,0,1,1,0,차대차 - 추돌,안전운전불이행,건조,맑음,교차로 - 교차로부근,화물,남,65세,중상,화물,남,59세,경상
2023032700100153,2023년 3월 27일 10시,월요일,충청북도 충주시 연수동,경상사고,0,0,1,0,차대차 - 기타,교차로운행방법위반,건조,맑음,교차로 - 교차로안,승용,여,75세,경상,승합,여,56세,상해없음
2023032700100154,2023년 3월 27일 10시,월요일,충청북도 증평군 증평읍,경상사고,0,0,1,0,차대차 - 추돌,안전운전불이행,건조,맑음,교차로 - 교차로안,승용,여,35세,상해없음,승용,여,36세,경상
2023032700100180,2023년 3월 27일 11시,월요일,충청북도 음성군 금왕읍,경상사고,0,0,4,0,차대차 - 추돌,안전거리미확보,건조,맑음,단일로 - 기타,화물,남,51세,경상,승합,남,65세,상해없음
2023032700100204,2023년 3월 27일 12시,월요일,충청북도 제천시 청전동,경상사고,0,0,1,0,차대차 - 추돌,기타,건조,맑음,단일로 - 기타,이륜,남,80세,경상,승용,여,68세,상해없음
2023032700100239,2023년 3월 27일 13시,월요일,충청북도 청주시 서원구 수곡동,경상사고,0,0,1,0,차대차 - 측면충돌,신호위반,건조,맑음,교차로 - 교차로횡단보도내,승용,여,60세,상해없음,자전거,남,63세,경상
2023032700100265,2023년 3월 27일 14시,월요일,충청북도 충주시 교현동,경상사고,0,0,1,0,차대차 - 측면충돌,신호위반,건조,맑음,교차로 - 교차로부근,승용,남,74세,상해없음,승용,남,37세,경상
2023032700100349,2023년 3월 27일 16시,월요일,충청북도 청주시 청원구 내덕동,경상사고,0,0,1,0,차대차 - 기타,안전운전불이행,건조,맑음,단일로 - 기타,승용,여,50세,상해없음,개인형이동수단(PM),남,49세,경상
2023032700100397,2023년 3월 27일 17시,월요일,충청북도 청주시 청원구 사천동,경상사고,0,0,1,0,차대차 - 측면충돌,중앙선침범,건조,맑음,단일로 - 기타,이륜,남,30세,상해없음,이륜,남,24세,경상
2023032700100398,2023년 3월 27일 17시,월요일,충청북도 보은군 회인면,경상사고,0,0,2,0,차대차 - 측면충돌,교차로운행방법위반,건조,맑음,교차로 - 교차로안,승용,여,36세,경상,승용,여,60세,상해없음
2023032700100442,2023년 3월 27일 18시,월요일,충청북도 청주시 청원구 내덕동,중상사고,0,1,0,0,차대사람 - 차도통행중,안전운전불이행,건조,맑음,단일로 - 기타,자전거,남,21세,상해없음,보행자,남,71세,중상
2023032700100443,2023년 3월 27일 18시,월요일,충청북도 제천시 천남동,경상사고,0,0,1,0,차대차 - 측면충돌,안전운전불이행,건조,맑음,교차로 - 교차로안,승용,남,69세,상해없음,승용,여,44세,경상
2023032700100528,2023년 3월 27일 21시,월요일,충청북도 진천군 광혜원면,경상사고,0,0,1,1,차대차 - 추돌,안전운전불이행,건조,맑음,단일로 - 기타,승용,남,52세,부상신고,승용,여,53세,경상
2023032800100039,2023년 3월 28일 06시,화요일,충청북도 청주시 서원구 죽림동,경상사고,0,0,1,0,차대차 - 측면충돌,안전운전불이행,건조,맑음,교차로 - 교차로부근,건설기계,남,57세,상해없음,승용,여,53세,경상
2023032800100040,2023년 3월 28일 06시,화요일,충청북도 청주시 흥덕구 신봉동,경상사고,0,0,1,0,차대차 - 측면충돌,신호위반,건조,맑음,교차로 - 교차로부근,화물,남,65세,상해없음,화물,남,67세,경상
2023032800100103,2023년 3월 28일 08시,화요일,충청북도 증평군 증평읍,중상사고,0,1,0,0,차대사람 - 횡단중,안전운전불이행,건조,맑음,교차로 - 교차로부근,승용,여,25세,기타불명,보행자,여,65세,중상
2023032800100104,2023년 3월 28일 08시,화요일,충청북도 보은군 보은읍,중상사고,0,1,0,0,차대차 - 정면충돌,중앙선침범,건조,맑음,교차로 - 교차로안,화물,남,35세,상해없음,승용,여,52세,중상
2023032800100105,2023년 3월 28일 08시,화요일,충청북도 청주시 흥덕구 가경동,부상신고사고,0,0,0,1,차대사람 - 횡단중,안전운전불이행,건조,맑음,교차로 - 교차로부근,기타불명,기타불명,미분류,기타불명,보행자,남,12세,부상신고
2023032800100142,2023년 3월 28일 09시,화요일,충청북도 보은군 보은읍,중상사고,0,7,1,0,차대차 - 정면충돌,중앙선침범,건조,맑음,단일로 - 기타,승용,남,66세,경상,승합,남,75세,중상
2023032800100143,2023년 3월 28일 09시,화요일,충청북도 청주시 상당구 방서동,경상사고,0,0,2,0,차대차 - 측면충돌,안전거리미확보,건조,맑음,단일로 - 기타,승용,남,56세,상해없음,승용,남,49세,경상
2023032800100174,2023년 3월 28일 10시,화요일,충청북도 청주시 청원구 사천동,경상사고,0,0,2,0,차대차 - 측면충돌,안전운전불이행,건조,맑음,교차로 - 교차로안,승용,여,43세,상해없음,승용,남,19세,경상
2023032800100175,2023년 3월 28일 10시,화요일,충청북도 충주시 문화동,경상사고,0,0,1,0,차대차 - 측면충돌,안전운전불이행,건조,맑음,단일로 - 기타,승용,여,39세,상해없음,승용,여,68세,경상
2023032800100304,2023년 3월 28일 14시,화요일,충청북도 청주시 서원구 남이면,경상사고,0,0,2,0,차대차 - 측면충돌,교차로운행방법위반,건조,맑음,교차로 - 교차로안,화물,남,31세,상해없음,승용,남,30세,경상
2023032800100377,2023년 3월 28일 16시,화요일,충청북도 청주시 상당구 문의면,경상사고,0,0,1,0,차대차 - 정면충돌,신호위반,건조,맑음,교차로 - 교차로안,승용,여,61세,상해없음,승용,여,55세,경상
2023032800100421,2023년 3월 28일 17시,화요일,충청북도 충주시 교현동,경상사고,0,0,1,0,차대차 - 기타,기타,건조,맑음,단일로 - 기타,승용,남,43세,상해없음,이륜,남,21세,경상
2023032800100456,2023년 3월 28일 18시,화요일,충청북도 증평군 증평읍,경상사고,0,0,1,0,차대사람 - 길가장자리구역통행중,안전운전불이행,건조,맑음,교차로 - 교차로부근,화물,남,63세,상해없음,보행자,남,42세,경상
2023032800100501,2023년 3월 28일 19시,화요일,충청북도 청주시 상당구 용암동,경상사고,0,0,1,0,차량단독 - 기타,안전운전불이행,건조,맑음,단일로 - 기타,승합,남,60세,상해없음,,,,
2023032900100089,2023년 3월 29일 08시,수요일,충청북도 제천시 장락동,경상사고,0,0,1,0,차대차 - 측면충돌,안전운전불이행,건조,맑음,교차로 - 교차로횡단보도내,개인형이동수단(PM),남,16세,경상,승용,여,48세,상해없음
2023032900100090,2023년 3월 29일 08시,수요일,충청북도 청주시 상당구 남일면,경상사고,0,0,1,0,차대차 - 측면충돌,안전거리미확보,건조,맑음,교차로 - 교차로부근,승용,남,81세,상해없음,승용,여,31세,경상
2023032900100091,2023년 3월 29일 08시,수요일,충청북도 청주시 상당구 용암동,중상사고,0,1,1,0,차대차 - 기타,안전거리미확보,건조,맑음,교차로 - 교차로부근,승용,여,29세,상해없음,승합,남,35세,상해없음
2023032900100127,2023년 3월 29일 09시,수요일,충청북도 단양군 적성면,중상사고,0,1,0,0,차대차 - 측면충돌,중앙선침범,건조,맑음,단일로 - 기타,승용,남,40세,상해없음,승용,여,44세,중상
2023032900100150,2023년 3월 29일 10시,수요일,충청북도 청주시 청원구 오창읍,중상사고,0,1,0,0,차대차 - 기타,교차로운행방법위반,건조,맑음,교차로 - 교차로안,화물,남,40세,상해없음,이륜,남,28세,중상
2023032900100151,2023년 3월 29일 10시,수요일,충청북도 음성군 금왕읍,경상사고,0,0,2,0,차대차 - 정면충돌,안전운전불이행,건조,맑음,교차로 - 교차로안,승용,남,60세,상해없음,화물,여,59세,경상
2023032900100152,2023년 3월 29일 10시,수요일,충청북도 청주시 청원구 오창읍,중상사고,0,1,1,0,차대차 - 추돌,안전거리미확보,건조,맑음,단일로 - 기타,화물,남,60세,상해없음,화물,남,41세,중상
2023032900100210,2023년 3월 29일 12시,수요일,충청북도 청주시 서원구 사창동,경상사고,0,0,1,0,차대차 - 측면충돌,차로위반,건조,맑음,교차로 - 교차로부근,승용,여,44세,상해없음,승용,남,28세,경상
2023032900100280,2023년 3월 29일 14시,수요일,충청북도 청주시 서원구 사직동,경상사고,0,0,1,0,차대차 - 측면충돌,안전거리미확보,건조,맑음,단일로 - 기타,승합,남,58세,상해없음,승용,여,56세,경상
2023032900100281,2023년 3월 29일 14시,수요일,충청북도 제천시 장락동,경상사고,0,0,1,0,차대사람 - 횡단중,보행자보호의무위반,건조,맑음,교차로 - 교차로횡단보도내,승용,여,56세,상해없음,보행자,여,46세,경상
2023032900100282,2023년 3월 29일 14시,수요일,충청북도 괴산군 괴산읍,부상신고사고,0,0,0,1,차대사람 - 횡단중,안전운전불이행,건조,맑음,교차로 - 교차로부근,화물,여,60세,상해없음,보행자,남,78세,부상신고
2023032900100283,2023년 3월 29일 14시,수요일,충청북도 청주시 흥덕구 봉명동,경상사고,0,0,1,0,차대차 - 측면충돌,안전운전불이행,건조,맑음,교차로 - 교차로부근,승용,남,51세,상해없음,이륜,남,26세,경상
2023032900100322,2023년 3월 29일 15시,수요일,충청북도 제천시 장락동,부상신고사고,0,0,0,1,차대사람 - 기타,안전운전불이행,건조,맑음,기타 - 기타,승용,남,66세,상해없음,보행자,남,65세,부상신고
2023032900100323,2023년 3월 29일 15시,수요일,충청북도 옥천군 옥천읍,경상사고,0,0,1,0,차대사람 - 기타,안전운전불이행,건조,맑음,주차장 - 주차장,승용,남,82세,상해없음,보행자,남,60세,경상
2023032900100324,2023년 3월 29일 15시,수요일,충청북도 청주시 상당구 용암동,경상사고,0,0,1,0,차대사람 - 횡단중,보행자보호의무위반,건조,맑음,교차로 - 교차로횡단보도내,승용,남,31세,상해없음,보행자,남,27세,경상
2023032900100392,2023년 3월 29일 17시,수요일,충청북도 청주시 흥덕구 봉명동,경상사고,0,0,1,0,차대사람 - 횡단중,중앙선침범,건조,흐림,단일로 - 기타,이륜,남,42세,상해없음,보행자,여,28세,경상
2023032900100393,2023년 3월 29일 17시,수요일,충청북도 청주시 흥덕구 복대동,중상사고,0,1,1,0,차대차 - 측면충돌,중앙선침범,건조,맑음,단일로 - 기타,승용,남,32세,상해없음,승용,남,51세,중상
2023032900100433,2023년 3월 29일 18시,수요일,충청북도 청주시 흥덕구 옥산면,경상사고,0,0,1,0,차대차 - 기타,중앙선침범,건조,맑음,교차로 - 교차로부근,특수,남,28세,상해없음,승용,남,28세,경상
2023032900100434,2023년 3월 29일 18시,수요일,충청북도 청주시 상당구 서문동,경상사고,0,0,1,0,차대사람 - 차도통행중,안전운전불이행,건조,맑음,단일로 - 지하차도(도로)내,승용,남,59세,상해없음,보행자,남,41세,경상
2023032900100435,2023년 3월 29일 18시,수요일,충청북도 청주시 상당구 금천동,경상사고,0,0,1,0,차대차 - 측면충돌,안전운전불이행,건조,맑음,주차장 - 주차장,이륜,남,25세,경상,승용,여,51세,상해없음
2023032900100481,2023년 3월 29일 19시,수요일,충청북도 청주시 청원구 오창읍,중상사고,0,1,0,0,차대차 - 정면충돌,신호위반,건조,맑음,교차로 - 교차로안,이륜,남,37세,상해없음,이륜,남,65세,중상
2023032900100482,2023년 3월 29일 19시,수요일,충청북도 청주시 흥덕구 복대동,경상사고,0,0,1,0,차대차 - 기타,안전거리미확보,건조,맑음,교차로 - 교차로부근,승용,남,27세,상해없음,승용,남,52세,경상
2023032900100504,2023년 3월 29일 20시,수요일,충청북도 충주시 연수동,경상사고,0,0,1,0,차대차 - 정면충돌,안전운전불이행,건조,맑음,교차로 - 교차로안,승용,남,40세,상해없음,이륜,남,37세,경상
2023033000100046,2023년 3월 30일 05시,목요일,충청북도 음성군 삼성면,사망사고,1,2,4,0,차대차 - 기타,기타,건조,맑음,단일로 - 기타,특수,남,52세,상해없음,화물,남,52세,경상
2023033000100052,2023년 3월 30일 06시,목요일,충청북도 청주시 흥덕구 가경동,경상사고,0,0,1,0,차대차 - 측면충돌,안전운전불이행,건조,맑음,단일로 - 기타,화물,남,66세,상해없음,승용,남,67세,상해없음
2023033000100053,2023년 3월 30일 06시,목요일,충청북도 청주시 서원구 남이면,경상사고,0,0,2,0,차대차 - 측면충돌,안전운전불이행,건조,맑음,단일로 - 기타,화물,남,34세,상해없음,승용,남,53세,경상
2023033000100075,2023년 3월 30일 07시,목요일,충청북도 청주시 서원구 사직동,경상사고,0,0,1,0,차대차 - 추돌,안전거리미확보,건조,맑음,교차로 - 교차로부근,승합,남,29세,상해없음,화물,남,60세,경상
2023033000100104,2023년 3월 30일 08시,목요일,충청북도 괴산군 칠성면,중상사고,0,1,1,0,차량단독 - 공작물충돌,안전운전불이행,건조,맑음,단일로 - 기타,승용,남,67세,경상,,,,
2023033000100105,2023년 3월 30일 08시,목요일,충청북도 청주시 상당구 용담동,경상사고,0,0,6,0,차대차 - 추돌,기타,건조,맑음,단일로 - 지하차도(도로)내,승합,남,63세,상해없음,승용,여,55세,경상
2023033000100106,2023년 3월 30일 08시,목요일,충청북도 청주시 서원구 수곡동,경상사고,0,0,2,0,차대차 - 추돌,안전거리미확보,건조,맑음,교차로 - 교차로부근,승용,남,30세,상해없음,승용,여,46세,경상
2023033000100145,2023년 3월 30일 09시,목요일,충청북도 제천시 중앙로2가,중상사고,0,1,0,0,차대사람 - 횡단중,보행자보호의무위반,건조,맑음,교차로 - 교차로횡단보도내,이륜,남,60세,상해없음,보행자,여,69세,중상
2023033000100146,2023년 3월 30일 09시,목요일,충청북도 진천군 진천읍,경상사고,0,0,2,0,차대차 - 측면충돌,신호위반,건조,맑음,교차로 - 교차로안,승용,여,52세,상해없음,승용,여,30세,경상
2023033000100147,2023년 3월 30일 09시,목요일,충청북도 진천군 백곡면,경상사고,0,0,4,0,차대차 - 측면충돌,교차로운행방법위반,건조,맑음,교차로 - 교차로안,승용,여,73세,경상,승용,남,61세,경상
2023033000100174,2023년 3월 30일 10시,목요일,충청북도 제천시 서부동,경상사고,0,0,2,0,차대차 - 측면충돌,신호위반,건조,맑음,교차로 - 교차로안,자전거,남,79세,경상,승용,남,71세,경상
2023033000100207,2023년 3월 30일 11시,목요일,충청북도 청주시 서원구 성화동,부상신고사고,0,0,0,1,차대차 - 기타,안전운전불이행,건조,맑음,기타 - 기타,이륜,남,35세,부상신고,승용,여,42세,상해없음
2023033000100317,2023년 3월 30일 15시,목요일,충청북도 단양군 단양읍,경상사고,0,0,1,0,차대차 - 기타,안전운전불이행,건조,맑음,주차장 - 주차장,승용,여,61세,상해없음,승용,남,26세,경상
2023033000100358,2023년 3월 30일 16시,목요일,충청북도 진천군 덕산읍,사망사고,1,0,0,0,차량단독 - 도로외이탈 - 추락,안전운전불이행,건조,맑음,단일로 - 기타,농기계,남,61세,상해없음,,,,
2023033000100359,2023년 3월 30일 16시,목요일,충청북도 청주시 흥덕구 강서동,중상사고,0,1,0,0,차대사람 - 횡단중,보행자보호의무위반,건조,맑음,교차로 - 교차로횡단보도내,승용,남,47세,상해없음,보행자,여,81세,중상
2023033000100396,2023년 3월 30일 17시,목요일,충청북도 옥천군 이원면,경상사고,0,0,2,0,차대차 - 후진중충돌,안전운전불이행,건조,맑음,교차로 - 교차로부근,농기계,남,63세,상해없음,승용,여,51세,경상
2023033000100483,2023년 3월 30일 19시,목요일,충청북도 청주시 상당구 북문로2가,경상사고,0,0,1,0,차량단독 - 기타,안전운전불이행,건조,맑음,단일로 - 기타,승합,남,35세,상해없음,,,,
2023033000100484,2023년 3월 30일 19시,목요일,충청북도 청주시 흥덕구 봉명동,경상사고,0,0,1,0,차대차 - 후진중충돌,안전운전불이행,건조,맑음,기타 - 기타,기타불명,기타불명,미분류,기타불명,개인형이동수단(PM),여,36세,경상
2023033000100485,2023년 3월 30일 19시,목요일,충청북도 청주시 상당구 용암동,경상사고,0,0,1,0,차대사람 - 횡단중,안전운전불이행,건조,맑음,교차로 - 교차로안,승용,여,42세,상해없음,보행자,여,67세,경상
2023033000100516,2023년 3월 30일 20시,목요일,충청북도 청주시 상당구 용암동,경상사고,0,0,1,0,차대차 - 측면충돌,신호위반,건조,흐림,교차로 - 교차로안,이륜,남,22세,상해없음,승합,남,59세,경상
2023033000100538,2023년 3월 30일 21시,목요일,충청북도 청주시 흥덕구 강내면,중상사고,0,1,3,0,차대차 - 측면충돌,안전운전불이행,건조,맑음,교차로 - 교차로부근,승용,여,59세,상해없음,승용,여,60세,중상
2023033000100539,2023년 3월 30일 21시,목요일,충청북도 청주시 서원구 수곡동,경상사고,0,0,1,0,차대사람 - 횡단중,보행자보호의무위반,건조,맑음,교차로 - 교차로횡단보도내,승용,남,38세,상해없음,보행자,남,42세,경상
2023033000100567,2023년 3월 30일 22시,목요일,충청북도 청주시 서원구 모충동,경상사고,0,0,2,0,차대차 - 측면충돌,신호위반,건조,맑음,교차로 - 교차로부근,승용,남,55세,경상,승용,남,28세,경상
2023033100100006,2023년 3월 31일 00시,금요일,충청북도 보은군 보은읍,중상사고,0,2,2,0,차대차 - 정면충돌,신호위반,건조,맑음,교차로 - 교차로안,화물,남,27세,경상,승용,여,52세,중상
2023033100100025,2023년 3월 31일 03시,금요일,충청북도 청주시 흥덕구 복대동,중상사고,0,1,0,0,차대사람 - 기타,중앙선침범,건조,맑음,단일로 - 기타,자전거,남,31세,상해없음,보행자,남,26세,중상
2023033100100028,2023년 3월 31일 04시,금요일,충청북도 청주시 흥덕구 옥산면,중상사고,0,1,0,0,차대차 - 기타,신호위반,건조,맑음,교차로 - 교차로안,화물,남,60세,상해없음,승용,남,34세,중상
2023033100100055,2023년 3월 31일 07시,금요일,충청북도 청주시 흥덕구 오송읍,경상사고,0,0,1,0,차대차 - 측면충돌,교차로운행방법위반,건조,맑음,교차로 - 교차로안,승용,남,44세,기타불명,승용,남,48세,경상
2023033100100082,2023년 3월 31일 08시,금요일,충청북도 옥천군 옥천읍,중상사고,0,1,0,0,차대차 - 측면충돌,교차로운행방법위반,건조,맑음,교차로 - 교차로안,승용,여,40세,상해없음,이륜,남,66세,중상
2023033100100170,2023년 3월 31일 10시,금요일,충청북도 영동군 추풍령면,중상사고,0,2,0,0,차대차 - 측면충돌,신호위반,건조,맑음,교차로 - 교차로안,화물,남,38세,상해없음,이륜,남,62세,중상
2023033100100171,2023년 3월 31일 10시,금요일,충청북도 증평군 증평읍,경상사고,0,0,1,0,차대차 - 측면충돌,안전운전불이행,건조,맑음,교차로 - 교차로안,자전거,남,78세,경상,승용,남,79세,상해없음
2023033100100172,2023년 3월 31일 10시,금요일,충청북도 옥천군 옥천읍,경상사고,0,0,1,0,차대차 - 측면충돌,안전거리미확보,건조,맑음,단일로 - 기타,화물,남,63세,상해없음,승용,남,34세,경상
2023033100100173,2023년 3월 31일 10시,금요일,충청북도 청주시 서원구 남이면,중상사고,0,5,4,0,차대차 - 추돌,안전운전불이행,건조,맑음,단일로 - 기타,승용,남,42세,중상,승용,남,57세,경상
2023033100100212,2023년 3월 31일 11시,금요일,충청북도 충주시 연수동,경상사고,0,0,1,0,차대차 - 측면충돌,안전운전불이행,건조,맑음,단일로 - 기타,승용,남,56세,상해없음,승용,남,40세,경상
2023033100100213,2023년 3월 31일 11시,금요일,충청북도 괴산군 감물면,중상사고,0,2,1,0,차대차 - 측면충돌,기타,건조,맑음,교차로 - 교차로안,승용,여,53세,중상,승용,남,70세,중상
2023033100100237,2023년 3월 31일 12시,금요일,충청북도 충주시 성내동,경상사고,0,0,1,0,차대차 - 추돌,안전운전불이행,건조,맑음,단일로 - 기타,승용,여,70세,상해없음,승용,남,73세,경상
2023033100100270,2023년 3월 31일 13시,금요일,충청북도 청주시 청원구 율량동,경상사고,0,0,2,0,차대차 - 후진중충돌,안전운전불이행,건조,맑음,단일로 - 기타,승용,남,57세,상해없음,승용,여,35세,경상
2023033100100271,2023년 3월 31일 13시,금요일,충청북도 충주시 문화동,경상사고,0,0,1,0,차대사람 - 기타,안전운전불이행,건조,맑음,단일로 - 기타,승용,여,46세,상해없음,보행자,남,69세,경상
2023033100100272,2023년 3월 31일 13시,금요일,충청북도 청주시 서원구 산남동,경상사고,0,0,1,0,차대차 - 후진중충돌,안전운전불이행,건조,맑음,교차로 - 교차로안,승용,남,38세,상해없음,원동기,남,54세,경상