사고번호,사고일시,요일,시군구,사고내용,사망자수,중상자수,경상자수,부상신고자수,사고유형,법규위반,노면상태,기상상태,도로형태,가해운전자 차종,가해운전자 성별,가해운전자 연령,가해운전자 상해정도,피해운전자 차종,피해운전자 성별,피해운전자 연령,피해운전자 상해정도
2023050800100483,2023년 5월 8일 17시,월요일,충청북도 청주시 서원구 수곡동,중상사고,0,1,0,0,차대차 - 측면충돌,신호위반,건조,맑음,교차로 - 교차로부근,승용,여,47세,상해없음,원동기,남,44세,중상
2023050800100528,2023년 5월 8일 18시,월요일,충청북도 옥천군 동이면,사망사고,1,3,1,0,차대차 - 추돌,안전운전불이행,건조,맑음,단일로 - 기타,화물,남,52세,사망,승용,남,76세,상해없음
2023050800100569,2023년 5월 8일 19시,월요일,충청북도 음성군 금왕읍,경상사고,0,0,1,0,차대차 - 기타,안전운전불이행,건조,맑음,단일로 - 기타,승용,남,49세,상해없음,자전거,남,12세,경상
2023050800100597,2023년 5월 8일 20시,월요일,충청북도 청주시 흥덕구 비하동,경상사고,0,0,2,0,차대차 - 추돌,차로위반,건조,맑음,단일로 - 기타,이륜,남,19세,경상,원동기,남,25세,경상
2023050800100622,2023년 5월 8일 21시,월요일,충청북도 청주시 청원구 내덕동,중상사고,0,1,1,0,차대차 - 추돌,안전운전불이행,건조,맑음,단일로 - 기타,승용,남,39세,경상,특수,남,31세,기타불명
2023050800100623,2023년 5월 8일 21시,월요일,충청북도 청주시 청원구 오창읍,중상사고,0,1,0,0,차대차 - 기타,안전거리미확보,건조,맑음,교차로 - 교차로안,승용,남,18세,상해없음,승용,남,63세,중상
2023050800100624,2023년 5월 8일 21시,월요일,충청북도 충주시 연수동,경상사고,0,0,1,0,차대차 - 측면충돌,안전운전불이행,건조,맑음,단일로 - 기타,승용,남,47세,상해없음,승합,남,54세,경상
2023050800100647,2023년 5월 8일 22시,월요일,충청북도 음성군 대소면,경상사고,0,0,2,0,차대차 - 기타,신호위반,건조,맑음,교차로 - 교차로안,승용,여,31세,경상,승용,남,33세,경상
2023050900100008,2023년 5월 9일 00시,화요일,충청북도 청주시 흥덕구 복대동,경상사고,0,0,2,0,차대차 - 정면충돌,신호위반,건조,맑음,교차로 - 교차로부근,승용,남,31세,상해없음,승용,남,49세,상해없음
2023050900100019,2023년 5월 9일 01시,화요일,충청북도 음성군 맹동면,중상사고,0,1,0,0,차대차 - 기타,안전운전불이행,건조,맑음,단일로 - 기타,이륜,남,17세,중상,승용,남,27세,상해없음
2023050900100020,2023년 5월 9일 01시,화요일,충청북도 청주시 청원구 오창읍,중상사고,0,1,2,0,차대차 - 추돌,안전운전불이행,건조,맑음,기타 - 기타,화물,남,37세,경상,화물,남,58세,중상
2023050900100035,2023년 5월 9일 04시,화요일,충청북도 충주시 금릉동,경상사고,0,0,1,0,차대차 - 추돌,안전운전불이행,건조,맑음,교차로 - 교차로부근,승용,여,46세,상해없음,화물,남,39세,경상
2023050900100095,2023년 5월 9일 08시,화요일,충청북도 제천시 봉양읍,경상사고,0,0,2,0,차대차 - 측면충돌,직진우회전진행방해,건조,맑음,교차로 - 교차로안,건설기계,남,65세,경상,건설기계,남,52세,경상
2023050900100134,2023년 5월 9일 09시,화요일,충청북도 제천시 신월동,중상사고,0,1,3,0,차대차 - 추돌,안전운전불이행,건조,맑음,단일로 - 기타,승용,남,33세,중상,화물,남,31세,경상
2023050900100135,2023년 5월 9일 09시,화요일,충청북도 청주시 흥덕구 신봉동,경상사고,0,0,1,0,차대차 - 측면충돌,안전운전불이행,건조,맑음,단일로 - 기타,승용,여,64세,상해없음,건설기계,남,58세,경상
2023050900100136,2023년 5월 9일 09시,화요일,충청북도 청주시 흥덕구 송정동,경상사고,0,0,4,0,차대차 - 추돌,안전운전불이행,건조,맑음,교차로 - 교차로부근,화물,남,51세,기타불명,승용,남,27세,경상
2023050900100137,2023년 5월 9일 09시,화요일,충청북도 청주시 서원구 분평동,경상사고,0,0,1,0,차대차 - 정면충돌,교차로운행방법위반,건조,맑음,교차로 - 교차로안,승용,여,68세,상해없음,승용,남,65세,경상
2023050900100171,2023년 5월 9일 10시,화요일,충청북도 충주시 산척면,경상사고,0,0,1,0,차대차 - 측면충돌,안전운전불이행,건조,맑음,단일로 - 기타,화물,남,68세,상해없음,화물,남,58세,경상
2023050900100172,2023년 5월 9일 10시,화요일,충청북도 제천시 화산동,경상사고,0,0,1,0,차대차 - 측면충돌,기타,건조,맑음,단일로 - 기타,승용,남,72세,상해없음,승용,남,61세,경상
2023050900100173,2023년 5월 9일 10시,화요일,충청북도 청주시 흥덕구 비하동,중상사고,0,1,0,0,차대사람 - 보도통행중,안전운전불이행,건조,맑음,단일로 - 기타,자전거,남,21세,상해없음,보행자,여,81세,중상
2023050900100211,2023년 5월 9일 11시,화요일,충청북도 제천시 하소동,부상신고사고,0,0,0,1,차대차 - 추돌,안전거리미확보,건조,맑음,단일로 - 기타,자전거,남,76세,부상신고,승용,남,36세,상해없음
2023050900100240,2023년 5월 9일 12시,화요일,충청북도 청주시 서원구 사창동,중상사고,0,1,1,0,차대차 - 기타,신호위반,건조,맑음,단일로 - 기타,승용,남,66세,경상,이륜,남,60세,중상
2023050900100241,2023년 5월 9일 12시,화요일,충청북도 음성군 대소면,중상사고,0,1,1,0,차대차 - 정면충돌,중앙선침범,건조,맑음,단일로 - 기타,승용,남,29세,경상,화물,남,60세,중상
2023050900100305,2023년 5월 9일 14시,화요일,충청북도 청주시 청원구 오창읍,경상사고,0,0,2,0,차대차 - 측면충돌,안전운전불이행,건조,맑음,단일로 - 지하차도(도로)내,승용,여,41세,경상,승용,여,37세,경상
2023050900100306,2023년 5월 9일 14시,화요일,충청북도 청주시 흥덕구 운천동,경상사고,0,0,1,0,차대차 - 추돌,안전운전불이행,건조,맑음,교차로 - 교차로부근,승용,여,44세,상해없음,승용,여,57세,경상
2023050900100366,2023년 5월 9일 16시,화요일,충청북도 청주시 서원구 성화동,경상사고,0,0,1,0,차대차 - 측면충돌,중앙선침범,건조,맑음,단일로 - 기타,승용,남,37세,상해없음,이륜,남,32세,경상
2023050900100367,2023년 5월 9일 16시,화요일,충청북도 청주시 흥덕구 비하동,경상사고,0,0,1,0,차대차 - 측면충돌,안전거리미확보,건조,맑음,교차로 - 교차로부근,승용,여,27세,상해없음,승합,남,56세,상해없음
2023050900100422,2023년 5월 9일 17시,화요일,충청북도 충주시 연수동,중상사고,0,1,0,0,차대차 - 측면충돌,안전거리미확보,건조,맑음,단일로 - 기타,승용,여,48세,상해없음,이륜,남,37세,중상
2023050900100423,2023년 5월 9일 17시,화요일,충청북도 괴산군 괴산읍,경상사고,0,0,2,0,차대차 - 정면충돌,직진우회전진행방해,건조,맑음,교차로 - 교차로안,화물,남,62세,경상,화물,남,48세,경상
2023050900100469,2023년 5월 9일 18시,화요일,충청북도 충주시 칠금동,경상사고,0,0,1,0,차대차 - 기타,신호위반,건조,맑음,단일로 - 기타,승용,남,63세,상해없음,자전거,남,32세,경상
2023050900100470,2023년 5월 9일 18시,화요일,충청북도 충주시 연수동,경상사고,0,0,1,0,차대차 - 측면충돌,안전거리미확보,건조,맑음,단일로 - 기타,승용,남,25세,상해없음,이륜,남,29세,경상
2023050900100503,2023년 5월 9일 19시,화요일,충청북도 청주시 청원구 내덕동,경상사고,0,0,1,0,차대사람 - 기타,안전운전불이행,건조,맑음,단일로 - 기타,승합,남,57세,상해없음,보행자,남,84세,경상
2023050900100504,2023년 5월 9일 19시,화요일,충청북도 충주시 호암동,경상사고,0,0,3,0,차대차 - 기타,안전거리미확보,건조,맑음,단일로 - 기타,승용,남,21세,경상,승용,남,31세,경상
2023050900100559,2023년 5월 9일 21시,화요일,충청북도 충주시 교현동,경상사고,0,0,1,0,차대사람 - 차도통행중,교차로운행방법위반,건조,맑음,교차로 - 교차로안,승용,남,24세,상해없음,보행자,남,63세,경상
2023050900100577,2023년 5월 9일 22시,화요일,충청북도 청주시 흥덕구 송정동,중상사고,0,1,0,0,차대차 - 추돌,안전운전불이행,건조,맑음,교차로 - 교차로부근,자전거,남,12세,중상,건설기계,남,49세,상해없음
2023051000100016,2023년 5월 10일 01시,수요일,충청북도 청주시 서원구 현도면,경상사고,0,0,1,0,차대차 - 추돌,안전거리미확보,건조,맑음,단일로 - 기타,승용,남,59세,상해없음,승용,남,61세,상해없음
2023051000100022,2023년 5월 10일 02시,수요일,충청북도 청주시 서원구 사창동,경상사고,0,0,1,0,차대차 - 측면충돌,안전거리미확보,건조,맑음,단일로 - 기타,승용,남,58세,상해없음,이륜,남,28세,경상
2023051000100023,2023년 5월 10일 02시,수요일,충청북도 음성군 대소면,경상사고,0,0,1,0,차대차 - 추돌,안전운전불이행,건조,맑음,단일로 - 기타,화물,남,31세,기타불명,화물,남,39세,경상
2023051000100098,2023년 5월 10일 08시,수요일,충청북도 청주시 서원구 사직동,경상사고,0,0,1,0,차대차 - 측면충돌,신호위반,건조,맑음,교차로 - 교차로부근,승용,여,57세,상해없음,승용,여,70세,경상
2023051000100151,2023년 5월 10일 09시,수요일,충청북도 청주시 청원구 우암동,중상사고,0,1,0,0,차대차 - 추돌,안전거리미확보,건조,맑음,교차로 - 교차로부근,승용,여,37세,상해없음,승용,남,71세,중상
2023051000100153,2023년 5월 10일 09시,수요일,충청북도 청주시 흥덕구 옥산면,중상사고,0,1,0,0,차량단독 - 기타,안전운전불이행,건조,맑음,단일로 - 기타,승합,남,46세,상해없음,,,,
2023051000100223,2023년 5월 10일 11시,수요일,충청북도 진천군 이월면,경상사고,0,0,1,0,차대차 - 측면충돌,안전운전불이행,건조,맑음,교차로 - 교차로안,승용,남,68세,상해없음,화물,남,74세,경상
2023051000100257,2023년 5월 10일 12시,수요일,충청북도 청주시 청원구 오창읍,중상사고,0,1,0,0,차대차 - 기타,안전운전불이행,건조,맑음,단일로 - 기타,화물,남,53세,상해없음,승용,남,69세,중상
2023051000100286,2023년 5월 10일 13시,수요일,충청북도 충주시 호암동,경상사고,0,0,1,0,차대차 - 측면충돌,중앙선침범,건조,맑음,단일로 - 기타,승용,남,27세,상해없음,승용,여,28세,경상
2023051000100287,2023년 5월 10일 13시,수요일,충청북도 제천시 장락동,경상사고,0,0,1,0,차대차 - 기타,차로위반,건조,맑음,교차로 - 교차로부근,승용,남,47세,상해없음,승합,남,48세,상해없음
2023051000100325,2023년 5월 10일 14시,수요일,충청북도 괴산군 청천면,사망사고,1,0,0,0,차량단독 - 공작물충돌,안전운전불이행,건조,맑음,단일로 - 기타,화물,남,66세,사망,,,,
2023051000100326,2023년 5월 10일 14시,수요일,충청북도 청주시 흥덕구 송정동,경상사고,0,0,2,0,차대차 - 측면충돌,교차로운행방법위반,건조,맑음,교차로 - 교차로안,승용,남,67세,상해없음,승용,여,34세,경상
2023051000100361,2023년 5월 10일 15시,수요일,충청북도 청주시 청원구 내덕동,경상사고,0,0,1,0,차대차 - 기타,안전거리미확보,건조,맑음,단일로 - 기타,승용,남,52세,상해없음,승용,남,31세,경상
2023051000100362,2023년 5월 10일 15시,수요일,충청북도 충주시 교현동,중상사고,0,1,0,0,차대사람 - 횡단중,교차로운행방법위반,건조,맑음,교차로 - 교차로안,승용,남,73세,상해없음,보행자,여,84세,중상
2023051000100401,2023년 5월 10일 16시,수요일,충청북도 청주시 청원구 내수읍,중상사고,0,2,0,0,차대차 - 측면충돌,교차로운행방법위반,건조,맑음,교차로 - 교차로안,승용,여,23세,상해없음,이륜,남,76세,중상
2023051000100402,2023년 5월 10일 16시,수요일,충청북도 청주시 상당구 용암동,경상사고,0,0,1,0,차대차 - 측면충돌,안전운전불이행,건조,맑음,교차로 - 교차로안,승용,여,40세,상해없음,이륜,남,27세,경상
2023051000100403,2023년 5월 10일 16시,수요일,충청북도 청주시 상당구 금천동,경상사고,0,0,1,0,차대차 - 기타,안전운전불이행,건조,맑음,단일로 - 기타,승용,여,35세,상해없음,승용,여,25세,경상
2023051000100539,2023년 5월 10일 19시,수요일,충청북도 청주시 상당구 북문로2가,경상사고,0,0,1,0,차대차 - 기타,안전거리미확보,건조,맑음,교차로 - 교차로안,승용,남,50세,상해없음,승용,여,41세,경상
2023051000100540,2023년 5월 10일 19시,수요일,충청북도 청주시 흥덕구 복대동,경상사고,0,0,3,0,차대차 - 추돌,안전운전불이행,건조,맑음,단일로 - 기타,승용,여,39세,상해없음,승용,남,38세,경상
2023051000100572,2023년 5월 10일 20시,수요일,충청북도 청주시 청원구 율량동,중상사고,0,1,0,0,차대사람 - 보도통행중,신호위반,건조,맑음,교차로 - 교차로횡단보도내,이륜,남,54세,상해없음,보행자,여,57세,중상
2023051000100573,2023년 5월 10일 20시,수요일,충청북도 청주시 청원구 내덕동,중상사고,0,1,0,0,차대차 - 추돌,교차로운행방법위반,건조,맑음,교차로 - 교차로안,개인형이동수단(PM),남,24세,기타불명,승용,남,64세,중상
2023051000100574,2023년 5월 10일 20시,수요일,충청북도 청주시 상당구 용암동,경상사고,0,0,1,0,차대차 - 측면충돌,신호위반,건조,맑음,교차로 - 교차로부근,승용,여,53세,상해없음,승용,여,33세,경상
2023051000100601,2023년 5월 10일 21시,수요일,충청북도 음성군 삼성면,경상사고,0,0,1,0,차대차 - 측면충돌,교차로운행방법위반,건조,맑음,교차로 - 교차로안,화물,남,43세,경상,승용,여,48세,상해없음
2023051100100010,2023년 5월 11일 00시,목요일,충청북도 충주시 호암동,중상사고,0,1,1,0,차대차 - 측면충돌,신호위반,건조,맑음,교차로 - 교차로안,승용,남,39세,상해없음,승합,남,64세,중상
2023051100100038,2023년 5월 11일 06시,목요일,충청북도 제천시 강제동,경상사고,0,0,1,0,차대차 - 측면충돌,신호위반,건조,맑음,교차로 - 교차로안,화물,남,73세,상해없음,승용,여,51세,경상
2023051100100039,2023년 5월 11일 06시,목요일,충청북도 청주시 상당구 서운동,중상사고,0,1,0,0,차대차 - 추돌,안전운전불이행,건조,맑음,교차로 - 교차로부근,승용,남,60세,상해없음,승용,남,52세,중상
2023051100100065,2023년 5월 11일 07시,목요일,충청북도 음성군 금왕읍,경상사고,0,0,2,0,차대사람 - 횡단중,안전운전불이행,건조,맑음,단일로 - 기타,이륜,남,59세,경상,보행자,남,8세,경상
2023051100100108,2023년 5월 11일 08시,목요일,충청북도 청주시 청원구 오동동,경상사고,0,0,2,0,차량단독 - 기타,안전거리미확보,건조,맑음,단일로 - 기타,승합,남,66세,상해없음,,,,
2023051100100109,2023년 5월 11일 08시,목요일,충청북도 증평군 증평읍,경상사고,0,0,1,0,차량단독 - 기타,안전운전불이행,건조,맑음,단일로 - 기타,승합,남,53세,상해없음,,,,
2023051100100110,2023년 5월 11일 08시,목요일,충청북도 진천군 진천읍,경상사고,0,0,1,0,차대차 - 추돌,안전거리미확보,건조,맑음,교차로 - 교차로부근,화물,남,57세,상해없음,승용,남,38세,경상
2023051100100112,2023년 5월 11일 08시,목요일,충청북도 청주시 흥덕구 강내면,경상사고,0,0,3,0,차대차 - 기타,안전거리미확보,건조,맑음,단일로 - 기타,승용,남,63세,경상,승용,여,43세,경상
2023051100100158,2023년 5월 11일 09시,목요일,충청북도 청주시 흥덕구 가경동,경상사고,0,0,1,0,차대차 - 추돌,안전운전불이행,건조,맑음,교차로 - 교차로부근,승용,남,22세,상해없음,승용,여,54세,경상
2023051100100196,2023년 5월 11일 10시,목요일,충청북도 충주시 충인동,중상사고,0,1,0,0,차대차 - 측면충돌,안전거리미확보,건조,맑음,단일로 - 기타,승용,남,73세,상해없음,개인형이동수단(PM),남,28세,중상
2023051100100318,2023년 5월 11일 14시,목요일,충청북도 청주시 청원구 오창읍,경상사고,0,0,1,0,차대차 - 기타,안전운전불이행,건조,맑음,교차로 - 교차로안,승용,여,25세,상해없음,승용,남,57세,경상
2023051100100319,2023년 5월 11일 14시,목요일,충청북도 제천시 청전동,경상사고,0,0,1,0,차대차 - 측면충돌,직진우회전진행방해,건조,맑음,교차로 - 교차로안,승용,남,21세,기타불명,승용,남,33세,경상
2023051100100346,2023년 5월 11일 15시,목요일,충청북도 청주시 서원구 분평동,경상사고,0,0,1,0,차대차 - 측면충돌,안전거리미확보,건조,맑음,교차로 - 교차로부근,승용,남,61세,상해없음,승용,남,51세,경상
2023051100100383,2023년 5월 11일 16시,목요일,충청북도 청주시 청원구 율량동,경상사고,0,0,1,0,차대차 - 측면충돌,안전운전불이행,건조,맑음,기타 - 기타,자전거,남,9세,경상,이륜,남,29세,상해없음
2023051100100384,2023년 5월 11일 16시,목요일,충청북도 제천시 청전동,경상사고,0,0,1,0,차대차 - 추돌,안전운전불이행,건조,맑음,교차로 - 교차로부근,승용,남,57세,상해없음,승용,여,57세,경상
2023051100100385,2023년 5월 11일 16시,목요일,충청북도 제천시 남천동,경상사고,0,0,2,0,차대차 - 후진중충돌,안전운전불이행,건조,맑음,기타 - 기타,승용,남,58세,기타불명,승용,여,62세,경상
2023051100100427,2023년 5월 11일 17시,목요일,충청북도 청주시 청원구 오창읍,중상사고,0,1,0,0,차대차 - 추돌,교차로운행방법위반,건조,맑음,교차로 - 교차로안,승용,여,42세,상해없음,이륜,남,28세,중상
2023051100100562,2023년 5월 11일 20시,목요일,충청북도 제천시 봉양읍,경상사고,0,0,1,0,차대차 - 기타,안전거리미확보,건조,맑음,단일로 - 기타,기타불명,기타불명,미분류,기타불명,승용,남,62세,경상
2023051100100592,2023년 5월 11일 22시,목요일,충청북도 청주시 청원구 주중동,경상사고,0,0,1,0,차대차 - 기타,신호위반,건조,맑음,교차로 - 교차로안,이륜,남,34세,기타불명,승용,남,40세,경상
2023051100100593,2023년 5월 11일 22시,목요일,충청북도 충주시 성남동,경상사고,0,0,1,0,차대차 - 후진중충돌,안전운전불이행,건조,맑음,단일로 - 기타,승용,여,55세,상해없음,승용,남,43세,경상
2023051100100617,2023년 5월 11일 23시,목요일,충청북도 청주시 청원구 율량동,경상사고,0,0,3,0,차대차 - 측면충돌,중앙선침범,건조,맑음,단일로 - 기타,승용,남,52세,상해없음,승용,남,25세,경상
2023051200100004,2023년 5월 12일 00시,금요일,충청북도 충주시 연수동,경상사고,0,0,1,0,차대차 - 기타,안전운전불이행,건조,맑음,교차로 - 교차로부근,승용,남,41세,상해없음,승용,남,26세,경상
2023051200100020,2023년 5월 12일 02시,금요일,충청북도 청주시 청원구 오창읍,경상사고,0,0,1,0,차량단독 - 공작물충돌,기타,건조,맑음,단일로 - 지하차도(도로)내,승용,남,70세,상해없음,,,,
2023051200100032,2023년 5월 12일 05시,금요일,충청북도 청주시 상당구 낭성면,사망사고,1,1,0,0,차대차 - 정면충돌,중앙선침범,건조,맑음,단일로 - 기타,승용,남,75세,중상,승용,남,54세,사망
2023051200100065,2023년 5월 12일 07시,금요일,충청북도 음성군 맹동면,경상사고,0,0,1,0,차대차 - 기타,차로위반,건조,맑음,단일로 - 기타,화물,남,52세,상해없음,승용,남,26세,경상
2023051200100066,2023년 5월 12일 07시,금요일,충청북도 청주시 서원구 남이면,경상사고,0,0,1,0,차대차 - 측면충돌,안전운전불이행,건조,맑음,교차로 - 교차로부근,화물,기타불명,미분류,기타불명,승용,남,25세,경상
2023051200100094,2023년 5월 12일 08시,금요일,충청북도 청주시 청원구 율량동,중상사고,0,1,0,0,차대사람 - 기타,보행자보호의무위반,건조,맑음,교차로 - 교차로횡단보도내,승용,남,49세,상해없음,보행자,여,58세,중상
2023051200100095,2023년 5월 12일 08시,금요일,충청북도 충주시 호암동,경상사고,0,0,1,0,차대차 - 기타,중앙선침범,건조,맑음,단일로 - 기타,이륜,남,39세,상해없음,승용,남,59세,상해없음
2023051200100096,2023년 5월 12일 08시,금요일,충청북도 괴산군 청천면,사망사고,1,0,0,0,차대차 - 측면충돌,직진우회전진행방해,건조,맑음,교차로 - 교차로안,화물,남,45세,상해없음,이륜,남,82세,사망
2023051200100097,2023년 5월 12일 08시,금요일,충청북도 청주시 서원구 현도면,중상사고,0,1,1,0,차대차 - 측면충돌,신호위반,건조,맑음,교차로 - 교차로안,화물,남,57세,상해없음,건설기계,남,66세,경상
2023051200100098,2023년 5월 12일 08시,금요일,충청북도 청주시 서원구 사직동,경상사고,0,0,2,0,차대차 - 측면충돌,차로위반,건조,맑음,단일로 - 기타,승용,여,24세,경상,승용,남,38세,경상
2023051200100099,2023년 5월 12일 08시,금요일,충청북도 청주시 상당구 용정동,경상사고,0,0,1,0,차대차 - 기타,안전운전불이행,건조,맑음,교차로 - 교차로안,승용,여,38세,상해없음,승용,여,56세,경상
2023051200100142,2023년 5월 12일 09시,금요일,충청북도 제천시 중앙로2가,경상사고,0,0,2,0,차대차 - 측면충돌,안전거리미확보,건조,맑음,단일로 - 기타,승용,여,56세,기타불명,화물,남,62세,경상
2023051200100170,2023년 5월 12일 10시,금요일,충청북도 괴산군 사리면,중상사고,0,1,0,0,차대사람 - 차도통행중,안전운전불이행,건조,맑음,주차장 - 주차장,승합,남,45세,상해없음,보행자,여,80세,중상
2023051200100171,2023년 5월 12일 10시,금요일,충청북도 음성군 음성읍,경상사고,0,0,2,0,차대차 - 정면충돌,안전운전불이행,건조,맑음,교차로 - 교차로부근,화물,남,73세,상해없음,승용,여,65세,경상
2023051200100239,2023년 5월 12일 12시,금요일,충청북도 청주시 청원구 내덕동,경상사고,0,0,1,0,차대차 - 측면충돌,교차로운행방법위반,건조,맑음,교차로 - 교차로안,승용,여,32세,기타불명,이륜,남,23세,경상
2023051200100240,2023년 5월 12일 12시,금요일,충청북도 청주시 서원구 분평동,경상사고,0,0,1,0,차대차 - 기타,안전운전불이행,건조,맑음,단일로 - 기타,승용,여,58세,상해없음,이륜,남,39세,경상
2023051200100241,2023년 5월 12일 12시,금요일,충청북도 청주시 흥덕구 옥산면,중상사고,0,1,1,0,차대차 - 추돌,안전운전불이행,건조,맑음,단일로 - 기타,화물,남,49세,상해없음,화물,남,36세,경상
2023051200100276,2023년 5월 12일 13시,금요일,충청북도 충주시 호암동,경상사고,0,0,1,0,차대차 - 측면충돌,안전거리미확보,건조,맑음,단일로 - 기타,승용,남,71세,상해없음,승용,여,65세,경상
2023051200100277,2023년 5월 12일 13시,금요일,충청북도 청주시 서원구 개신동,경상사고,0,0,1,0,차대차 - 추돌,안전운전불이행,건조,맑음,교차로 - 교차로부근,승용,여,63세,상해없음,화물,남,64세,경상
2023051200100278,2023년 5월 12일 13시,금요일,충청북도 청주시 상당구 탑동,경상사고,0,0,3,0,차대차 - 추돌,기타,건조,맑음,단일로 - 지하차도(도로)내,승용,남,63세,상해없음,승용,여,60세,경상
2023051200100359,2023년 5월 12일 15시,금요일,충청북도 청주시 흥덕구 복대동,중상사고,0,1,1,0,차대차 - 측면충돌,안전운전불이행,건조,맑음,기타 - 기타,이륜,남,76세,중상,승용,여,38세,경상
2023051200100440,2023년 5월 12일 17시,금요일,충청북도 청주시 청원구 오창읍,경상사고,0,0,1,0,차대차 - 측면충돌,안전운전불이행,건조,맑음,단일로 - 기타,승용,남,63세,상해없음,승용,남,39세,경상
2023051200100441,2023년 5월 12일 17시,금요일,충청북도 청주시 청원구 내덕동,경상사고,0,0,1,0,차대차 - 측면충돌,안전운전불이행,건조,맑음,교차로 - 교차로부근,승용,남,25세,상해없음,승용,여,52세,경상
2023051200100442,2023년 5월 12일 17시,금요일,충청북도 증평군 증평읍,경상사고,0,0,1,0,차대차 - 측면충돌,안전거리미확보,건조,맑음,단일로 - 기타,승용,남,62세,상해없음,이륜,남,24세,경상
2023051200100443,2023년 5월 12일 17시,금요일,충청북도 청주시 흥덕구 봉명동,경상사고,0,0,1,0,차대차 - 후진중충돌,안전운전불이행,건조,맑음,단일로 - 기타,승용,여,67세,상해없음,이륜,남,24세,경상
2023051200100493,2023년 5월 12일 18시,금요일,충청북도 청주시 청원구 율량동,경상사고,0,0,1,0,차대차 - 후진중충돌,안전운전불이행,건조,맑음,단일로 - 기타,승용,여,33세,상해없음,이륜,남,21세,경상
2023051200100494,2023년 5월 12일 18시,금요일,충청북도 청주시 청원구 외평동,중상사고,0,1,4,0,차대차 - 추돌,안전운전불이행,건조,맑음,단일로 - 기타,승용,남,31세,상해없음,승용,남,53세,중상
2023051200100495,2023년 5월 12일 18시,금요일,충청북도 진천군 초평면,경상사고,0,0,1,0,차대차 - 추돌,안전운전불이행,건조,맑음,기타 - 기타,화물,남,70세,상해없음,승용,여,49세,경상
2023051200100535,2023년 5월 12일 19시,금요일,충청북도 청주시 청원구 주중동,경상사고,0,0,1,0,차대차 - 측면충돌,교차로운행방법위반,건조,맑음,교차로 - 교차로안,승용,남,44세,상해없음,승용,남,70세,경상
2023051200100536,2023년 5월 12일 19시,금요일,충청북도 제천시 청전동,경상사고,0,0,1,0,차량단독 - 공작물충돌,안전운전불이행,건조,맑음,단일로 - 기타,이륜,남,19세,경상,,,,
2023051200100537,2023년 5월 12일 19시,금요일,충청북도 청주시 흥덕구 오송읍,경상사고,0,0,2,0,차대차 - 추돌,신호위반,건조,맑음,기타 - 기타,자전거,남,29세,경상,승용,남,58세,경상
2023051200100566,2023년 5월 12일 20시,금요일,충청북도 청주시 서원구 사직동,경상사고,0,0,1,0,차대차 - 기타,안전운전불이행,건조,맑음,단일로 - 기타,승용,남,70세,상해없음,승용,여,35세,경상
2023051200100567,2023년 5월 12일 20시,금요일,충청북도 옥천군 이원면,경상사고,0,0,3,0,차대차 - 측면충돌,신호위반,건조,맑음,교차로 - 교차로부근,승용,남,54세,경상,승합,남,49세,경상
2023051200100591,2023년 5월 12일 21시,금요일,충청북도 청주시 청원구 내덕동,중상사고,0,1,0,0,차대사람 - 차도통행중,안전운전불이행,건조,맑음,단일로 - 기타,승용,남,23세,상해없음,보행자,남,59세,중상
2023051200100592,2023년 5월 12일 21시,금요일,충청북도 충주시 교현동,경상사고,0,0,1,0,차대차 - 후진중충돌,안전운전불이행,건조,흐림,단일로 - 기타,승용,여,52세,상해없음,승용,남,51세,경상
2023051200100614,2023년 5월 12일 22시,금요일,충청북도 충주시 금릉동,경상사고,0,0,1,0,차대차 - 측면충돌,신호위반,건조,흐림,교차로 - 교차로안,승용,여,68세,상해없음,화물,남,22세,경상
2023051200100615,2023년 5월 12일 22시,금요일,충청북도 청주시 흥덕구 복대동,중상사고,0,1,0,0,차대차 - 측면충돌,안전거리미확보,건조,맑음,단일로 - 기타,승용,남,20세,상해없음,이륜,남,26세,중상
2023051300100007,2023년 5월 13일 00시,토요일,충청북도 진천군 덕산읍,중상사고,0,1,0,0,차대차 - 측면충돌,신호위반,건조,맑음,교차로 - 교차로안,승용,남,19세,상해없음,이륜,남,47세,중상
2023051300100036,2023년 5월 13일 03시,토요일,충청북도 청주시 서원구 남이면,경상사고,0,0,2,0,차량단독 - 공작물충돌,안전운전불이행,건조,맑음,단일로 - 기타,승용,여,43세,경상,,,,
2023051300100190,2023년 5월 13일 11시,토요일,충청북도 괴산군 감물면,경상사고,0,0,2,0,차대차 - 측면충돌,안전운전불이행,건조,맑음,단일로 - 기타,승용,남,66세,경상,농기계,남,83세,경상
2023051300100191,2023년 5월 13일 11시,토요일,충청북도 청주시 서원구 남이면,경상사고,0,0,1,0,차대차 - 기타,신호위반,건조,맑음,교차로 - 교차로부근,승용,남,53세,상해없음,승용,여,37세,경상
2023051300100192,2023년 5월 13일 11시,토요일,충청북도 청주시 흥덕구 가경동,경상사고,0,0,1,2,차대차 - 측면충돌,안전운전불이행,건조,맑음,단일로 - 기타,승용,여,38세,상해없음,승용,여,59세,경상