사고번호,사고일시,요일,시군구,사고내용,사망자수,중상자수,경상자수,부상신고자수,사고유형,법규위반,노면상태,기상상태,도로형태,가해운전자 차종,가해운전자 성별,가해운전자 연령,가해운전자 상해정도,피해운전자 차종,피해운전자 성별,피해운전자 연령,피해운전자 상해정도
2023051700100508,2023년 5월 17일 17시,수요일,충청북도 영동군 추풍령면,부상신고사고,0,0,0,1,차대차 - 기타,안전운전불이행,건조,맑음,단일로 - 교량,승용,남,64세,상해없음,이륜,여,68세,부상신고
2023051700100509,2023년 5월 17일 17시,수요일,충청북도 진천군 문백면,경상사고,0,0,1,0,차대차 - 측면충돌,교차로운행방법위반,건조,맑음,교차로 - 교차로안,승용,남,66세,기타불명,승용,남,53세,경상
2023051700100573,2023년 5월 17일 18시,수요일,충청북도 충주시 문화동,경상사고,0,0,2,0,차대차 - 측면충돌,안전운전불이행,건조,맑음,단일로 - 기타,승용,남,60세,상해없음,승용,여,41세,경상
2023051700100574,2023년 5월 17일 18시,수요일,충청북도 제천시 중앙로1가,경상사고,0,0,1,0,차대차 - 추돌,안전운전불이행,건조,맑음,단일로 - 기타,승합,남,21세,상해없음,승용,여,53세,경상
2023051700100642,2023년 5월 17일 20시,수요일,충청북도 충주시 봉방동,경상사고,0,0,1,0,차대사람 - 보도통행중,보행자보호의무위반,건조,흐림,교차로 - 교차로횡단보도내,승용,남,52세,상해없음,보행자,남,38세,경상
2023051700100667,2023년 5월 17일 21시,수요일,충청북도 충주시 문화동,경상사고,0,0,1,0,차대차 - 측면충돌,안전운전불이행,건조,맑음,교차로 - 교차로안,승용,여,51세,상해없음,승용,남,31세,경상
2023051700100685,2023년 5월 17일 22시,수요일,충청북도 청주시 청원구 오창읍,중상사고,0,1,0,0,차대차 - 기타,신호위반,건조,맑음,교차로 - 교차로안,승용,여,26세,상해없음,이륜,남,42세,중상
2023051700100686,2023년 5월 17일 22시,수요일,충청북도 충주시 연수동,경상사고,0,0,4,0,차대차 - 추돌,안전거리미확보,건조,맑음,교차로 - 교차로안,승용,남,58세,상해없음,승용,남,59세,경상
2023051700100687,2023년 5월 17일 22시,수요일,충청북도 청주시 흥덕구 복대동,부상신고사고,0,0,0,1,차대차 - 추돌,안전운전불이행,건조,맑음,교차로 - 교차로부근,승용,남,67세,상해없음,이륜,남,20세,부상신고
2023051700100699,2023년 5월 17일 23시,수요일,충청북도 청주시 청원구 오창읍,경상사고,0,0,1,0,차대차 - 측면충돌,신호위반,건조,맑음,교차로 - 교차로부근,화물,남,58세,상해없음,승용,남,67세,경상
2023051800100007,2023년 5월 18일 00시,목요일,충청북도 제천시 하소동,중상사고,0,1,0,0,차대차 - 측면충돌,중앙선침범,건조,맑음,교차로 - 교차로부근,승용,여,52세,중상,화물,남,58세,상해없음
2023051800100018,2023년 5월 18일 01시,목요일,충청북도 청주시 청원구 오동동,경상사고,0,0,1,0,차대차 - 측면충돌,중앙선침범,건조,맑음,교차로 - 교차로부근,승용,남,30세,상해없음,승용,남,28세,경상
2023051800100044,2023년 5월 18일 05시,목요일,충청북도 청주시 청원구 주중동,경상사고,0,0,1,0,차대차 - 정면충돌,교차로운행방법위반,건조,맑음,교차로 - 교차로안,화물,남,53세,상해없음,승용,남,65세,경상
2023051800100082,2023년 5월 18일 07시,목요일,충청북도 청주시 상당구 용암동,경상사고,0,0,1,0,차대사람 - 기타,안전운전불이행,건조,맑음,주차장 - 주차장,화물,남,33세,상해없음,보행자,남,74세,경상
2023051800100109,2023년 5월 18일 08시,목요일,충청북도 청주시 서원구 개신동,중상사고,0,1,0,0,차대차 - 측면충돌,안전운전불이행,건조,맑음,단일로 - 기타,이륜,남,81세,중상,승용,여,63세,상해없음
2023051800100110,2023년 5월 18일 08시,목요일,충청북도 음성군 대소면,중상사고,0,1,0,0,차대차 - 측면충돌,중앙선침범,건조,맑음,단일로 - 기타,화물,남,62세,상해없음,사륜오토바이(ATV),남,93세,중상
2023051800100111,2023년 5월 18일 08시,목요일,충청북도 청주시 흥덕구 외북동,중상사고,0,1,0,0,차대차 - 측면충돌,신호위반,건조,흐림,교차로 - 교차로부근,승용,여,55세,상해없음,승용,여,39세,중상
2023051800100163,2023년 5월 18일 09시,목요일,충청북도 청주시 청원구 율량동,경상사고,0,0,2,0,차대차 - 추돌,기타,건조,맑음,교차로 - 교차로부근,화물,남,51세,상해없음,승용,남,38세,경상
2023051800100164,2023년 5월 18일 09시,목요일,충청북도 청주시 서원구 사창동,중상사고,0,1,2,0,차대차 - 기타,안전운전불이행,건조,맑음,단일로 - 기타,승용,남,40세,상해없음,승합,남,41세,경상
2023051800100165,2023년 5월 18일 09시,목요일,충청북도 충주시 안림동,경상사고,0,0,1,0,차대차 - 측면충돌,안전거리미확보,건조,맑음,단일로 - 기타,승용,여,33세,상해없음,승용,여,56세,경상
2023051800100166,2023년 5월 18일 09시,목요일,충청북도 청주시 상당구 남일면,경상사고,0,0,1,0,차대사람 - 길가장자리구역통행중,안전운전불이행,건조,맑음,단일로 - 지하차도(도로)내,승용,남,47세,상해없음,보행자,남,48세,경상
2023051800100222,2023년 5월 18일 11시,목요일,충청북도 충주시 달천동,경상사고,0,0,1,0,차대차 - 측면충돌,신호위반,건조,맑음,단일로 - 기타,승용,남,50세,상해없음,화물,남,73세,경상
2023051800100252,2023년 5월 18일 12시,목요일,충청북도 청주시 흥덕구 수의동,경상사고,0,0,2,0,차대차 - 기타,안전거리미확보,건조,맑음,단일로 - 기타,화물,남,67세,상해없음,승합,남,55세,경상
2023051800100282,2023년 5월 18일 13시,목요일,충청북도 제천시 봉양읍,중상사고,0,1,1,0,차대차 - 추돌,안전운전불이행,건조,맑음,교차로 - 교차로부근,승용,남,40세,경상,승용,남,65세,중상
2023051800100283,2023년 5월 18일 13시,목요일,충청북도 영동군 용산면,경상사고,0,0,1,1,차대차 - 추돌,교차로운행방법위반,건조,흐림,교차로 - 교차로안,승용,여,66세,부상신고,승용,여,53세,경상
2023051800100319,2023년 5월 18일 14시,목요일,충청북도 청주시 청원구 율량동,중상사고,0,2,0,0,차대차 - 측면충돌,안전운전불이행,건조,맑음,교차로 - 교차로안,이륜,남,23세,중상,승용,여,46세,중상
2023051800100320,2023년 5월 18일 14시,목요일,충청북도 충주시 연수동,중상사고,0,1,0,0,차대차 - 기타,신호위반,건조,맑음,교차로 - 교차로부근,승용,여,52세,상해없음,이륜,남,52세,중상
2023051800100321,2023년 5월 18일 14시,목요일,충청북도 충주시 산척면,중상사고,0,1,1,0,차대차 - 추돌,안전거리미확보,건조,맑음,교차로 - 교차로안,화물,남,41세,중상,승용,여,66세,경상
2023051800100322,2023년 5월 18일 14시,목요일,충청북도 청주시 흥덕구 가경동,경상사고,0,0,2,0,차대차 - 측면충돌,안전거리미확보,건조,맑음,단일로 - 기타,승용,남,41세,상해없음,승용,여,69세,경상
2023051800100323,2023년 5월 18일 14시,목요일,충청북도 청주시 서원구 수곡동,중상사고,0,1,0,0,차대차 - 측면충돌,교차로운행방법위반,건조,맑음,교차로 - 교차로부근,화물,남,57세,상해없음,자전거,남,72세,중상
2023051800100401,2023년 5월 18일 16시,목요일,충청북도 제천시 두학동,경상사고,0,0,1,0,차대차 - 추돌,안전운전불이행,건조,맑음,기타 - 기타,승용,남,28세,경상,화물,남,61세,상해없음
2023051800100402,2023년 5월 18일 16시,목요일,충청북도 음성군 감곡면,사망사고,2,1,0,0,차대사람 - 횡단중,기타,건조,맑음,교차로 - 교차로부근,승용,남,76세,중상,보행자,여,12세,사망
2023051800100444,2023년 5월 18일 17시,목요일,충청북도 청주시 청원구 내덕동,중상사고,0,1,0,0,차량단독 - 기타,기타,건조,맑음,단일로 - 기타,승합,남,60세,상해없음,,,,
2023051800100445,2023년 5월 18일 17시,목요일,충청북도 제천시 덕산면,사망사고,1,0,1,0,차량단독 - 도로외이탈 - 추락,안전운전불이행,건조,맑음,단일로 - 기타,화물,남,65세,사망,,,,
2023051800100535,2023년 5월 18일 19시,목요일,충청북도 제천시 모산동,경상사고,0,0,2,0,차대차 - 추돌,안전운전불이행,건조,맑음,주차장 - 주차장,승용,남,24세,기타불명,승용,남,28세,경상
2023051800100558,2023년 5월 18일 20시,목요일,충청북도 충주시 목행동,중상사고,0,1,0,0,차대사람 - 기타,안전운전불이행,건조,흐림,단일로 - 교량,화물,남,67세,상해없음,보행자,남,69세,중상
2023051800100559,2023년 5월 18일 20시,목요일,충청북도 제천시 하소동,경상사고,0,0,1,0,차대차 - 측면충돌,신호위반,건조,맑음,교차로 - 교차로안,이륜,남,46세,상해없음,이륜,남,28세,경상
2023051800100560,2023년 5월 18일 20시,목요일,충청북도 제천시 장락동,부상신고사고,0,0,0,1,차대차 - 측면충돌,직진우회전진행방해,건조,맑음,교차로 - 교차로부근,승용,남,21세,상해없음,자전거,남,12세,부상신고
2023051800100561,2023년 5월 18일 20시,목요일,충청북도 영동군 영동읍,중상사고,0,1,0,0,차대사람 - 횡단중,안전운전불이행,젖음/습기,흐림,단일로 - 기타,승용,여,62세,상해없음,보행자,남,64세,중상
2023051800100581,2023년 5월 18일 21시,목요일,충청북도 충주시 호암동,경상사고,0,0,2,0,차대차 - 측면충돌,안전운전불이행,건조,맑음,교차로 - 교차로부근,승용,남,32세,상해없음,승용,여,43세,경상
2023051800100604,2023년 5월 18일 22시,목요일,충청북도 청주시 흥덕구 비하동,경상사고,0,0,1,0,차대차 - 기타,안전거리미확보,건조,맑음,단일로 - 기타,기타불명,기타불명,미분류,기타불명,승용,남,60세,경상
2023051900100011,2023년 5월 19일 01시,금요일,충청북도 청주시 서원구 산남동,경상사고,0,0,2,0,차량단독 - 기타,안전운전불이행,건조,맑음,단일로 - 기타,승용,남,19세,상해없음,,,,
2023051900100037,2023년 5월 19일 05시,금요일,충청북도 청주시 흥덕구 가경동,경상사고,0,0,1,0,차대차 - 기타,안전운전불이행,건조,맑음,교차로 - 교차로안,승용,남,54세,상해없음,자전거,남,56세,경상
2023051900100163,2023년 5월 19일 09시,금요일,충청북도 청주시 서원구 사창동,중상사고,0,1,0,0,차대차 - 측면충돌,신호위반,건조,맑음,교차로 - 교차로안,화물,남,72세,상해없음,이륜,남,31세,중상
2023051900100164,2023년 5월 19일 09시,금요일,충청북도 청주시 청원구 우암동,경상사고,0,0,1,0,차대차 - 추돌,안전운전불이행,건조,맑음,단일로 - 기타,승용,여,50세,상해없음,화물,남,29세,경상
2023051900100205,2023년 5월 19일 10시,금요일,충청북도 청주시 청원구 내덕동,경상사고,0,0,1,0,차대차 - 추돌,안전운전불이행,건조,맑음,교차로 - 교차로부근,승용,여,63세,상해없음,승용,남,35세,경상
2023051900100206,2023년 5월 19일 10시,금요일,충청북도 청주시 청원구 율량동,중상사고,0,1,0,0,차대차 - 측면충돌,불법유턴,건조,맑음,단일로 - 기타,승용,남,58세,상해없음,승용,여,70세,중상
2023051900100207,2023년 5월 19일 10시,금요일,충청북도 청주시 청원구 오창읍,경상사고,0,0,1,0,차대차 - 측면충돌,안전운전불이행,건조,맑음,단일로 - 기타,승용,남,39세,상해없음,승용,남,27세,경상
2023051900100208,2023년 5월 19일 10시,금요일,충청북도 충주시 산척면,중상사고,0,1,0,0,차량단독 - 도로외이탈 - 기타,안전운전불이행,건조,맑음,교차로 - 교차로부근,원동기,남,85세,중상,,,,
2023051900100209,2023년 5월 19일 10시,금요일,충청북도 제천시 청전동,경상사고,0,0,1,0,차대차 - 측면충돌,차로위반,건조,맑음,교차로 - 교차로부근,승용,여,67세,경상,승용,여,26세,상해없음
2023051900100210,2023년 5월 19일 10시,금요일,충청북도 청주시 흥덕구 가경동,경상사고,0,0,1,0,차대차 - 기타,안전운전불이행,건조,맑음,기타 - 기타,승용,여,66세,상해없음,승합,남,48세,경상
2023051900100248,2023년 5월 19일 11시,금요일,충청북도 청주시 청원구 내덕동,경상사고,0,0,1,0,차대사람 - 횡단중,신호위반,건조,맑음,단일로 - 기타,승용,남,85세,상해없음,보행자,남,55세,경상
2023051900100249,2023년 5월 19일 11시,금요일,충청북도 청주시 서원구 개신동,경상사고,0,0,1,0,차대차 - 측면충돌,신호위반,건조,맑음,단일로 - 고가도로위,승용,남,42세,상해없음,승용,남,57세,경상
2023051900100250,2023년 5월 19일 11시,금요일,충청북도 청주시 청원구 오창읍,경상사고,0,0,2,0,차대차 - 정면충돌,신호위반,건조,맑음,교차로 - 교차로안,승용,여,48세,상해없음,승용,남,39세,경상
2023051900100251,2023년 5월 19일 11시,금요일,충청북도 충주시 연수동,중상사고,0,1,0,0,차대차 - 측면충돌,신호위반,건조,맑음,교차로 - 교차로부근,승용,여,34세,상해없음,이륜,남,29세,중상
2023051900100252,2023년 5월 19일 11시,금요일,충청북도 영동군 심천면,부상신고사고,0,0,0,1,차대사람 - 기타,안전운전불이행,건조,맑음,기타 - 기타,화물,남,61세,상해없음,보행자,남,74세,부상신고
2023051900100296,2023년 5월 19일 12시,금요일,충청북도 청주시 청원구 오창읍,경상사고,0,0,1,0,차대차 - 기타,안전운전불이행,건조,맑음,단일로 - 기타,승용,여,54세,상해없음,승용,여,23세,경상
2023051900100343,2023년 5월 19일 13시,금요일,충청북도 괴산군 청천면,중상사고,0,1,0,0,차대차 - 측면충돌,안전운전불이행,건조,맑음,단일로 - 기타,승용,남,30세,중상,화물,남,60세,상해없음
2023051900100344,2023년 5월 19일 13시,금요일,충청북도 청주시 상당구 석교동,경상사고,0,0,1,0,차대사람 - 차도통행중,안전운전불이행,건조,맑음,단일로 - 지하차도(도로)내,승용,여,64세,상해없음,보행자,여,84세,경상
2023051900100345,2023년 5월 19일 13시,금요일,충청북도 충주시 노은면,중상사고,0,2,2,0,차대차 - 추돌,안전운전불이행,건조,맑음,단일로 - 기타,화물,남,50세,기타불명,특수,남,53세,중상
2023051900100379,2023년 5월 19일 14시,금요일,충청북도 충주시 산척면,경상사고,0,0,3,0,차대차 - 추돌,안전운전불이행,건조,맑음,교차로 - 교차로부근,승합,남,63세,상해없음,승용,남,28세,경상
2023051900100380,2023년 5월 19일 14시,금요일,충청북도 청주시 흥덕구 오송읍,경상사고,0,0,1,0,차대차 - 측면충돌,안전운전불이행,건조,맑음,교차로 - 교차로안,화물,남,66세,상해없음,승용,남,56세,경상
2023051900100409,2023년 5월 19일 15시,금요일,충청북도 청주시 청원구 오창읍,경상사고,0,0,2,0,차대차 - 측면충돌,불법유턴,건조,맑음,교차로 - 교차로부근,승합,남,31세,상해없음,승용,남,22세,경상
2023051900100410,2023년 5월 19일 15시,금요일,충청북도 청주시 상당구 북문로1가,경상사고,0,0,1,0,차대사람 - 기타,안전운전불이행,건조,맑음,단일로 - 기타,승용,남,66세,상해없음,보행자,여,61세,경상
2023051900100456,2023년 5월 19일 16시,금요일,충청북도 충주시 호암동,경상사고,0,0,2,0,차대차 - 정면충돌,신호위반,건조,맑음,단일로 - 기타,화물,남,56세,상해없음,승용,남,50세,상해없음
2023051900100557,2023년 5월 19일 18시,금요일,충청북도 청주시 청원구 율량동,경상사고,0,0,1,0,차대차 - 추돌,안전운전불이행,건조,맑음,교차로 - 교차로부근,승용,남,59세,기타불명,승용,남,27세,경상
2023051900100558,2023년 5월 19일 18시,금요일,충청북도 제천시 청전동,경상사고,0,0,2,0,차대차 - 정면충돌,직진우회전진행방해,건조,맑음,교차로 - 교차로안,이륜,남,71세,경상,이륜,남,41세,경상
2023051900100559,2023년 5월 19일 18시,금요일,충청북도 괴산군 불정면,경상사고,0,0,1,0,차량단독 - 기타,안전운전불이행,건조,맑음,단일로 - 기타,사륜오토바이(ATV),남,80세,경상,,,,
2023051900100560,2023년 5월 19일 18시,금요일,충청북도 보은군 속리산면,중상사고,0,2,1,0,차대차 - 측면충돌,교차로운행방법위반,건조,맑음,교차로 - 교차로안,승용,여,55세,중상,화물,남,73세,경상
2023051900100605,2023년 5월 19일 19시,금요일,충청북도 음성군 대소면,경상사고,0,0,1,0,차대차 - 추돌,안전운전불이행,건조,맑음,교차로 - 교차로부근,승용,남,42세,상해없음,농기계,남,35세,경상
2023051900100606,2023년 5월 19일 19시,금요일,충청북도 청주시 흥덕구 송절동,경상사고,0,0,1,0,차대사람 - 길가장자리구역통행중,안전운전불이행,건조,맑음,단일로 - 기타,승용,남,48세,상해없음,보행자,여,8세,경상
2023051900100642,2023년 5월 19일 20시,금요일,충청북도 청주시 상당구 금천동,경상사고,0,0,1,0,차대차 - 추돌,안전운전불이행,건조,맑음,교차로 - 교차로안,승용,여,23세,상해없음,자전거,여,74세,경상
2023051900100669,2023년 5월 19일 21시,금요일,충청북도 청주시 서원구 개신동,중상사고,0,1,0,0,차대차 - 측면충돌,중앙선침범,건조,맑음,단일로 - 기타,이륜,남,42세,상해없음,이륜,남,36세,중상
2023051900100701,2023년 5월 19일 22시,금요일,충청북도 청주시 흥덕구 가경동,경상사고,0,0,1,1,차대차 - 측면충돌,신호위반,건조,맑음,교차로 - 교차로부근,이륜,남,25세,부상신고,승용,여,65세,경상
2023052000100019,2023년 5월 20일 01시,토요일,충청북도 청주시 상당구 남일면,부상신고사고,0,0,0,1,차대차 - 측면충돌,안전운전불이행,건조,맑음,교차로 - 교차로부근,원동기,남,17세,부상신고,승용,남,31세,상해없음
2023052000100027,2023년 5월 20일 02시,토요일,충청북도 청주시 흥덕구 강서동,경상사고,0,0,2,0,차대차 - 추돌,안전운전불이행,건조,맑음,단일로 - 기타,승용,남,28세,상해없음,승용,남,40세,경상
2023052000100117,2023년 5월 20일 09시,토요일,충청북도 청주시 청원구 오창읍,경상사고,0,0,3,0,차대차 - 추돌,안전운전불이행,건조,맑음,기타 - 기타,승용,남,41세,기타불명,승용,남,40세,경상
2023052000100153,2023년 5월 20일 10시,토요일,충청북도 청주시 청원구 내덕동,경상사고,0,0,2,0,차대차 - 측면충돌,교차로운행방법위반,건조,맑음,교차로 - 교차로안,이륜,남,23세,기타불명,승용,남,27세,경상
2023052000100154,2023년 5월 20일 10시,토요일,충청북도 청주시 서원구 사창동,경상사고,0,0,1,0,차대사람 - 기타,안전운전불이행,건조,맑음,단일로 - 기타,화물,남,64세,상해없음,보행자,남,5세,경상
2023052000100155,2023년 5월 20일 10시,토요일,충청북도 청주시 흥덕구 강서동,경상사고,0,0,1,0,차대차 - 측면충돌,안전운전불이행,건조,맑음,단일로 - 기타,승용,남,61세,상해없음,승용,여,56세,경상
2023052000100156,2023년 5월 20일 10시,토요일,충청북도 청주시 서원구 수곡동,부상신고사고,0,0,0,1,차대사람 - 기타,안전운전불이행,건조,맑음,단일로 - 지하차도(도로)내,승합,남,57세,상해없음,보행자,남,64세,부상신고
2023052000100244,2023년 5월 20일 12시,토요일,충청북도 충주시 교현동,경상사고,0,0,1,0,차대차 - 측면충돌,신호위반,건조,맑음,교차로 - 교차로안,화물,남,66세,상해없음,승용,여,78세,경상
2023052000100245,2023년 5월 20일 12시,토요일,충청북도 보은군 수한면,경상사고,0,0,1,0,차대차 - 기타,안전운전불이행,건조,맑음,단일로 - 기타,건설기계,남,40세,상해없음,자전거,남,46세,경상
2023052000100296,2023년 5월 20일 13시,토요일,충청북도 청주시 상당구 북문로2가,중상사고,0,1,0,0,차대사람 - 차도통행중,안전운전불이행,건조,맑음,단일로 - 기타,이륜,남,16세,상해없음,보행자,남,87세,중상
2023052000100297,2023년 5월 20일 13시,토요일,충청북도 제천시 송학면,경상사고,0,0,1,0,차량단독 - 공작물충돌,안전운전불이행,건조,맑음,단일로 - 기타,화물,남,63세,경상,,,,
2023052000100298,2023년 5월 20일 13시,토요일,충청북도 제천시 하소동,부상신고사고,0,0,0,1,차대차 - 측면충돌,교차로운행방법위반,건조,맑음,교차로 - 교차로안,승용,여,39세,기타불명,승용,여,47세,부상신고
2023052000100342,2023년 5월 20일 14시,토요일,충청북도 청주시 흥덕구 가경동,경상사고,0,0,1,0,차대차 - 정면충돌,안전운전불이행,건조,맑음,단일로 - 기타,승용,여,56세,상해없음,승용,여,33세,상해없음
2023052000100391,2023년 5월 20일 15시,토요일,충청북도 음성군 감곡면,중상사고,0,1,2,0,차대차 - 정면충돌,중앙선침범,건조,맑음,단일로 - 기타,승용,여,49세,경상,승용,남,58세,중상
2023052000100432,2023년 5월 20일 16시,토요일,충청북도 제천시 고명동,경상사고,0,0,1,0,차대차 - 측면충돌,신호위반,건조,맑음,교차로 - 교차로안,승용,남,66세,기타불명,승용,남,70세,경상
2023052000100555,2023년 5월 20일 20시,토요일,충청북도 청주시 흥덕구 가경동,경상사고,0,0,1,0,차대차 - 측면충돌,중앙선침범,건조,맑음,기타 - 기타,이륜,남,43세,상해없음,승용,남,21세,경상
2023052000100556,2023년 5월 20일 20시,토요일,충청북도 청주시 흥덕구 석소동,경상사고,0,0,4,0,차대차 - 추돌,안전운전불이행,건조,맑음,단일로 - 기타,승합,남,49세,상해없음,승용,남,28세,경상
2023052000100607,2023년 5월 20일 22시,토요일,충청북도 충주시 연수동,중상사고,0,1,0,0,차대사람 - 횡단중,신호위반,건조,맑음,기타 - 기타,승용,남,48세,상해없음,보행자,여,60세,중상
2023052000100623,2023년 5월 20일 23시,토요일,충청북도 음성군 대소면,중상사고,0,2,0,0,차대차 - 측면충돌,안전운전불이행,건조,맑음,기타 - 기타,승용,남,38세,상해없음,승용,남,57세,중상
2023052100100008,2023년 5월 21일 00시,일요일,충청북도 제천시 봉양읍,경상사고,0,0,1,0,차대차 - 측면충돌,안전운전불이행,건조,맑음,단일로 - 기타,승용,남,47세,상해없음,승용,여,62세,경상
2023052100100034,2023년 5월 21일 03시,일요일,충청북도 청주시 흥덕구 비하동,경상사고,0,0,1,0,차대차 - 추돌,안전운전불이행,건조,맑음,교차로 - 교차로부근,승용,남,22세,상해없음,승용,남,59세,경상
2023052100100048,2023년 5월 21일 06시,일요일,충청북도 괴산군 괴산읍,중상사고,0,1,1,0,차대차 - 측면충돌,중앙선침범,건조,맑음,단일로 - 기타,승용,여,37세,경상,농기계,남,18세,중상
2023052100100076,2023년 5월 21일 09시,일요일,충청북도 제천시 백운면,사망사고,1,0,0,0,차량단독 - 공작물충돌,안전운전불이행,건조,맑음,단일로 - 지하차도(도로)내,이륜,남,53세,사망,,,,
2023052100100118,2023년 5월 21일 11시,일요일,충청북도 충주시 지현동,경상사고,0,0,1,0,차대사람 - 횡단중,안전운전불이행,건조,맑음,단일로 - 기타,승용,여,60세,상해없음,보행자,남,5세,경상
2023052100100149,2023년 5월 21일 12시,일요일,충청북도 충주시 단월동,경상사고,0,0,1,0,차대차 - 측면충돌,신호위반,건조,맑음,교차로 - 교차로안,승용,남,79세,상해없음,승용,여,28세,경상
2023052100100179,2023년 5월 21일 13시,일요일,충청북도 청주시 서원구 사직동,중상사고,0,1,1,0,차대차 - 추돌,안전운전불이행,건조,맑음,교차로 - 교차로안,승용,남,51세,상해없음,승용,남,67세,중상
2023052100100180,2023년 5월 21일 13시,일요일,충청북도 충주시 중앙탑면,경상사고,0,0,4,0,차대차 - 기타,직진우회전진행방해,건조,맑음,교차로 - 교차로안,화물,남,61세,상해없음,승용,남,63세,경상
2023052100100276,2023년 5월 21일 16시,일요일,충청북도 청주시 흥덕구 강서동,중상사고,0,1,0,1,차대사람 - 보도통행중,안전운전불이행,건조,맑음,교차로 - 교차로부근,개인형이동수단(PM),여,20세,부상신고,보행자,여,11세,중상
2023052100100278,2023년 5월 21일 16시,일요일,충청북도 청주시 서원구 남이면,경상사고,0,0,2,0,차대차 - 측면충돌,안전운전불이행,건조,맑음,단일로 - 기타,승용,남,66세,기타불명,승용,남,70세,경상
2023052100100307,2023년 5월 21일 17시,일요일,충청북도 제천시 봉양읍,경상사고,0,0,3,0,차대차 - 측면충돌,신호위반,건조,맑음,교차로 - 교차로안,승용,여,49세,경상,화물,여,63세,경상
2023052100100308,2023년 5월 21일 17시,일요일,충청북도 진천군 진천읍,경상사고,0,0,1,0,차대차 - 측면충돌,안전운전불이행,건조,맑음,단일로 - 기타,화물,남,29세,상해없음,승용,여,56세,경상
2023052100100340,2023년 5월 21일 18시,일요일,충청북도 제천시 송학면,중상사고,0,1,0,0,차대차 - 정면충돌,중앙선침범,건조,맑음,단일로 - 기타,승용,남,62세,상해없음,승용,여,56세,중상
2023052100100384,2023년 5월 21일 20시,일요일,충청북도 청주시 상당구 용암동,경상사고,0,0,1,0,차량단독 - 기타,안전운전불이행,건조,맑음,교차로 - 교차로안,승합,남,44세,상해없음,,,,
2023052100100385,2023년 5월 21일 20시,일요일,충청북도 청주시 상당구 문의면,경상사고,0,0,1,0,차대차 - 기타,안전운전불이행,건조,맑음,단일로 - 기타,승용,남,28세,상해없음,화물,남,56세,상해없음
2023052100100423,2023년 5월 21일 21시,일요일,충청북도 청주시 상당구 금천동,경상사고,0,0,3,0,차대차 - 측면충돌,차로위반,건조,맑음,교차로 - 교차로안,승용,여,58세,상해없음,승용,남,31세,경상
2023052100100460,2023년 5월 21일 23시,일요일,충청북도 청주시 청원구 율량동,경상사고,0,0,1,0,차대사람 - 기타,기타,건조,맑음,단일로 - 기타,승용,남,34세,상해없음,보행자,여,26세,경상
2023052200100044,2023년 5월 22일 07시,월요일,충청북도 청주시 청원구 율량동,경상사고,0,0,1,0,차대차 - 추돌,안전거리미확보,건조,맑음,단일로 - 기타,승합,남,52세,상해없음,승용,남,33세,경상
2023052200100045,2023년 5월 22일 07시,월요일,충청북도 단양군 가곡면,경상사고,0,0,1,0,차대차 - 기타,안전운전불이행,건조,맑음,기타 - 기타,건설기계,남,60세,상해없음,승용,여,34세,경상
2023052200100046,2023년 5월 22일 07시,월요일,충청북도 청주시 흥덕구 복대동,중상사고,0,1,3,0,차대차 - 추돌,안전운전불이행,건조,맑음,교차로 - 교차로부근,승합,남,30세,상해없음,승용,남,64세,경상
2023052200100076,2023년 5월 22일 08시,월요일,충청북도 청주시 청원구 내덕동,경상사고,0,0,5,0,차대차 - 추돌,안전운전불이행,건조,맑음,교차로 - 교차로부근,화물,여,40세,상해없음,승용,남,31세,경상
2023052200100119,2023년 5월 22일 09시,월요일,충청북도 충주시 동량면,경상사고,0,0,1,0,차대차 - 추돌,안전운전불이행,건조,맑음,단일로 - 기타,화물,남,68세,상해없음,승용,남,60세,경상
2023052200100120,2023년 5월 22일 09시,월요일,충청북도 청주시 흥덕구 복대동,중상사고,0,1,0,0,차대차 - 기타,안전운전불이행,건조,맑음,교차로 - 교차로부근,화물,남,41세,상해없음,승용,여,39세,중상
2023052200100150,2023년 5월 22일 10시,월요일,충청북도 영동군 영동읍,중상사고,0,2,0,0,차대차 - 측면충돌,직진우회전진행방해,건조,맑음,교차로 - 교차로안,건설기계,남,47세,상해없음,이륜,남,75세,중상
2023052200100151,2023년 5월 22일 10시,월요일,충청북도 진천군 진천읍,경상사고,0,0,1,0,차대차 - 측면충돌,안전운전불이행,건조,맑음,교차로 - 교차로부근,화물,남,75세,상해없음,승용,남,69세,경상
2023052200100152,2023년 5월 22일 10시,월요일,충청북도 청주시 서원구 남이면,중상사고,0,1,0,0,차대차 - 정면충돌,안전운전불이행,건조,흐림,교차로 - 교차로안,승용,남,31세,상해없음,이륜,남,70세,중상
2023052200100153,2023년 5월 22일 10시,월요일,충청북도 청주시 서원구 분평동,경상사고,0,0,4,0,차대차 - 측면충돌,안전운전불이행,건조,맑음,단일로 - 기타,승용,남,28세,경상,승용,남,66세,경상
2023052200100181,2023년 5월 22일 11시,월요일,충청북도 청주시 흥덕구 복대동,중상사고,0,1,0,0,차대차 - 후진중충돌,안전운전불이행,건조,맑음,교차로 - 교차로부근,승용,남,74세,상해없음,승용,남,39세,중상