사고번호,사고일시,요일,시군구,사고내용,사망자수,중상자수,경상자수,부상신고자수,사고유형,법규위반,노면상태,기상상태,도로형태,가해운전자 차종,가해운전자 성별,가해운전자 연령,가해운전자 상해정도,피해운전자 차종,피해운전자 성별,피해운전자 연령,피해운전자 상해정도
2023052700100167,2023년 5월 27일 11시,토요일,충청북도 단양군 매포읍,경상사고,0,0,2,0,차대차 - 추돌,교차로운행방법위반,건조,맑음,교차로 - 교차로안,승용,여,47세,상해없음,승용,남,47세,경상
2023052700100214,2023년 5월 27일 12시,토요일,충청북도 충주시 대소원면,경상사고,0,0,9,0,차대차 - 측면충돌,신호위반,젖음/습기,비,교차로 - 교차로안,승용,남,54세,경상,승합,남,59세,경상
2023052700100215,2023년 5월 27일 12시,토요일,충청북도 단양군 대강면,경상사고,0,0,1,0,차대차 - 기타,안전운전불이행,젖음/습기,맑음,기타 - 기타,이륜,남,39세,경상,승용,남,49세,상해없음
2023052700100288,2023년 5월 27일 14시,토요일,충청북도 보은군 속리산면,중상사고,0,2,0,0,차대차 - 측면충돌,중앙선침범,건조,맑음,단일로 - 기타,승용,여,56세,상해없음,승용,남,75세,중상
2023052700100324,2023년 5월 27일 15시,토요일,충청북도 충주시 호암동,중상사고,0,1,0,0,차량단독 - 전도전복 - 전도,안전운전불이행,젖음/습기,비,단일로 - 기타,이륜,여,62세,중상,,,,
2023052700100325,2023년 5월 27일 15시,토요일,충청북도 영동군 용산면,경상사고,0,0,1,0,차대차 - 추돌,안전운전불이행,건조,맑음,단일로 - 기타,승용,남,54세,상해없음,화물,남,52세,경상
2023052700100363,2023년 5월 27일 16시,토요일,충청북도 청주시 서원구 현도면,경상사고,0,0,2,0,차대차 - 측면충돌,직진우회전진행방해,건조,맑음,교차로 - 교차로안,승용,남,23세,기타불명,승용,남,20세,상해없음
2023052700100502,2023년 5월 27일 20시,토요일,충청북도 청주시 청원구 내덕동,경상사고,0,0,1,0,차대차 - 추돌,안전운전불이행,건조,맑음,교차로 - 교차로부근,승용,남,54세,상해없음,이륜,남,36세,경상
2023052700100503,2023년 5월 27일 20시,토요일,충청북도 제천시 화산동,중상사고,0,1,0,0,차대사람 - 횡단중,보행자보호의무위반,건조,맑음,교차로 - 교차로횡단보도내,승합,남,55세,상해없음,보행자,남,62세,중상
2023052700100504,2023년 5월 27일 20시,토요일,충청북도 제천시 장락동,중상사고,0,1,0,0,차대사람 - 길가장자리구역통행중,안전운전불이행,젖음/습기,비,교차로 - 교차로부근,승용,남,32세,상해없음,보행자,여,80세,중상
2023052700100577,2023년 5월 27일 22시,토요일,충청북도 영동군 영동읍,부상신고사고,0,0,0,1,차대차 - 측면충돌,안전운전불이행,건조,맑음,기타 - 기타,승용,여,50세,상해없음,이륜,남,17세,부상신고
2023052800100012,2023년 5월 28일 00시,일요일,충청북도 진천군 광혜원면,중상사고,0,1,0,0,차대사람 - 횡단중,보행자보호의무위반,건조,맑음,교차로 - 교차로안,승용,남,27세,상해없음,보행자,남,38세,중상
2023052800100013,2023년 5월 28일 00시,일요일,충청북도 청주시 흥덕구 송정동,중상사고,0,1,0,0,차대차 - 기타,안전운전불이행,건조,맑음,단일로 - 기타,기타불명,기타불명,미분류,기타불명,개인형이동수단(PM),남,51세,중상
2023052800100047,2023년 5월 28일 03시,일요일,충청북도 제천시 명동,중상사고,0,1,0,0,차대사람 - 기타,안전운전불이행,젖음/습기,비,단일로 - 기타,승용,남,22세,기타불명,보행자,남,43세,중상
2023052800100079,2023년 5월 28일 08시,일요일,충청북도 청주시 상당구 서운동,경상사고,0,0,1,0,차대사람 - 기타,안전운전불이행,젖음/습기,비,단일로 - 기타,승합,남,33세,상해없음,보행자,여,60세,경상
2023052800100096,2023년 5월 28일 09시,일요일,충청북도 충주시 문화동,중상사고,0,1,0,0,차대차 - 측면충돌,안전운전불이행,젖음/습기,비,교차로 - 교차로안,승용,남,22세,상해없음,승용,여,55세,중상
2023052800100111,2023년 5월 28일 10시,일요일,충청북도 청주시 흥덕구 가경동,중상사고,0,1,0,0,차대차 - 추돌,교차로운행방법위반,젖음/습기,비,교차로 - 교차로안,승용,남,65세,상해없음,이륜,남,30세,중상
2023052800100131,2023년 5월 28일 11시,일요일,충청북도 옥천군 옥천읍,경상사고,0,0,1,0,차대차 - 정면충돌,교차로운행방법위반,건조,맑음,교차로 - 교차로안,승용,남,70세,상해없음,승용,남,21세,경상
2023052800100154,2023년 5월 28일 12시,일요일,충청북도 진천군 덕산읍,경상사고,0,0,1,0,차대차 - 기타,신호위반,건조,맑음,교차로 - 교차로안,승용,여,57세,상해없음,이륜,남,41세,경상
2023052800100178,2023년 5월 28일 13시,일요일,충청북도 청주시 청원구 내수읍,경상사고,0,0,3,0,차대차 - 측면충돌,안전거리미확보,젖음/습기,비,교차로 - 교차로부근,승용,남,81세,상해없음,승용,남,29세,경상
2023052800100179,2023년 5월 28일 13시,일요일,충청북도 괴산군 괴산읍,경상사고,0,0,1,0,차대차 - 추돌,기타,젖음/습기,비,단일로 - 기타,승용,남,25세,상해없음,승용,남,44세,경상
2023052800100213,2023년 5월 28일 14시,일요일,충청북도 제천시 장락동,경상사고,0,0,1,0,차대사람 - 보도통행중,보행자보호의무위반,젖음/습기,비,기타 - 기타,승용,여,57세,상해없음,보행자,남,9세,경상
2023052800100214,2023년 5월 28일 14시,일요일,충청북도 음성군 생극면,경상사고,0,0,1,0,차대차 - 후진중충돌,안전운전불이행,젖음/습기,비,교차로 - 교차로안,승용,여,53세,상해없음,이륜,남,83세,경상
2023052800100215,2023년 5월 28일 14시,일요일,충청북도 청주시 서원구 수곡동,경상사고,0,0,1,0,차대차 - 추돌,안전운전불이행,젖음/습기,비,단일로 - 기타,승용,남,45세,상해없음,승용,남,65세,경상
2023052800100245,2023년 5월 28일 15시,일요일,충청북도 청주시 흥덕구 봉명동,경상사고,0,0,1,0,차대차 - 추돌,안전운전불이행,젖음/습기,비,교차로 - 교차로부근,승용,남,62세,상해없음,이륜,남,41세,경상
2023052800100277,2023년 5월 28일 16시,일요일,충청북도 청주시 청원구 오동동,중상사고,0,1,2,0,차량단독 - 공작물충돌,안전거리미확보,젖음/습기,비,단일로 - 기타,승용,남,57세,중상,,,,
2023052800100278,2023년 5월 28일 16시,일요일,충청북도 청주시 흥덕구 향정동,경상사고,0,0,1,0,차대차 - 추돌,안전운전불이행,젖음/습기,비,단일로 - 기타,승용,남,45세,상해없음,승용,여,49세,경상
2023052800100279,2023년 5월 28일 16시,일요일,충청북도 청주시 흥덕구 복대동,경상사고,0,0,1,0,차대차 - 측면충돌,교차로운행방법위반,건조,맑음,교차로 - 교차로안,승용,남,71세,상해없음,승용,여,63세,경상
2023052800100280,2023년 5월 28일 16시,일요일,충청북도 청주시 상당구 남일면,경상사고,0,0,1,0,차대차 - 측면충돌,안전운전불이행,젖음/습기,비,단일로 - 지하차도(도로)내,승용,여,64세,상해없음,승용,남,57세,경상
2023052800100299,2023년 5월 28일 17시,일요일,충청북도 진천군 문백면,경상사고,0,0,2,0,차대사람 - 기타,기타,건조,맑음,주차장 - 주차장,승용,여,58세,상해없음,보행자,남,37세,경상
2023052800100321,2023년 5월 28일 18시,일요일,충청북도 충주시 호암동,경상사고,0,0,2,0,차대차 - 기타,신호위반,젖음/습기,비,교차로 - 교차로부근,승용,여,40세,상해없음,승용,여,32세,경상
2023052800100322,2023년 5월 28일 18시,일요일,충청북도 증평군 증평읍,경상사고,0,0,5,0,차대차 - 추돌,안전운전불이행,젖음/습기,비,교차로 - 교차로부근,승용,여,63세,상해없음,승용,여,41세,경상
2023052800100342,2023년 5월 28일 19시,일요일,충청북도 단양군 단양읍,경상사고,0,0,8,0,차대차 - 추돌,안전운전불이행,젖음/습기,비,교차로 - 교차로안,승용,남,56세,상해없음,승합,남,62세,경상
2023052800100343,2023년 5월 28일 19시,일요일,충청북도 청주시 상당구 용암동,경상사고,0,0,1,0,차대차 - 측면충돌,안전운전불이행,젖음/습기,비,단일로 - 기타,승용,남,27세,기타불명,승용,여,67세,경상
2023052800100414,2023년 5월 28일 21시,일요일,충청북도 음성군 맹동면,경상사고,0,0,1,0,차대차 - 추돌,차로위반,젖음/습기,비,교차로 - 교차로부근,이륜,남,46세,경상,승용,남,30세,상해없음
2023052800100415,2023년 5월 28일 21시,일요일,충청북도 청주시 흥덕구 복대동,경상사고,0,0,1,0,차대사람 - 횡단중,신호위반,젖음/습기,비,교차로 - 교차로부근,이륜,남,23세,상해없음,보행자,여,23세,경상
2023052800100439,2023년 5월 28일 22시,일요일,충청북도 청주시 상당구 금천동,경상사고,0,0,1,0,차대사람 - 기타,안전운전불이행,젖음/습기,비,단일로 - 지하차도(도로)내,승용,남,71세,상해없음,보행자,남,23세,경상
2023052900100070,2023년 5월 29일 08시,월요일,충청북도 청주시 서원구 남이면,중상사고,0,1,0,0,차대차 - 측면충돌,신호위반,젖음/습기,비,단일로 - 기타,화물,남,62세,상해없음,승용,남,30세,중상
2023052900100090,2023년 5월 29일 09시,월요일,충청북도 청주시 흥덕구 봉명동,경상사고,0,0,2,0,차대차 - 정면충돌,안전운전불이행,건조,맑음,교차로 - 교차로안,승용,남,65세,상해없음,화물,남,39세,경상
2023052900100091,2023년 5월 29일 09시,월요일,충청북도 옥천군 군북면,사망사고,1,0,1,0,차대차 - 측면충돌,안전운전불이행,젖음/습기,비,단일로 - 터널,화물,남,62세,사망,화물,남,52세,상해없음
2023052900100126,2023년 5월 29일 11시,월요일,충청북도 제천시 장락동,부상신고사고,0,0,0,1,차대사람 - 횡단중,안전운전불이행,젖음/습기,흐림,단일로 - 기타,승용,여,22세,상해없음,보행자,남,60세,부상신고
2023052900100203,2023년 5월 29일 14시,월요일,충청북도 옥천군 청성면,중상사고,0,1,1,0,차대차 - 정면충돌,중앙선침범,젖음/습기,비,단일로 - 기타,화물,여,68세,경상,승용,여,69세,중상
2023052900100205,2023년 5월 29일 14시,월요일,충청북도 청주시 상당구 문화동,중상사고,0,1,0,0,차대사람 - 기타,안전운전불이행,건조,맑음,기타 - 기타,승합,남,51세,상해없음,보행자,여,78세,중상
2023052900100250,2023년 5월 29일 15시,월요일,충청북도 제천시 의림동,경상사고,0,0,1,0,차대차 - 측면충돌,신호위반,건조,맑음,교차로 - 교차로안,승용,남,38세,상해없음,화물,남,56세,상해없음
2023052900100251,2023년 5월 29일 15시,월요일,충청북도 단양군 매포읍,경상사고,0,0,1,0,차대차 - 정면충돌,안전운전불이행,건조,맑음,단일로 - 기타,승용,여,58세,경상,승용,남,75세,상해없음
2023052900100252,2023년 5월 29일 15시,월요일,충청북도 청주시 흥덕구 봉명동,부상신고사고,0,0,0,1,차대사람 - 길가장자리구역통행중,안전운전불이행,건조,맑음,단일로 - 기타,승용,여,52세,상해없음,보행자,남,30세,부상신고
2023052900100276,2023년 5월 29일 16시,월요일,충청북도 제천시 봉양읍,경상사고,0,0,3,0,차대차 - 기타,안전운전불이행,건조,맑음,교차로 - 교차로안,승용,남,76세,경상,승용,남,61세,경상
2023052900100314,2023년 5월 29일 17시,월요일,충청북도 청주시 청원구 우암동,경상사고,0,0,1,0,차대차 - 측면충돌,안전운전불이행,젖음/습기,맑음,단일로 - 기타,화물,남,49세,상해없음,승용,남,32세,경상
2023052900100315,2023년 5월 29일 17시,월요일,충청북도 청주시 흥덕구 복대동,경상사고,0,0,1,0,차대차 - 측면충돌,신호위반,건조,흐림,교차로 - 교차로부근,이륜,남,21세,상해없음,승용,남,36세,경상
2023052900100316,2023년 5월 29일 17시,월요일,충청북도 청주시 상당구 남일면,중상사고,0,1,0,0,차량단독 - 공작물충돌,안전운전불이행,건조,맑음,단일로 - 지하차도(도로)내,이륜,남,56세,중상,,,,
2023052900100317,2023년 5월 29일 17시,월요일,충청북도 청주시 서원구 장성동,중상사고,0,2,0,0,차대차 - 측면충돌,중앙선침범,건조,맑음,교차로 - 교차로부근,화물,남,60세,중상,승용,여,49세,중상
2023052900100357,2023년 5월 29일 18시,월요일,충청북도 청주시 흥덕구 복대동,경상사고,0,0,1,0,차대차 - 측면충돌,안전거리미확보,건조,맑음,단일로 - 기타,이륜,남,46세,상해없음,승용,남,63세,경상
2023052900100435,2023년 5월 29일 21시,월요일,충청북도 청주시 서원구 사창동,중상사고,0,4,0,0,차대차 - 추돌,안전거리미확보,건조,맑음,교차로 - 교차로안,승용,남,19세,상해없음,승용,남,24세,중상
2023052900100436,2023년 5월 29일 21시,월요일,충청북도 진천군 광혜원면,중상사고,0,1,0,0,차대차 - 정면충돌,중앙선침범,건조,맑음,단일로 - 기타,승용,남,47세,상해없음,화물,남,55세,중상
2023052900100452,2023년 5월 29일 22시,월요일,충청북도 충주시 호암동,중상사고,0,1,0,0,차대사람 - 차도통행중,안전운전불이행,건조,맑음,단일로 - 기타,이륜,남,40세,상해없음,보행자,남,45세,중상
2023053000100048,2023년 5월 30일 07시,화요일,충청북도 청주시 흥덕구 복대동,경상사고,0,0,1,0,차대사람 - 횡단중,안전운전불이행,건조,맑음,기타 - 기타,이륜,기타불명,미분류,기타불명,보행자,남,55세,경상
2023053000100083,2023년 5월 30일 08시,화요일,충청북도 충주시 교현동,중상사고,0,1,0,0,차대사람 - 기타,안전운전불이행,건조,맑음,교차로 - 교차로부근,승용,남,71세,상해없음,보행자,여,66세,중상
2023053000100084,2023년 5월 30일 08시,화요일,충청북도 증평군 도안면,경상사고,0,0,3,0,차대차 - 측면충돌,기타,건조,맑음,교차로 - 교차로안,승용,남,30세,경상,승용,여,59세,경상
2023053000100085,2023년 5월 30일 08시,화요일,충청북도 진천군 진천읍,경상사고,0,0,1,0,차대차 - 추돌,안전운전불이행,건조,맑음,단일로 - 기타,승용,여,47세,상해없음,승용,여,27세,경상
2023053000100086,2023년 5월 30일 08시,화요일,충청북도 청주시 서원구 죽림동,경상사고,0,0,1,0,차대차 - 추돌,안전운전불이행,건조,맑음,교차로 - 교차로부근,승용,남,22세,상해없음,승용,여,49세,경상
2023053000100138,2023년 5월 30일 09시,화요일,충청북도 청주시 청원구 우암동,경상사고,0,0,2,0,차대차 - 측면충돌,안전거리미확보,건조,맑음,단일로 - 기타,승용,남,58세,상해없음,승용,여,51세,경상
2023053000100139,2023년 5월 30일 09시,화요일,충청북도 청주시 상당구 방서동,경상사고,0,0,2,0,차대차 - 측면충돌,안전거리미확보,건조,맑음,단일로 - 기타,승용,여,33세,경상,화물,남,67세,경상
2023053000100171,2023년 5월 30일 10시,화요일,충청북도 음성군 맹동면,중상사고,0,1,1,0,차대차 - 정면충돌,교차로운행방법위반,건조,맑음,교차로 - 교차로안,승용,남,62세,경상,승용,여,39세,중상
2023053000100172,2023년 5월 30일 10시,화요일,충청북도 청주시 서원구 사창동,중상사고,0,1,1,0,차대차 - 기타,불법유턴,건조,맑음,단일로 - 기타,원동기,여,71세,경상,승용,남,71세,중상
2023053000100245,2023년 5월 30일 12시,화요일,충청북도 청주시 청원구 우암동,경상사고,0,0,1,0,차대차 - 후진중충돌,안전운전불이행,건조,맑음,교차로 - 교차로안,승용,여,67세,상해없음,승용,남,40세,경상
2023053000100246,2023년 5월 30일 12시,화요일,충청북도 제천시 강제동,중상사고,0,1,1,0,차대차 - 측면충돌,안전운전불이행,건조,맑음,교차로 - 교차로안,승용,여,54세,경상,승용,남,31세,중상
2023053000100247,2023년 5월 30일 12시,화요일,충청북도 청주시 흥덕구 신봉동,경상사고,0,0,1,0,차대차 - 기타,안전운전불이행,건조,맑음,단일로 - 기타,승용,여,56세,상해없음,이륜,남,63세,경상
2023053000100279,2023년 5월 30일 13시,화요일,충청북도 충주시 봉방동,경상사고,0,0,1,0,차대차 - 측면충돌,안전운전불이행,건조,맑음,교차로 - 교차로안,화물,남,47세,상해없음,자전거,남,74세,경상
2023053000100318,2023년 5월 30일 14시,화요일,충청북도 괴산군 장연면,경상사고,0,0,2,0,차대차 - 추돌,안전운전불이행,건조,맑음,단일로 - 기타,승용,남,23세,상해없음,승용,남,81세,경상
2023053000100353,2023년 5월 30일 15시,화요일,충청북도 청주시 상당구 가덕면,중상사고,0,1,0,0,차대차 - 기타,안전운전불이행,건조,맑음,교차로 - 교차로부근,건설기계,남,64세,상해없음,승용,남,75세,중상
2023053000100479,2023년 5월 30일 18시,화요일,충청북도 청주시 서원구 사창동,중상사고,0,1,0,0,차대차 - 측면충돌,안전운전불이행,건조,맑음,단일로 - 기타,승용,남,66세,상해없음,이륜,남,39세,중상
2023053000100480,2023년 5월 30일 18시,화요일,충청북도 충주시 목행동,경상사고,0,0,1,0,차대차 - 추돌,안전운전불이행,건조,맑음,단일로 - 기타,승용,여,71세,상해없음,승용,여,51세,경상
2023053000100481,2023년 5월 30일 18시,화요일,충청북도 진천군 진천읍,부상신고사고,0,0,0,1,차대차 - 측면충돌,안전운전불이행,건조,맑음,단일로 - 기타,이륜,남,17세,부상신고,승용,남,50세,상해없음
2023053000100482,2023년 5월 30일 18시,화요일,충청북도 진천군 덕산읍,중상사고,0,1,0,0,차대차 - 측면충돌,안전운전불이행,건조,맑음,교차로 - 교차로안,승합,남,74세,상해없음,이륜,남,22세,중상
2023053000100514,2023년 5월 30일 19시,화요일,충청북도 청주시 청원구 오창읍,중상사고,0,1,0,0,차대차 - 기타,기타,건조,맑음,단일로 - 기타,승용,남,33세,상해없음,이륜,남,48세,중상
2023053000100515,2023년 5월 30일 19시,화요일,충청북도 청주시 흥덕구 강서동,경상사고,0,0,1,0,차대차 - 측면충돌,교차로운행방법위반,건조,맑음,교차로 - 교차로안,승용,남,48세,기타불명,승용,여,30세,경상
2023053000100575,2023년 5월 30일 22시,화요일,충청북도 증평군 증평읍,경상사고,0,0,1,0,차대차 - 측면충돌,안전거리미확보,건조,맑음,단일로 - 기타,승용,남,87세,상해없음,승용,여,41세,경상
2023053100100055,2023년 5월 31일 07시,수요일,충청북도 진천군 이월면,경상사고,0,0,1,0,차대차 - 추돌,안전운전불이행,건조,맑음,교차로 - 교차로부근,승용,남,64세,상해없음,승용,남,47세,경상
2023053100100088,2023년 5월 31일 08시,수요일,충청북도 청주시 흥덕구 비하동,경상사고,0,0,1,0,차대차 - 측면충돌,안전운전불이행,건조,맑음,교차로 - 교차로부근,자전거,남,40세,경상,승용,여,44세,상해없음
2023053100100089,2023년 5월 31일 08시,수요일,충청북도 청주시 흥덕구 휴암동,경상사고,0,0,1,0,차대차 - 기타,차로위반,건조,맑음,단일로 - 기타,건설기계,남,62세,상해없음,승용,여,48세,경상
2023053100100125,2023년 5월 31일 09시,수요일,충청북도 청주시 청원구 내수읍,경상사고,0,0,4,0,차대차 - 추돌,안전운전불이행,건조,맑음,단일로 - 기타,승용,남,28세,상해없음,승용,남,46세,경상
2023053100100156,2023년 5월 31일 10시,수요일,충청북도 청주시 청원구 오창읍,중상사고,0,1,0,0,차대차 - 추돌,안전운전불이행,건조,맑음,단일로 - 기타,화물,남,61세,상해없음,승용,여,63세,중상
2023053100100157,2023년 5월 31일 10시,수요일,충청북도 청주시 청원구 외하동,경상사고,0,0,2,0,차대차 - 정면충돌,중앙선침범,건조,맑음,단일로 - 기타,화물,남,50세,상해없음,건설기계,남,54세,경상
2023053100100158,2023년 5월 31일 10시,수요일,충청북도 증평군 증평읍,경상사고,0,0,1,0,차대차 - 추돌,안전거리미확보,건조,맑음,교차로 - 교차로부근,건설기계,남,70세,상해없음,승용,여,63세,경상
2023053100100159,2023년 5월 31일 10시,수요일,충청북도 청주시 상당구 용암동,경상사고,0,0,2,0,차대차 - 측면충돌,안전운전불이행,건조,맑음,단일로 - 기타,승용,남,74세,경상,승용,남,27세,경상
2023053100100243,2023년 5월 31일 13시,수요일,충청북도 청주시 흥덕구 송정동,경상사고,0,0,1,0,차대차 - 측면충돌,교차로운행방법위반,건조,맑음,교차로 - 교차로안,승용,남,55세,상해없음,개인형이동수단(PM),남,21세,경상
2023053100100244,2023년 5월 31일 13시,수요일,충청북도 청주시 흥덕구 복대동,경상사고,0,0,1,0,차대차 - 측면충돌,안전운전불이행,건조,맑음,교차로 - 교차로부근,승용,남,71세,상해없음,승용,여,58세,경상
2023053100100245,2023년 5월 31일 13시,수요일,충청북도 청주시 상당구 남문로1가,경상사고,0,0,1,0,차대사람 - 기타,안전운전불이행,건조,맑음,단일로 - 기타,기타불명,남,53세,상해없음,보행자,여,71세,경상
2023053100100281,2023년 5월 31일 14시,수요일,충청북도 청주시 청원구 오창읍,중상사고,0,1,0,0,차대사람 - 보도통행중,안전운전불이행,건조,맑음,기타 - 기타,개인형이동수단(PM),남,14세,상해없음,보행자,남,43세,중상
2023053100100282,2023년 5월 31일 14시,수요일,충청북도 충주시 문화동,중상사고,0,1,0,0,차대차 - 기타,안전운전불이행,건조,맑음,교차로 - 교차로안,승용,여,61세,상해없음,자전거,남,73세,중상
2023053100100283,2023년 5월 31일 14시,수요일,충청북도 옥천군 옥천읍,경상사고,0,0,1,0,차대차 - 측면충돌,안전운전불이행,건조,맑음,교차로 - 교차로안,이륜,남,87세,경상,승용,남,60세,상해없음
2023053100100284,2023년 5월 31일 14시,수요일,충청북도 청주시 흥덕구 강서동,경상사고,0,0,1,0,차량단독 - 기타,안전운전불이행,건조,맑음,기타 - 기타,승용,남,69세,상해없음,,,,
2023053100100285,2023년 5월 31일 14시,수요일,충청북도 청주시 흥덕구 가경동,경상사고,0,0,2,0,차대차 - 측면충돌,안전거리미확보,건조,맑음,교차로 - 교차로안,승용,여,45세,경상,승용,여,32세,경상
2023053100100286,2023년 5월 31일 14시,수요일,충청북도 청주시 서원구 모충동,경상사고,0,0,1,0,차대차 - 추돌,안전거리미확보,건조,맑음,교차로 - 교차로안,승용,여,37세,상해없음,승용,남,48세,경상
2023053100100326,2023년 5월 31일 15시,수요일,충청북도 증평군 증평읍,경상사고,0,0,1,0,차대사람 - 길가장자리구역통행중,안전운전불이행,건조,맑음,단일로 - 기타,승용,남,73세,상해없음,보행자,남,8세,경상
2023053100100366,2023년 5월 31일 16시,수요일,충청북도 청주시 서원구 사창동,중상사고,0,1,0,0,차대사람 - 차도통행중,안전운전불이행,건조,맑음,교차로 - 교차로부근,화물,남,63세,상해없음,보행자,여,8세,중상
2023053100100367,2023년 5월 31일 16시,수요일,충청북도 청주시 청원구 오창읍,중상사고,0,1,0,0,차대사람 - 차도통행중,안전운전불이행,건조,맑음,단일로 - 기타,승용,여,49세,상해없음,보행자,남,2세,중상
2023053100100368,2023년 5월 31일 16시,수요일,충청북도 진천군 초평면,중상사고,0,2,2,0,차대차 - 추돌,안전거리미확보,건조,맑음,단일로 - 기타,승용,남,25세,상해없음,승용,여,31세,중상
2023053100100458,2023년 5월 31일 18시,수요일,충청북도 제천시 신월동,부상신고사고,0,0,0,1,차량단독 - 공작물충돌,안전운전불이행,건조,맑음,교차로 - 교차로부근,승용,남,32세,부상신고,,,,
2023053100100459,2023년 5월 31일 18시,수요일,충청북도 보은군 산외면,경상사고,0,0,1,0,차대차 - 측면충돌,안전운전불이행,건조,맑음,단일로 - 기타,화물,남,65세,상해없음,승용,여,40세,경상
2023053100100508,2023년 5월 31일 19시,수요일,충청북도 청주시 흥덕구 봉명동,경상사고,0,0,1,0,차대차 - 측면충돌,기타,건조,맑음,단일로 - 기타,이륜,남,24세,상해없음,자전거,여,65세,경상
2023053100100555,2023년 5월 31일 21시,수요일,충청북도 제천시 신월동,경상사고,0,0,1,0,차대차 - 측면충돌,안전운전불이행,건조,맑음,단일로 - 기타,개인형이동수단(PM),남,19세,경상,승용,남,42세,상해없음
2023060100100084,2023년 6월 1일 08시,목요일,충청북도 청주시 청원구 내수읍,경상사고,0,0,2,0,차대차 - 측면충돌,교차로운행방법위반,건조,맑음,기타 - 기타,화물,남,60세,상해없음,승용,여,61세,경상
2023060100100085,2023년 6월 1일 08시,목요일,충청북도 청주시 흥덕구 강서동,경상사고,0,0,1,0,차대차 - 추돌,안전운전불이행,건조,맑음,단일로 - 기타,승용,여,42세,상해없음,승용,남,31세,경상
2023060100100111,2023년 6월 1일 09시,목요일,충청북도 제천시 신월동,사망사고,1,0,1,0,차대차 - 추돌,안전운전불이행,건조,맑음,교차로 - 교차로부근,화물,여,63세,사망,화물,남,60세,경상
2023060100100135,2023년 6월 1일 10시,목요일,충청북도 청주시 청원구 오창읍,중상사고,0,1,0,0,차대사람 - 차도통행중,안전운전불이행,건조,맑음,단일로 - 기타,승용,여,57세,상해없음,보행자,여,74세,중상
2023060100100179,2023년 6월 1일 12시,목요일,충청북도 증평군 증평읍,중상사고,0,1,0,0,차대사람 - 차도통행중,안전운전불이행,건조,맑음,교차로 - 교차로부근,승용,여,70세,상해없음,보행자,여,75세,중상
2023060100100180,2023년 6월 1일 12시,목요일,충청북도 음성군 음성읍,경상사고,0,0,1,0,차대사람 - 기타,안전운전불이행,건조,맑음,교차로 - 교차로안,화물,남,47세,상해없음,보행자,남,60세,경상
2023060100100181,2023년 6월 1일 12시,목요일,충청북도 진천군 덕산읍,경상사고,0,0,1,0,차대차 - 측면충돌,안전운전불이행,건조,맑음,단일로 - 기타,승용,남,57세,상해없음,화물,남,22세,경상
2023060100100217,2023년 6월 1일 13시,목요일,충청북도 청주시 청원구 사천동,경상사고,0,0,1,0,차대차 - 기타,안전거리미확보,건조,맑음,교차로 - 교차로부근,승용,남,67세,상해없음,승용,남,45세,경상
2023060100100218,2023년 6월 1일 13시,목요일,충청북도 청주시 청원구 내덕동,경상사고,0,0,1,0,차대차 - 측면충돌,안전거리미확보,건조,맑음,단일로 - 기타,화물,남,85세,기타불명,승용,남,30세,경상
2023060100100219,2023년 6월 1일 13시,목요일,충청북도 충주시 금릉동,경상사고,0,0,1,0,차대차 - 후진중충돌,안전운전불이행,건조,흐림,단일로 - 기타,승용,남,59세,상해없음,승용,여,65세,경상
2023060100100246,2023년 6월 1일 14시,목요일,충청북도 충주시 살미면,중상사고,0,1,0,0,차대차 - 정면충돌,중앙선침범,건조,맑음,단일로 - 기타,승용,남,65세,상해없음,이륜,여,48세,중상
2023060100100247,2023년 6월 1일 14시,목요일,충청북도 청주시 상당구 석교동,경상사고,0,0,1,0,차대차 - 추돌,안전거리미확보,건조,맑음,교차로 - 교차로부근,승용,남,25세,상해없음,승용,여,58세,경상
2023060100100276,2023년 6월 1일 15시,목요일,충청북도 청주시 청원구 율량동,경상사고,0,0,1,0,차대사람 - 횡단중,안전운전불이행,건조,맑음,교차로 - 교차로안,승용,남,58세,상해없음,보행자,여,21세,경상
2023060100100277,2023년 6월 1일 15시,목요일,충청북도 보은군 보은읍,중상사고,0,1,0,0,차대사람 - 기타,안전운전불이행,건조,맑음,단일로 - 기타,승용,여,78세,상해없음,보행자,남,68세,중상
2023060100100278,2023년 6월 1일 15시,목요일,충청북도 청주시 흥덕구 오송읍,중상사고,0,1,0,0,차대사람 - 기타,안전운전불이행,건조,맑음,단일로 - 지하차도(도로)내,승용,남,62세,상해없음,보행자,남,60세,중상
2023060100100279,2023년 6월 1일 15시,목요일,충청북도 청주시 서원구 남이면,중상사고,0,1,0,0,차대차 - 측면충돌,안전운전불이행,건조,맑음,교차로 - 교차로부근,승용,남,56세,중상,승용,남,56세,상해없음
2023060100100317,2023년 6월 1일 16시,목요일,충청북도 청주시 청원구 율량동,경상사고,0,0,1,0,차대차 - 추돌,신호위반,건조,맑음,교차로 - 교차로안,승용,여,63세,기타불명,승용,남,66세,경상
2023060100100318,2023년 6월 1일 16시,목요일,충청북도 청주시 서원구 분평동,경상사고,0,0,1,0,차대차 - 기타,안전운전불이행,건조,맑음,교차로 - 교차로안,승용,여,50세,상해없음,승용,여,34세,경상