사고번호,사고일시,요일,시군구,사고내용,사망자수,중상자수,경상자수,부상신고자수,사고유형,법규위반,노면상태,기상상태,도로형태,가해운전자 차종,가해운전자 성별,가해운전자 연령,가해운전자 상해정도,피해운전자 차종,피해운전자 성별,피해운전자 연령,피해운전자 상해정도
2023060100100355,2023년 6월 1일 17시,목요일,충청북도 영동군 용산면,경상사고,0,0,1,0,차대차 - 측면충돌,중앙선침범,건조,맑음,단일로 - 기타,승용,여,36세,상해없음,이륜,남,66세,경상
2023060100100398,2023년 6월 1일 18시,목요일,충청북도 청주시 청원구 오창읍,경상사고,0,0,2,0,차대차 - 정면충돌,교차로운행방법위반,건조,맑음,교차로 - 교차로안,이륜,남,27세,경상,승용,여,38세,경상
2023060100100399,2023년 6월 1일 18시,목요일,충청북도 음성군 대소면,경상사고,0,0,1,0,차대차 - 측면충돌,교차로운행방법위반,건조,맑음,교차로 - 교차로안,승용,남,33세,상해없음,승용,여,51세,경상
2023060100100426,2023년 6월 1일 19시,목요일,충청북도 음성군 원남면,중상사고,0,1,0,0,차대차 - 기타,안전운전불이행,건조,맑음,단일로 - 기타,화물,남,73세,중상,승용,남,19세,상해없음
2023060100100445,2023년 6월 1일 20시,목요일,충청북도 제천시 송학면,중상사고,0,2,0,0,차대차 - 측면충돌,안전거리미확보,건조,맑음,단일로 - 기타,승용,여,55세,상해없음,승용,여,55세,중상
2023060100100446,2023년 6월 1일 20시,목요일,충청북도 음성군 원남면,경상사고,0,0,1,0,차대차 - 추돌,안전운전불이행,건조,맑음,교차로 - 교차로부근,승용,남,41세,상해없음,농기계,남,88세,경상
2023060100100475,2023년 6월 1일 21시,목요일,충청북도 보은군 보은읍,경상사고,0,0,1,0,차대사람 - 기타,안전운전불이행,건조,맑음,교차로 - 교차로안,화물,여,24세,상해없음,보행자,여,27세,경상
2023060100100498,2023년 6월 1일 22시,목요일,충청북도 청주시 청원구 오창읍,부상신고사고,0,0,0,1,차대사람 - 기타,안전거리미확보,건조,맑음,기타 - 기타,자전거,남,5세,상해없음,보행자,여,49세,부상신고
2023060100100499,2023년 6월 1일 22시,목요일,충청북도 청주시 서원구 현도면,경상사고,0,0,1,0,차대차 - 기타,안전운전불이행,건조,맑음,단일로 - 기타,화물,남,51세,상해없음,승용,여,42세,경상
2023060100100500,2023년 6월 1일 22시,목요일,충청북도 청주시 상당구 용암동,경상사고,0,0,1,0,차대차 - 측면충돌,안전운전불이행,건조,맑음,교차로 - 교차로안,이륜,남,17세,경상,승용,남,52세,상해없음
2023060100100501,2023년 6월 1일 22시,목요일,충청북도 청주시 상당구 남주동,중상사고,0,1,1,0,차대차 - 측면충돌,안전운전불이행,건조,맑음,교차로 - 교차로안,승용,남,30세,경상,이륜,남,27세,중상
2023060100100521,2023년 6월 1일 23시,목요일,충청북도 보은군 보은읍,중상사고,0,1,0,0,차대차 - 기타,안전운전불이행,건조,맑음,단일로 - 기타,화물,남,67세,상해없음,농기계,남,52세,중상
2023060200100063,2023년 6월 2일 07시,금요일,충청북도 청주시 청원구 오동동,경상사고,0,0,1,0,차대차 - 추돌,안전운전불이행,건조,맑음,교차로 - 교차로부근,승용,여,45세,상해없음,승용,남,35세,경상
2023060200100098,2023년 6월 2일 08시,금요일,충청북도 충주시 산척면,중상사고,0,1,1,0,차대차 - 측면충돌,안전운전불이행,건조,맑음,교차로 - 교차로부근,승용,여,66세,경상,화물,남,68세,중상
2023060200100099,2023년 6월 2일 08시,금요일,충청북도 보은군 보은읍,경상사고,0,0,2,0,차대차 - 측면충돌,중앙선침범,건조,맑음,단일로 - 기타,승용,남,62세,상해없음,승용,여,40세,경상
2023060200100100,2023년 6월 2일 08시,금요일,충청북도 진천군 진천읍,경상사고,0,0,1,0,차대사람 - 보도통행중,기타,건조,맑음,단일로 - 기타,승용,여,26세,상해없음,보행자,여,15세,경상
2023060200100101,2023년 6월 2일 08시,금요일,충청북도 청주시 흥덕구 가경동,경상사고,0,0,1,0,차대차 - 측면충돌,안전운전불이행,건조,맑음,교차로 - 교차로부근,승용,여,43세,상해없음,승용,남,64세,경상
2023060200100167,2023년 6월 2일 10시,금요일,충청북도 괴산군 청안면,경상사고,0,0,2,0,차대사람 - 길가장자리구역통행중,안전운전불이행,건조,맑음,단일로 - 기타,화물,남,45세,상해없음,보행자,남,83세,경상
2023060200100168,2023년 6월 2일 10시,금요일,충청북도 청주시 서원구 죽림동,경상사고,0,0,1,0,차대차 - 기타,안전운전불이행,건조,맑음,교차로 - 교차로안,승용,남,60세,상해없음,이륜,남,57세,경상
2023060200100197,2023년 6월 2일 11시,금요일,충청북도 청주시 흥덕구 송정동,경상사고,0,0,1,0,차대차 - 측면충돌,안전운전불이행,건조,맑음,단일로 - 기타,승용,여,47세,상해없음,승용,남,30세,경상
2023060200100230,2023년 6월 2일 12시,금요일,충청북도 충주시 연수동,경상사고,0,0,1,0,차대사람 - 기타,안전운전불이행,건조,맑음,교차로 - 교차로부근,화물,남,56세,상해없음,보행자,남,78세,경상
2023060200100257,2023년 6월 2일 13시,금요일,충청북도 청주시 청원구 내덕동,경상사고,0,0,1,0,차대사람 - 횡단중,보행자보호의무위반,건조,맑음,교차로 - 교차로부근,승용,남,86세,상해없음,보행자,여,20세,경상
2023060200100258,2023년 6월 2일 13시,금요일,충청북도 제천시 강제동,경상사고,0,0,1,0,차대차 - 기타,차로위반,건조,맑음,기타 - 기타,화물,남,48세,상해없음,승용,여,63세,경상
2023060200100259,2023년 6월 2일 13시,금요일,충청북도 청주시 서원구 남이면,경상사고,0,0,1,0,차대차 - 측면충돌,중앙선침범,건조,맑음,기타 - 기타,승용,남,85세,상해없음,화물,여,55세,경상
2023060200100260,2023년 6월 2일 13시,금요일,충청북도 충주시 노은면,경상사고,0,0,9,0,차대차 - 추돌,안전운전불이행,건조,맑음,기타 - 기타,승용,남,35세,경상,승용,남,42세,경상
2023060200100298,2023년 6월 2일 14시,금요일,충청북도 충주시 충의동,경상사고,0,0,1,0,차대사람 - 기타,안전운전불이행,건조,맑음,교차로 - 교차로안,기타불명,여,66세,기타불명,보행자,남,59세,경상
2023060200100446,2023년 6월 2일 17시,금요일,충청북도 청주시 흥덕구 복대동,경상사고,0,0,1,0,차대차 - 기타,교차로운행방법위반,건조,맑음,교차로 - 교차로안,승용,여,57세,상해없음,승용,여,57세,경상
2023060200100447,2023년 6월 2일 17시,금요일,충청북도 청주시 서원구 미평동,경상사고,0,0,2,0,차대차 - 측면충돌,안전거리미확보,건조,맑음,단일로 - 지하차도(도로)내,승용,여,46세,상해없음,승용,여,40세,경상
2023060200100502,2023년 6월 2일 18시,금요일,충청북도 충주시 문화동,경상사고,0,0,1,0,차대차 - 후진중충돌,안전운전불이행,건조,맑음,교차로 - 교차로부근,승용,남,36세,상해없음,이륜,남,37세,경상
2023060200100503,2023년 6월 2일 18시,금요일,충청북도 제천시 중앙로2가,경상사고,0,0,1,0,차대차 - 측면충돌,안전거리미확보,건조,맑음,교차로 - 교차로부근,이륜,남,19세,기타불명,승용,남,27세,경상
2023060200100582,2023년 6월 2일 20시,금요일,충청북도 청주시 청원구 오창읍,경상사고,0,0,1,0,차대차 - 측면충돌,신호위반,건조,맑음,교차로 - 교차로안,승용,남,42세,상해없음,승용,남,30세,경상
2023060200100583,2023년 6월 2일 20시,금요일,충청북도 충주시 용산동,경상사고,0,0,1,0,차대사람 - 차도통행중,안전운전불이행,건조,흐림,단일로 - 기타,승용,여,63세,상해없음,보행자,남,11세,경상
2023060200100610,2023년 6월 2일 21시,금요일,충청북도 청주시 상당구 금천동,경상사고,0,0,1,0,차대차 - 측면충돌,안전운전불이행,건조,맑음,교차로 - 교차로안,승용,남,56세,상해없음,승용,남,26세,경상
2023060200100635,2023년 6월 2일 22시,금요일,충청북도 청주시 청원구 내덕동,경상사고,0,0,1,0,차대차 - 기타,신호위반,건조,맑음,교차로 - 교차로안,원동기,남,15세,상해없음,승용,남,34세,상해없음
2023060200100636,2023년 6월 2일 22시,금요일,충청북도 영동군 영동읍,중상사고,0,1,0,0,차대사람 - 차도통행중,안전운전불이행,건조,맑음,교차로 - 교차로안,승용,남,64세,상해없음,보행자,남,63세,중상
2023060300100004,2023년 6월 3일 00시,토요일,충청북도 진천군 진천읍,경상사고,0,0,2,0,차대차 - 측면충돌,신호위반,건조,맑음,교차로 - 교차로안,승용,여,56세,경상,승용,남,24세,경상
2023060300100019,2023년 6월 3일 02시,토요일,충청북도 진천군 진천읍,경상사고,0,0,1,0,차대차 - 측면충돌,안전운전불이행,건조,맑음,교차로 - 교차로안,화물,남,67세,상해없음,승용,남,42세,경상
2023060300100103,2023년 6월 3일 09시,토요일,충청북도 음성군 음성읍,경상사고,0,0,1,0,차대차 - 기타,차로위반,건조,맑음,교차로 - 교차로안,화물,남,67세,상해없음,자전거,남,33세,경상
2023060300100104,2023년 6월 3일 09시,토요일,충청북도 청주시 흥덕구 송절동,경상사고,0,0,2,0,차대차 - 측면충돌,안전운전불이행,건조,맑음,교차로 - 교차로부근,승용,남,32세,상해없음,승용,남,39세,경상
2023060300100105,2023년 6월 3일 09시,토요일,충청북도 청주시 상당구 석교동,경상사고,0,0,1,0,차대차 - 측면충돌,신호위반,건조,맑음,교차로 - 교차로안,이륜,남,72세,경상,승용,여,47세,상해없음
2023060300100162,2023년 6월 3일 11시,토요일,충청북도 청주시 흥덕구 복대동,경상사고,0,0,5,0,차대차 - 측면충돌,안전운전불이행,건조,맑음,단일로 - 기타,승용,여,29세,기타불명,이륜,남,40세,경상
2023060300100163,2023년 6월 3일 11시,토요일,충청북도 청주시 흥덕구 석곡동,경상사고,0,0,1,0,차대차 - 측면충돌,기타,건조,맑음,교차로 - 교차로안,승용,남,25세,상해없음,승용,남,33세,경상
2023060300100164,2023년 6월 3일 11시,토요일,충청북도 청주시 서원구 산남동,경상사고,0,0,2,0,차대차 - 측면충돌,신호위반,건조,맑음,교차로 - 교차로부근,승용,여,38세,경상,승합,남,57세,경상
2023060300100214,2023년 6월 3일 12시,토요일,충청북도 청주시 청원구 우암동,경상사고,0,0,2,0,차대차 - 측면충돌,신호위반,건조,맑음,교차로 - 교차로안,승용,남,53세,경상,승용,여,44세,경상
2023060300100215,2023년 6월 3일 12시,토요일,충청북도 충주시 엄정면,경상사고,0,0,1,0,차대사람 - 기타,안전운전불이행,건조,맑음,단일로 - 기타,화물,남,73세,상해없음,보행자,여,59세,경상
2023060300100216,2023년 6월 3일 12시,토요일,충청북도 진천군 백곡면,경상사고,0,0,1,0,차대차 - 측면충돌,안전운전불이행,건조,맑음,단일로 - 기타,승용,남,79세,상해없음,승용,남,53세,상해없음
2023060300100217,2023년 6월 3일 12시,토요일,충청북도 청주시 흥덕구 가경동,경상사고,0,0,3,0,차대차 - 정면충돌,교차로운행방법위반,건조,맑음,교차로 - 교차로안,승용,여,62세,상해없음,승용,남,51세,경상
2023060300100253,2023년 6월 3일 13시,토요일,충청북도 청주시 서원구 사창동,경상사고,0,0,1,0,차대사람 - 기타,안전운전불이행,건조,맑음,교차로 - 교차로안,승용,남,33세,기타불명,보행자,남,27세,경상
2023060300100254,2023년 6월 3일 13시,토요일,충청북도 충주시 교현동,중상사고,0,1,1,0,차대차 - 기타,안전운전불이행,건조,맑음,단일로 - 기타,화물,남,61세,경상,승용,여,45세,중상
2023060300100255,2023년 6월 3일 13시,토요일,충청북도 음성군 금왕읍,중상사고,0,1,3,0,차대차 - 측면충돌,신호위반,건조,맑음,교차로 - 교차로안,승용,남,59세,경상,승용,남,47세,경상
2023060300100287,2023년 6월 3일 14시,토요일,충청북도 보은군 속리산면,중상사고,0,6,1,0,차대차 - 정면충돌,중앙선침범,건조,맑음,단일로 - 교량,승용,여,63세,경상,승용,여,48세,중상
2023060300100288,2023년 6월 3일 14시,토요일,충청북도 청주시 상당구 용암동,경상사고,0,0,1,0,차대사람 - 횡단중,신호위반,건조,맑음,교차로 - 교차로횡단보도내,원동기,남,26세,상해없음,보행자,남,4세,경상
2023060300100330,2023년 6월 3일 15시,토요일,충청북도 청주시 청원구 오창읍,경상사고,0,0,1,0,차대차 - 측면충돌,안전운전불이행,건조,맑음,교차로 - 교차로횡단보도내,승용,남,62세,상해없음,자전거,남,8세,경상
2023060300100331,2023년 6월 3일 15시,토요일,충청북도 청주시 흥덕구 강내면,중상사고,0,3,0,0,차대차 - 정면충돌,안전운전불이행,건조,맑음,기타 - 기타,승용,여,67세,중상,승용,남,54세,중상
2023060300100332,2023년 6월 3일 15시,토요일,충청북도 청주시 상당구 용암동,경상사고,0,0,1,0,차대사람 - 보도통행중,기타,건조,맑음,단일로 - 지하차도(도로)내,개인형이동수단(PM),여,21세,기타불명,보행자,남,13세,경상
2023060300100366,2023년 6월 3일 16시,토요일,충청북도 청주시 청원구 율량동,경상사고,0,0,1,0,차대차 - 추돌,안전운전불이행,건조,맑음,교차로 - 교차로부근,이륜,남,35세,기타불명,승용,남,46세,경상
2023060300100397,2023년 6월 3일 17시,토요일,충청북도 충주시 충의동,경상사고,0,0,1,0,차대사람 - 차도통행중,안전운전불이행,건조,맑음,단일로 - 기타,승용,남,71세,상해없음,보행자,여,41세,경상
2023060300100438,2023년 6월 3일 18시,토요일,충청북도 청주시 흥덕구 봉명동,경상사고,0,0,1,0,차대차 - 추돌,안전운전불이행,건조,맑음,교차로 - 교차로부근,승용,남,38세,상해없음,승용,남,69세,경상
2023060300100439,2023년 6월 3일 18시,토요일,충청북도 청주시 흥덕구 복대동,경상사고,0,0,1,0,차대차 - 기타,직진우회전진행방해,건조,맑음,교차로 - 교차로안,승용,남,41세,상해없음,화물,남,54세,경상
2023060300100495,2023년 6월 3일 20시,토요일,충청북도 청주시 흥덕구 비하동,중상사고,0,1,2,0,차대차 - 측면충돌,안전운전불이행,건조,맑음,교차로 - 교차로안,이륜,남,28세,중상,승용,남,29세,경상
2023060300100496,2023년 6월 3일 20시,토요일,충청북도 청주시 상당구 용암동,중상사고,0,1,0,0,차대차 - 정면충돌,신호위반,건조,맑음,교차로 - 교차로안,승용,남,27세,상해없음,이륜,남,51세,중상
2023060300100497,2023년 6월 3일 20시,토요일,충청북도 청주시 서원구 수곡동,경상사고,0,0,1,0,차대차 - 측면충돌,신호위반,건조,맑음,교차로 - 교차로안,이륜,남,28세,상해없음,승용,남,30세,경상
2023060300100521,2023년 6월 3일 21시,토요일,충청북도 충주시 칠금동,경상사고,0,0,1,0,차대차 - 측면충돌,교차로운행방법위반,건조,흐림,교차로 - 교차로안,승용,남,24세,상해없음,승용,남,56세,경상
2023060300100522,2023년 6월 3일 21시,토요일,충청북도 옥천군 옥천읍,경상사고,0,0,1,0,차대차 - 기타,안전운전불이행,건조,맑음,단일로 - 기타,특수,남,52세,상해없음,승용,여,45세,경상
2023060300100546,2023년 6월 3일 22시,토요일,충청북도 충주시 문화동,경상사고,0,0,1,0,차대사람 - 기타,안전운전불이행,건조,맑음,기타 - 기타,승용,남,61세,상해없음,보행자,남,26세,경상
2023060400100085,2023년 6월 4일 09시,일요일,충청북도 청주시 청원구 오창읍,경상사고,0,0,2,0,차대차 - 측면충돌,안전운전불이행,건조,맑음,단일로 - 기타,승용,남,76세,경상,승용,남,50세,경상
2023060400100086,2023년 6월 4일 09시,일요일,충청북도 청주시 서원구 사직동,중상사고,0,1,0,0,차대차 - 측면충돌,안전거리미확보,건조,맑음,단일로 - 기타,자전거,남,82세,중상,자전거,남,55세,상해없음
2023060400100087,2023년 6월 4일 09시,일요일,충청북도 청주시 서원구 산남동,경상사고,0,0,1,0,차대차 - 측면충돌,신호위반,건조,맑음,교차로 - 교차로안,이륜,남,39세,경상,승용,남,60세,상해없음
2023060400100088,2023년 6월 4일 09시,일요일,충청북도 청주시 상당구 가덕면,중상사고,0,1,0,0,차대차 - 후진중충돌,안전운전불이행,건조,맑음,단일로 - 지하차도(도로)내,농기계,남,51세,상해없음,화물,남,54세,중상
2023060400100115,2023년 6월 4일 10시,일요일,충청북도 음성군 감곡면,중상사고,0,1,0,0,차대차 - 기타,안전운전불이행,건조,맑음,단일로 - 기타,이륜,남,35세,중상,승용,남,85세,상해없음
2023060400100162,2023년 6월 4일 12시,일요일,충청북도 청주시 청원구 우암동,중상사고,0,1,1,0,차대차 - 정면충돌,안전운전불이행,건조,맑음,교차로 - 교차로안,승용,남,60세,상해없음,이륜,남,16세,중상
2023060400100163,2023년 6월 4일 12시,일요일,충청북도 충주시 봉방동,경상사고,0,0,2,0,차대차 - 추돌,안전거리미확보,건조,맑음,교차로 - 교차로부근,승용,여,55세,상해없음,승용,남,38세,경상
2023060400100200,2023년 6월 4일 13시,일요일,충청북도 청주시 청원구 오창읍,중상사고,0,2,5,0,차대차 - 정면충돌,신호위반,건조,맑음,교차로 - 교차로안,승용,남,65세,경상,승용,남,65세,중상
2023060400100306,2023년 6월 4일 16시,일요일,충청북도 영동군 추풍령면,중상사고,0,2,0,0,차대차 - 추돌,안전운전불이행,건조,맑음,교차로 - 교차로부근,승용,남,54세,상해없음,승용,남,73세,중상
2023060400100347,2023년 6월 4일 17시,일요일,충청북도 충주시 수안보면,경상사고,0,0,4,0,차대차 - 측면충돌,신호위반,건조,맑음,교차로 - 교차로안,승용,남,61세,상해없음,승용,남,64세,경상
2023060400100348,2023년 6월 4일 17시,일요일,충청북도 영동군 영동읍,경상사고,0,0,1,0,차대차 - 측면충돌,직진우회전진행방해,건조,맑음,교차로 - 교차로안,이륜,남,64세,상해없음,자전거,여,59세,경상
2023060400100375,2023년 6월 4일 18시,일요일,충청북도 충주시 문화동,경상사고,0,0,2,0,차대차 - 기타,안전거리미확보,건조,맑음,단일로 - 기타,승용,남,65세,상해없음,승용,남,23세,경상
2023060400100376,2023년 6월 4일 18시,일요일,충청북도 청주시 상당구 문화동,경상사고,0,0,1,1,차대차 - 측면충돌,안전거리미확보,건조,맑음,교차로 - 교차로부근,이륜,남,17세,부상신고,승용,남,65세,경상
2023060400100396,2023년 6월 4일 19시,일요일,충청북도 청주시 청원구 내덕동,경상사고,0,0,1,0,차대차 - 측면충돌,안전거리미확보,건조,맑음,단일로 - 기타,이륜,남,64세,상해없음,이륜,남,44세,경상
2023060400100397,2023년 6월 4일 19시,일요일,충청북도 괴산군 장연면,경상사고,0,0,1,0,차대차 - 후진중충돌,안전운전불이행,건조,맑음,주차장 - 주차장,승용,여,58세,상해없음,승용,남,40세,경상
2023060400100414,2023년 6월 4일 20시,일요일,충청북도 단양군 단양읍,경상사고,0,0,1,0,차대사람 - 기타,안전운전불이행,건조,맑음,기타 - 기타,승용,여,52세,상해없음,보행자,여,70세,경상
2023060400100415,2023년 6월 4일 20시,일요일,충청북도 청주시 흥덕구 봉명동,경상사고,0,0,1,0,차대차 - 측면충돌,안전운전불이행,건조,맑음,교차로 - 교차로부근,승용,남,57세,상해없음,이륜,남,52세,경상
2023060400100441,2023년 6월 4일 21시,일요일,충청북도 청주시 청원구 내수읍,경상사고,0,0,1,0,차대차 - 후진중충돌,안전운전불이행,건조,맑음,단일로 - 기타,승용,남,19세,상해없음,승용,남,20세,경상
2023060400100455,2023년 6월 4일 22시,일요일,충청북도 청주시 흥덕구 비하동,경상사고,0,0,1,0,차대차 - 추돌,안전운전불이행,건조,맑음,단일로 - 기타,승용,여,47세,상해없음,승용,남,33세,경상
2023060500100019,2023년 6월 5일 02시,월요일,충청북도 음성군 맹동면,부상신고사고,0,0,0,1,차대사람 - 횡단중,안전운전불이행,건조,맑음,단일로 - 기타,화물,남,36세,상해없음,보행자,여,42세,부상신고
2023060500100057,2023년 6월 5일 07시,월요일,충청북도 제천시 봉양읍,경상사고,0,0,3,0,차대차 - 추돌,안전거리미확보,건조,맑음,교차로 - 교차로부근,특수,남,57세,상해없음,승용,남,53세,경상
2023060500100058,2023년 6월 5일 07시,월요일,충청북도 청주시 흥덕구 신촌동,경상사고,0,0,1,0,차대차 - 기타,안전운전불이행,건조,맑음,단일로 - 기타,화물,남,66세,상해없음,승용,남,39세,경상
2023060500100084,2023년 6월 5일 08시,월요일,충청북도 충주시 교현동,경상사고,0,0,1,0,차대차 - 측면충돌,안전거리미확보,건조,맑음,단일로 - 기타,승용,남,29세,기타불명,승용,남,57세,경상
2023060500100085,2023년 6월 5일 08시,월요일,충청북도 영동군 영동읍,경상사고,0,0,1,0,차대차 - 측면충돌,교차로운행방법위반,건조,맑음,교차로 - 교차로안,승용,남,61세,상해없음,자전거,남,78세,경상
2023060500100086,2023년 6월 5일 08시,월요일,충청북도 청주시 서원구 수곡동,경상사고,0,0,1,0,차대차 - 측면충돌,안전운전불이행,건조,맑음,교차로 - 교차로부근,승용,여,41세,상해없음,승용,남,34세,경상
2023060500100139,2023년 6월 5일 10시,월요일,충청북도 음성군 생극면,중상사고,0,1,0,0,차대차 - 추돌,기타,건조,흐림,단일로 - 기타,이륜,남,26세,중상,화물,남,60세,상해없음
2023060500100141,2023년 6월 5일 10시,월요일,충청북도 청주시 상당구 석교동,중상사고,0,1,0,0,차량단독 - 기타,안전운전불이행,건조,맑음,단일로 - 기타,승합,남,43세,상해없음,,,,
2023060500100216,2023년 6월 5일 12시,월요일,충청북도 제천시 고암동,중상사고,0,3,0,0,차대차 - 정면충돌,신호위반,건조,맑음,교차로 - 교차로안,승용,남,54세,중상,승용,여,34세,중상
2023060500100252,2023년 6월 5일 13시,월요일,충청북도 청주시 흥덕구 비하동,경상사고,0,0,2,0,차대차 - 추돌,안전거리미확보,건조,맑음,단일로 - 기타,승용,남,52세,기타불명,승용,남,61세,경상
2023060500100329,2023년 6월 5일 15시,월요일,충청북도 음성군 금왕읍,경상사고,0,0,2,0,차대차 - 측면충돌,교차로운행방법위반,건조,맑음,교차로 - 교차로안,건설기계,남,63세,상해없음,승용,남,53세,경상
2023060500100330,2023년 6월 5일 15시,월요일,충청북도 청주시 서원구 성화동,경상사고,0,0,2,0,차대차 - 측면충돌,안전운전불이행,건조,맑음,단일로 - 기타,승용,남,31세,상해없음,승용,여,32세,경상
2023060500100331,2023년 6월 5일 15시,월요일,충청북도 청주시 흥덕구 수의동,경상사고,0,0,2,1,차대차 - 추돌,안전운전불이행,건조,맑음,단일로 - 기타,특수,남,42세,경상,화물,남,56세,상해없음
2023060500100332,2023년 6월 5일 15시,월요일,충청북도 청주시 서원구 분평동,중상사고,0,1,0,0,차대사람 - 횡단중,보행자보호의무위반,건조,맑음,교차로 - 교차로횡단보도내,승용,여,50세,상해없음,보행자,남,14세,중상
2023060500100376,2023년 6월 5일 16시,월요일,충청북도 충주시 엄정면,경상사고,0,0,1,0,차량단독 - 공작물충돌,안전운전불이행,건조,맑음,단일로 - 기타,승용,여,42세,경상,,,,
2023060500100377,2023년 6월 5일 16시,월요일,충청북도 괴산군 괴산읍,경상사고,0,0,1,0,차대차 - 측면충돌,안전거리미확보,건조,맑음,교차로 - 교차로안,이륜,남,74세,경상,승용,남,62세,상해없음
2023060500100416,2023년 6월 5일 17시,월요일,충청북도 청주시 상당구 금천동,경상사고,0,0,1,0,차대차 - 측면충돌,신호위반,건조,맑음,교차로 - 교차로횡단보도내,승용,남,55세,상해없음,개인형이동수단(PM),남,18세,경상
2023060500100417,2023년 6월 5일 17시,월요일,충청북도 청주시 상당구 금천동,경상사고,0,0,2,0,차대차 - 측면충돌,안전거리미확보,건조,맑음,교차로 - 교차로안,승용,남,55세,경상,화물,남,39세,경상
2023060500100512,2023년 6월 5일 19시,월요일,충청북도 청주시 서원구 사직동,경상사고,0,0,2,0,차대차 - 측면충돌,교차로운행방법위반,건조,맑음,교차로 - 교차로안,승합,남,23세,경상,승용,남,32세,경상
2023060500100534,2023년 6월 5일 20시,월요일,충청북도 증평군 증평읍,경상사고,0,0,1,0,차대차 - 정면충돌,직진우회전진행방해,건조,맑음,교차로 - 교차로안,승용,남,64세,상해없음,승용,여,39세,경상
2023060500100570,2023년 6월 5일 21시,월요일,충청북도 청주시 상당구 북문로3가,경상사고,0,0,2,0,차대차 - 후진중충돌,안전운전불이행,건조,맑음,교차로 - 교차로부근,승용,남,21세,상해없음,승용,남,21세,경상
2023060500100571,2023년 6월 5일 21시,월요일,충청북도 청주시 청원구 우암동,경상사고,0,0,1,0,차대차 - 측면충돌,안전운전불이행,건조,맑음,단일로 - 지하차도(도로)내,승용,여,23세,상해없음,이륜,남,18세,경상
2023060500100597,2023년 6월 5일 22시,월요일,충청북도 청주시 청원구 오창읍,경상사고,0,0,1,0,차대사람 - 횡단중,신호위반,건조,맑음,교차로 - 교차로횡단보도내,승용,남,67세,상해없음,보행자,여,29세,경상
2023060500100598,2023년 6월 5일 22시,월요일,충청북도 음성군 맹동면,중상사고,0,1,0,0,차대차 - 측면충돌,교차로운행방법위반,건조,맑음,교차로 - 교차로안,승용,남,20세,상해없음,승용,남,29세,중상
2023060500100599,2023년 6월 5일 22시,월요일,충청북도 청주시 흥덕구 수의동,경상사고,0,0,3,0,차대차 - 측면충돌,안전운전불이행,건조,맑음,단일로 - 기타,승용,여,61세,경상,승용,남,23세,경상
2023060500100623,2023년 6월 5일 23시,월요일,충청북도 청주시 청원구 북이면,중상사고,0,1,0,0,차대차 - 추돌,안전운전불이행,건조,맑음,단일로 - 기타,승용,남,32세,상해없음,승용,여,60세,중상
2023060500100624,2023년 6월 5일 23시,월요일,충청북도 괴산군 불정면,사망사고,1,0,0,0,차대사람 - 차도통행중,안전운전불이행,건조,맑음,단일로 - 기타,화물,남,46세,상해없음,보행자,남,85세,사망
2023060500100625,2023년 6월 5일 23시,월요일,충청북도 청주시 흥덕구 복대동,경상사고,0,0,1,0,차대사람 - 기타,안전운전불이행,건조,맑음,단일로 - 기타,개인형이동수단(PM),남,24세,상해없음,보행자,여,56세,경상
2023060500100626,2023년 6월 5일 23시,월요일,충청북도 청주시 흥덕구 복대동,경상사고,0,0,1,0,차대사람 - 기타,안전운전불이행,건조,맑음,단일로 - 기타,승용,남,62세,상해없음,보행자,여,65세,경상
2023060600100013,2023년 6월 6일 01시,화요일,충청북도 충주시 문화동,경상사고,0,0,1,0,차대차 - 측면충돌,안전운전불이행,건조,맑음,단일로 - 기타,승용,남,46세,상해없음,이륜,남,34세,경상
2023060600100014,2023년 6월 6일 01시,화요일,충청북도 청주시 서원구 남이면,경상사고,0,0,2,0,차량단독 - 공작물충돌,안전운전불이행,건조,맑음,단일로 - 기타,승용,남,60세,경상,,,,
2023060600100089,2023년 6월 6일 09시,화요일,충청북도 영동군 영동읍,중상사고,0,1,0,0,차대차 - 측면충돌,직진우회전진행방해,건조,맑음,교차로 - 교차로안,개인형이동수단(PM),남,18세,기타불명,승용,남,79세,중상
2023060600100090,2023년 6월 6일 09시,화요일,충청북도 진천군 덕산읍,경상사고,0,0,1,0,차량단독 - 전도전복 - 전도,안전운전불이행,건조,맑음,단일로 - 기타,이륜,남,67세,경상,,,,
2023060600100150,2023년 6월 6일 11시,화요일,충청북도 보은군 회인면,중상사고,0,2,0,0,차대차 - 측면충돌,교차로운행방법위반,건조,맑음,교차로 - 교차로안,화물,남,71세,상해없음,이륜,남,78세,중상
2023060600100151,2023년 6월 6일 11시,화요일,충청북도 청주시 서원구 모충동,경상사고,0,0,1,0,차대차 - 측면충돌,신호위반,건조,맑음,교차로 - 교차로부근,승용,남,64세,상해없음,승용,남,34세,경상
2023060600100177,2023년 6월 6일 12시,화요일,충청북도 음성군 감곡면,경상사고,0,0,1,0,차대차 - 기타,안전운전불이행,건조,맑음,단일로 - 기타,이륜,남,22세,경상,화물,남,78세,기타불명
2023060600100178,2023년 6월 6일 12시,화요일,충청북도 청주시 서원구 남이면,중상사고,0,2,3,0,차대차 - 측면충돌,안전운전불이행,건조,맑음,단일로 - 기타,승용,여,70세,상해없음,승용,남,35세,상해없음