사고번호,사고일시,요일,시군구,사고내용,사망자수,중상자수,경상자수,부상신고자수,사고유형,법규위반,노면상태,기상상태,도로형태,가해운전자 차종,가해운전자 성별,가해운전자 연령,가해운전자 상해정도,피해운전자 차종,피해운전자 성별,피해운전자 연령,피해운전자 상해정도
2023060600100213,2023년 6월 6일 13시,화요일,충청북도 충주시 호암동,경상사고,0,0,1,0,차대차 - 측면충돌,신호위반,건조,맑음,교차로 - 교차로안,승용,남,60세,상해없음,승용,여,48세,경상
2023060600100269,2023년 6월 6일 15시,화요일,충청북도 청주시 청원구 주중동,경상사고,0,0,3,0,차대차 - 측면충돌,직진우회전진행방해,건조,맑음,교차로 - 교차로부근,승용,남,58세,상해없음,승용,남,22세,경상
2023060600100378,2023년 6월 6일 18시,화요일,충청북도 청주시 청원구 오창읍,중상사고,0,1,0,0,차량단독 - 전도전복 - 전복,안전운전불이행,건조,맑음,단일로 - 기타,자전거,남,10세,중상,,,,
2023060600100379,2023년 6월 6일 18시,화요일,충청북도 청주시 상당구 명암동,경상사고,0,0,1,0,차대차 - 추돌,안전운전불이행,건조,맑음,단일로 - 지하차도(도로)내,승용,남,27세,상해없음,승용,남,41세,경상
2023060600100410,2023년 6월 6일 19시,화요일,충청북도 충주시 주덕읍,중상사고,0,1,0,0,차대차 - 측면충돌,교차로운행방법위반,건조,맑음,교차로 - 교차로안,승용,남,48세,상해없음,자전거,남,21세,중상
2023060600100411,2023년 6월 6일 19시,화요일,충청북도 음성군 금왕읍,경상사고,0,0,2,0,차대차 - 측면충돌,안전운전불이행,건조,맑음,단일로 - 기타,승용,남,64세,기타불명,승용,남,53세,경상
2023060600100430,2023년 6월 6일 20시,화요일,충청북도 제천시 중앙로2가,경상사고,0,0,1,0,차대사람 - 기타,안전운전불이행,건조,맑음,교차로 - 교차로부근,승용,여,74세,상해없음,보행자,남,53세,경상
2023060600100454,2023년 6월 6일 21시,화요일,충청북도 충주시 용산동,경상사고,0,0,2,0,차대차 - 측면충돌,안전거리미확보,건조,흐림,단일로 - 기타,승용,남,55세,상해없음,승용,남,48세,경상
2023060700100007,2023년 6월 7일 00시,수요일,충청북도 청주시 흥덕구 가경동,중상사고,0,1,0,0,차대사람 - 차도통행중,안전운전불이행,건조,맑음,단일로 - 기타,승용,남,41세,기타불명,보행자,남,25세,중상
2023060700100012,2023년 6월 7일 01시,수요일,충청북도 청주시 청원구 오창읍,중상사고,0,1,0,1,차대차 - 기타,안전운전불이행,건조,맑음,단일로 - 기타,승용,남,32세,상해없음,승용,남,54세,기타불명
2023060700100083,2023년 6월 7일 08시,수요일,충청북도 청주시 서원구 사창동,경상사고,0,0,1,0,차대차 - 추돌,안전운전불이행,건조,맑음,단일로 - 기타,승합,남,41세,상해없음,승용,여,45세,경상
2023060700100084,2023년 6월 7일 08시,수요일,충청북도 청주시 서원구 현도면,경상사고,0,0,1,0,차대차 - 기타,안전운전불이행,건조,맑음,교차로 - 교차로부근,승용,남,76세,상해없음,화물,남,26세,경상
2023060700100085,2023년 6월 7일 08시,수요일,충청북도 청주시 서원구 개신동,중상사고,0,1,0,0,차대차 - 정면충돌,안전운전불이행,건조,맑음,기타 - 기타,승용,여,34세,상해없음,개인형이동수단(PM),여,20세,중상
2023060700100132,2023년 6월 7일 09시,수요일,충청북도 청주시 서원구 수곡동,중상사고,0,1,0,0,차대차 - 기타,안전운전불이행,건조,맑음,단일로 - 기타,승용,남,34세,상해없음,자전거,남,27세,중상
2023060700100210,2023년 6월 7일 11시,수요일,충청북도 충주시 교현동,경상사고,0,0,1,0,차대사람 - 기타,안전운전불이행,건조,맑음,단일로 - 기타,승용,남,48세,상해없음,보행자,여,54세,경상
2023060700100211,2023년 6월 7일 11시,수요일,충청북도 충주시 주덕읍,경상사고,0,0,1,0,차대차 - 추돌,안전운전불이행,건조,맑음,단일로 - 기타,승용,남,62세,상해없음,승용,여,71세,경상
2023060700100240,2023년 6월 7일 12시,수요일,충청북도 청주시 청원구 율량동,경상사고,0,0,1,0,차대차 - 측면충돌,교차로운행방법위반,건조,맑음,단일로 - 기타,화물,남,66세,상해없음,이륜,남,48세,경상
2023060700100270,2023년 6월 7일 13시,수요일,충청북도 충주시 대소원면,경상사고,0,0,3,0,차대차 - 측면충돌,안전운전불이행,건조,맑음,단일로 - 기타,승용,여,51세,상해없음,승용,여,70세,경상
2023060700100271,2023년 6월 7일 13시,수요일,충청북도 청주시 흥덕구 봉명동,경상사고,0,0,1,0,차대차 - 측면충돌,기타,건조,맑음,기타 - 기타,이륜,남,30세,상해없음,화물,남,24세,경상
2023060700100303,2023년 6월 7일 14시,수요일,충청북도 청주시 상당구 용암동,경상사고,0,0,1,0,차대차 - 기타,안전운전불이행,건조,맑음,교차로 - 교차로안,승용,남,61세,상해없음,이륜,남,33세,경상
2023060700100339,2023년 6월 7일 15시,수요일,충청북도 제천시 장락동,중상사고,0,1,0,0,차대차 - 추돌,기타,건조,맑음,단일로 - 기타,화물,남,66세,상해없음,승용,여,52세,중상
2023060700100340,2023년 6월 7일 15시,수요일,충청북도 제천시 영천동,경상사고,0,0,2,1,차대차 - 측면충돌,신호위반,건조,맑음,교차로 - 교차로안,승합,남,64세,상해없음,승용,남,67세,상해없음
2023060700100386,2023년 6월 7일 16시,수요일,충청북도 청주시 청원구 내덕동,중상사고,0,1,0,0,차대차 - 측면충돌,교차로운행방법위반,건조,맑음,교차로 - 교차로안,승용,남,24세,상해없음,이륜,남,33세,중상
2023060700100387,2023년 6월 7일 16시,수요일,충청북도 제천시 중앙로2가,경상사고,0,0,1,0,차대사람 - 횡단중,안전운전불이행,건조,맑음,교차로 - 교차로횡단보도내,승용,여,54세,상해없음,보행자,남,73세,경상
2023060700100388,2023년 6월 7일 16시,수요일,충청북도 청주시 흥덕구 봉명동,중상사고,0,1,0,0,차대차 - 측면충돌,안전운전불이행,건조,맑음,단일로 - 기타,승용,남,44세,상해없음,자전거,남,10세,중상
2023060700100431,2023년 6월 7일 17시,수요일,충청북도 청주시 청원구 사천동,중상사고,0,1,1,0,차대차 - 측면충돌,직진우회전진행방해,건조,맑음,교차로 - 교차로안,승용,여,54세,경상,승용,남,50세,중상
2023060700100432,2023년 6월 7일 17시,수요일,충청북도 충주시 봉방동,경상사고,0,0,3,0,차대차 - 측면충돌,직진우회전진행방해,건조,맑음,교차로 - 교차로안,승합,여,65세,경상,화물,남,64세,경상
2023060700100433,2023년 6월 7일 17시,수요일,충청북도 제천시 영천동,부상신고사고,0,0,0,1,차대사람 - 기타,안전운전불이행,건조,맑음,기타 - 기타,기타불명,기타불명,미분류,기타불명,보행자,여,84세,부상신고
2023060700100470,2023년 6월 7일 18시,수요일,충청북도 청주시 상당구 남일면,경상사고,0,0,1,0,차대차 - 기타,안전운전불이행,건조,맑음,단일로 - 기타,승용,여,58세,상해없음,승용,여,44세,경상
2023060700100510,2023년 6월 7일 19시,수요일,충청북도 청주시 흥덕구 복대동,경상사고,0,0,1,0,차대차 - 추돌,안전운전불이행,건조,맑음,교차로 - 교차로부근,승용,남,44세,경상,승합,남,58세,상해없음
2023060700100511,2023년 6월 7일 19시,수요일,충청북도 청주시 상당구 용정동,경상사고,0,0,1,0,차대사람 - 차도통행중,안전운전불이행,건조,맑음,교차로 - 교차로부근,승용,여,59세,상해없음,보행자,여,31세,경상
2023060700100564,2023년 6월 7일 21시,수요일,충청북도 옥천군 옥천읍,경상사고,0,0,1,0,차대사람 - 횡단중,보행자보호의무위반,건조,맑음,교차로 - 교차로안,승용,남,60세,상해없음,보행자,남,61세,경상
2023060700100589,2023년 6월 7일 22시,수요일,충청북도 청주시 흥덕구 복대동,중상사고,0,1,0,0,차대차 - 측면충돌,안전운전불이행,건조,맑음,단일로 - 기타,승용,남,31세,상해없음,승용,남,35세,중상
2023060800100009,2023년 6월 8일 00시,목요일,충청북도 청주시 흥덕구 봉명동,경상사고,0,0,1,0,차대차 - 추돌,안전운전불이행,건조,맑음,단일로 - 기타,승용,여,41세,상해없음,건설기계,남,38세,경상
2023060800100010,2023년 6월 8일 00시,목요일,충청북도 청주시 흥덕구 비하동,경상사고,0,0,2,0,차대차 - 기타,중앙선침범,건조,맑음,교차로 - 교차로부근,기타불명,기타불명,미분류,기타불명,승용,남,41세,경상
2023060800100018,2023년 6월 8일 01시,목요일,충청북도 제천시 의림동,경상사고,0,0,1,0,차대사람 - 길가장자리구역통행중,안전운전불이행,건조,맑음,교차로 - 교차로안,승용,남,66세,상해없음,보행자,남,37세,경상
2023060800100072,2023년 6월 8일 07시,목요일,충청북도 청주시 상당구 용암동,경상사고,0,0,1,0,차대사람 - 기타,안전운전불이행,건조,맑음,단일로 - 기타,화물,남,51세,상해없음,보행자,남,53세,경상
2023060800100101,2023년 6월 8일 08시,목요일,충청북도 청주시 서원구 분평동,중상사고,0,1,0,0,차대사람 - 차도통행중,안전운전불이행,건조,맑음,주차장 - 주차장,승용,여,39세,상해없음,보행자,여,78세,중상
2023060800100134,2023년 6월 8일 09시,목요일,충청북도 충주시 수안보면,경상사고,0,0,1,0,차대사람 - 차도통행중,안전운전불이행,건조,맑음,단일로 - 기타,화물,남,63세,상해없음,보행자,여,71세,경상
2023060800100135,2023년 6월 8일 09시,목요일,충청북도 영동군 영동읍,중상사고,0,1,0,0,차대차 - 측면충돌,안전운전불이행,건조,맑음,교차로 - 교차로안,승용,남,72세,상해없음,이륜,남,77세,중상
2023060800100136,2023년 6월 8일 09시,목요일,충청북도 청주시 흥덕구 봉명동,경상사고,0,0,2,0,차대차 - 측면충돌,안전운전불이행,건조,맑음,단일로 - 기타,승용,여,42세,상해없음,승합,남,67세,경상
2023060800100176,2023년 6월 8일 10시,목요일,충청북도 증평군 증평읍,경상사고,0,0,1,0,차대차 - 측면충돌,안전운전불이행,건조,맑음,단일로 - 기타,자전거,남,86세,경상,승용,여,65세,상해없음
2023060800100222,2023년 6월 8일 12시,목요일,충청북도 증평군 증평읍,경상사고,0,0,2,0,차대차 - 측면충돌,신호위반,건조,맑음,교차로 - 교차로안,승용,여,67세,경상,승용,여,58세,경상
2023060800100223,2023년 6월 8일 12시,목요일,충청북도 청주시 상당구 금천동,경상사고,0,0,1,0,차대차 - 측면충돌,안전거리미확보,건조,맑음,단일로 - 지하차도(도로)내,화물,남,71세,상해없음,승용,여,30세,경상
2023060800100281,2023년 6월 8일 14시,목요일,충청북도 청주시 흥덕구 오송읍,중상사고,0,1,0,0,차대차 - 정면충돌,안전운전불이행,건조,맑음,교차로 - 교차로횡단보도내,이륜,남,79세,중상,화물,남,46세,상해없음
2023060800100282,2023년 6월 8일 14시,목요일,충청북도 청주시 흥덕구 가경동,경상사고,0,0,1,0,차대차 - 측면충돌,신호위반,건조,맑음,교차로 - 교차로부근,승용,남,58세,상해없음,원동기,남,11세,경상
2023060800100283,2023년 6월 8일 14시,목요일,충청북도 청주시 흥덕구 옥산면,경상사고,0,0,1,0,차대차 - 측면충돌,안전운전불이행,건조,맑음,단일로 - 기타,승용,여,27세,상해없음,승용,남,28세,경상
2023060800100347,2023년 6월 8일 16시,목요일,충청북도 음성군 삼성면,경상사고,0,0,2,0,차대차 - 측면충돌,교차로운행방법위반,건조,맑음,교차로 - 교차로안,승용,여,68세,경상,화물,남,50세,경상
2023060800100481,2023년 6월 8일 20시,목요일,충청북도 청주시 상당구 서문동,경상사고,0,0,2,0,차대차 - 측면충돌,교차로운행방법위반,건조,맑음,교차로 - 교차로안,승용,여,25세,상해없음,승용,여,31세,경상
2023060800100521,2023년 6월 8일 21시,목요일,충청북도 청주시 청원구 사천동,경상사고,0,0,2,0,차대차 - 추돌,안전운전불이행,건조,맑음,단일로 - 기타,화물,남,28세,상해없음,승용,여,21세,경상
2023060800100522,2023년 6월 8일 21시,목요일,충청북도 충주시 동량면,사망사고,1,0,0,0,차대사람 - 기타,안전운전불이행,건조,맑음,단일로 - 기타,승용,남,54세,상해없음,보행자,여,62세,사망
2023060800100523,2023년 6월 8일 21시,목요일,충청북도 청주시 서원구 수곡동,경상사고,0,0,1,0,차대차 - 측면충돌,안전운전불이행,건조,맑음,교차로 - 교차로안,승용,여,33세,경상,승용,남,55세,상해없음
2023060900100015,2023년 6월 9일 00시,금요일,충청북도 청주시 서원구 사직동,중상사고,0,1,0,0,차대사람 - 횡단중,신호위반,건조,맑음,교차로 - 교차로횡단보도내,이륜,남,25세,상해없음,보행자,남,45세,중상
2023060900100025,2023년 6월 9일 01시,금요일,충청북도 청주시 흥덕구 송정동,경상사고,0,0,1,0,차대차 - 추돌,안전운전불이행,건조,맑음,교차로 - 교차로부근,기타불명,기타불명,미분류,기타불명,승용,남,26세,경상
2023060900100048,2023년 6월 9일 06시,금요일,충청북도 청주시 상당구 수동,경상사고,0,0,1,0,차대차 - 추돌,안전운전불이행,건조,맑음,교차로 - 교차로부근,승용,여,63세,상해없음,승용,여,36세,경상
2023060900100090,2023년 6월 9일 08시,금요일,충청북도 충주시 용산동,중상사고,0,1,0,0,차대사람 - 차도통행중,안전운전불이행,건조,맑음,단일로 - 기타,승용,여,41세,상해없음,보행자,여,62세,중상
2023060900100091,2023년 6월 9일 08시,금요일,충청북도 청주시 상당구 금천동,경상사고,0,0,1,0,차대차 - 측면충돌,중앙선침범,건조,맑음,단일로 - 기타,승용,남,32세,상해없음,승용,여,66세,경상
2023060900100132,2023년 6월 9일 09시,금요일,충청북도 충주시 살미면,중상사고,0,1,0,0,차대차 - 기타,안전운전불이행,건조,맑음,교차로 - 교차로안,승용,여,64세,상해없음,이륜,남,82세,중상
2023060900100203,2023년 6월 9일 11시,금요일,충청북도 제천시 하소동,경상사고,0,0,2,0,차대차 - 측면충돌,직진우회전진행방해,건조,맑음,교차로 - 교차로안,승용,여,43세,경상,승용,남,25세,경상
2023060900100271,2023년 6월 9일 13시,금요일,충청북도 제천시 신월동,경상사고,0,0,2,0,차대차 - 추돌,안전운전불이행,건조,맑음,교차로 - 교차로부근,이륜,남,22세,경상,승용,여,45세,경상
2023060900100272,2023년 6월 9일 13시,금요일,충청북도 괴산군 괴산읍,경상사고,0,0,3,0,차대차 - 측면충돌,안전거리미확보,건조,맑음,교차로 - 교차로부근,승용,남,70세,경상,승용,여,70세,경상
2023060900100330,2023년 6월 9일 15시,금요일,충청북도 증평군 증평읍,경상사고,0,0,1,0,차대차 - 정면충돌,직진우회전진행방해,건조,맑음,교차로 - 교차로안,승용,남,56세,상해없음,이륜,남,39세,경상
2023060900100381,2023년 6월 9일 16시,금요일,충청북도 청주시 청원구 오동동,경상사고,0,0,1,0,차대차 - 정면충돌,교차로운행방법위반,건조,맑음,교차로 - 교차로안,화물,남,43세,상해없음,승용,남,36세,경상
2023060900100382,2023년 6월 9일 16시,금요일,충청북도 청주시 상당구 영운동,중상사고,0,1,0,0,차량단독 - 기타,안전운전불이행,건조,맑음,단일로 - 지하차도(도로)내,승합,남,51세,상해없음,,,,
2023060900100440,2023년 6월 9일 17시,금요일,충청북도 청주시 상당구 용담동,경상사고,0,0,3,0,차대차 - 측면충돌,차로위반,건조,맑음,단일로 - 지하차도(도로)내,승용,여,47세,경상,승용,남,69세,경상
2023060900100441,2023년 6월 9일 17시,금요일,충청북도 진천군 진천읍,중상사고,0,1,1,0,차대차 - 추돌,안전운전불이행,건조,맑음,단일로 - 기타,승용,남,23세,상해없음,승용,남,71세,중상
2023060900100499,2023년 6월 9일 18시,금요일,충청북도 충주시 주덕읍,중상사고,0,1,0,0,차대차 - 측면충돌,직진우회전진행방해,건조,맑음,교차로 - 교차로안,승용,남,27세,상해없음,자전거,남,53세,중상
2023060900100500,2023년 6월 9일 18시,금요일,충청북도 충주시 호암동,경상사고,0,0,1,0,차대차 - 측면충돌,안전운전불이행,건조,맑음,교차로 - 교차로부근,승용,남,60세,상해없음,승용,남,48세,경상
2023060900100501,2023년 6월 9일 18시,금요일,충청북도 증평군 증평읍,경상사고,0,0,2,0,차대차 - 측면충돌,신호위반,건조,맑음,교차로 - 교차로부근,승용,남,60세,경상,승용,여,24세,경상
2023060900100502,2023년 6월 9일 18시,금요일,충청북도 청주시 상당구 용암동,경상사고,0,0,1,0,차대차 - 측면충돌,신호위반,건조,맑음,교차로 - 교차로횡단보도내,승용,여,34세,상해없음,자전거,남,50세,경상
2023061000100044,2023년 6월 10일 03시,토요일,충청북도 옥천군 옥천읍,경상사고,0,0,1,0,차대차 - 측면충돌,안전운전불이행,건조,맑음,교차로 - 교차로안,승용,여,42세,상해없음,승용,남,52세,경상
2023061000100050,2023년 6월 10일 04시,토요일,충청북도 제천시 모산동,경상사고,0,0,1,0,차대사람 - 보도통행중,기타,건조,기타,기타 - 기타,승용,남,23세,상해없음,보행자,남,26세,경상
2023061000100051,2023년 6월 10일 04시,토요일,충청북도 청주시 흥덕구 봉명동,경상사고,0,0,1,0,차대차 - 기타,안전운전불이행,건조,맑음,단일로 - 기타,승용,남,38세,상해없음,승용,남,59세,경상
2023061000100055,2023년 6월 10일 05시,토요일,충청북도 청주시 청원구 오창읍,경상사고,0,0,2,0,차대차 - 후진중충돌,안전운전불이행,건조,맑음,단일로 - 기타,승용,남,39세,상해없음,승용,남,54세,경상
2023061000100060,2023년 6월 10일 06시,토요일,충청북도 영동군 용산면,경상사고,0,0,1,0,차대차 - 정면충돌,중앙선침범,건조,맑음,단일로 - 기타,승용,여,53세,상해없음,건설기계,남,48세,경상
2023061000100081,2023년 6월 10일 08시,토요일,충청북도 진천군 초평면,중상사고,0,2,1,0,차대차 - 추돌,안전운전불이행,건조,맑음,단일로 - 기타,승용,남,54세,중상,승용,남,53세,경상
2023061000100126,2023년 6월 10일 10시,토요일,충청북도 진천군 초평면,경상사고,0,0,2,0,차대차 - 추돌,안전거리미확보,건조,맑음,교차로 - 교차로안,승용,남,65세,경상,승용,남,42세,경상
2023061000100127,2023년 6월 10일 10시,토요일,충청북도 청주시 흥덕구 봉명동,중상사고,0,1,1,0,차대차 - 측면충돌,신호위반,건조,맑음,교차로 - 교차로안,승용,남,76세,경상,승용,여,39세,중상
2023061000100161,2023년 6월 10일 11시,토요일,충청북도 단양군 단양읍,경상사고,0,0,1,0,차량단독 - 기타,안전운전불이행,건조,맑음,교차로 - 교차로부근,승합,남,45세,기타불명,,,,
2023061000100198,2023년 6월 10일 12시,토요일,충청북도 청주시 상당구 방서동,경상사고,0,0,1,0,차대차 - 측면충돌,안전운전불이행,건조,맑음,교차로 - 교차로안,승용,남,52세,상해없음,승용,남,31세,경상
2023061000100272,2023년 6월 10일 14시,토요일,충청북도 충주시 연수동,경상사고,0,0,1,0,차대차 - 측면충돌,안전운전불이행,건조,맑음,단일로 - 기타,화물,남,82세,상해없음,화물,남,57세,경상
2023061000100312,2023년 6월 10일 15시,토요일,충청북도 보은군 보은읍,경상사고,0,0,1,0,차대차 - 추돌,안전운전불이행,건조,맑음,단일로 - 기타,승용,남,47세,상해없음,승용,남,69세,경상
2023061000100344,2023년 6월 10일 16시,토요일,충청북도 청주시 흥덕구 복대동,중상사고,0,2,0,0,차대차 - 측면충돌,안전거리미확보,건조,맑음,단일로 - 기타,승용,여,49세,중상,승용,여,51세,중상
2023061000100438,2023년 6월 10일 19시,토요일,충청북도 충주시 연수동,경상사고,0,0,1,0,차대사람 - 횡단중,안전운전불이행,젖음/습기,비,교차로 - 교차로안,승용,남,65세,상해없음,보행자,남,23세,경상
2023061000100439,2023년 6월 10일 19시,토요일,충청북도 청주시 상당구 미원면,중상사고,0,1,0,0,차대사람 - 보도통행중,보행자보호의무위반,건조,맑음,교차로 - 교차로횡단보도내,승용,남,87세,상해없음,보행자,여,77세,중상
2023061000100515,2023년 6월 10일 22시,토요일,충청북도 청주시 흥덕구 복대동,경상사고,0,0,4,2,차대차 - 추돌,안전운전불이행,건조,맑음,단일로 - 기타,승용,남,26세,상해없음,승합,여,46세,경상
2023061000100532,2023년 6월 10일 23시,토요일,충청북도 청주시 청원구 내덕동,경상사고,0,0,2,0,차대차 - 추돌,안전운전불이행,건조,맑음,단일로 - 기타,승용,남,76세,상해없음,승용,남,63세,상해없음
2023061100100043,2023년 6월 11일 03시,일요일,충청북도 괴산군 괴산읍,사망사고,1,0,0,0,차량단독 - 공작물충돌,안전운전불이행,건조,맑음,단일로 - 기타,이륜,남,17세,사망,,,,
2023061100100073,2023년 6월 11일 07시,일요일,충청북도 옥천군 옥천읍,경상사고,0,0,1,0,차대사람 - 기타,안전운전불이행,건조,맑음,교차로 - 교차로부근,승합,남,49세,상해없음,보행자,남,66세,경상
2023061100100089,2023년 6월 11일 09시,일요일,충청북도 청주시 흥덕구 오송읍,부상신고사고,0,0,0,2,차대차 - 측면충돌,안전운전불이행,건조,맑음,기타 - 기타,자전거,여,58세,부상신고,자전거,남,78세,부상신고
2023061100100102,2023년 6월 11일 10시,일요일,충청북도 청주시 서원구 사창동,경상사고,0,0,6,0,차대차 - 추돌,안전거리미확보,건조,맑음,단일로 - 기타,승용,남,41세,상해없음,승용,여,28세,경상
2023061100100124,2023년 6월 11일 11시,일요일,충청북도 청주시 서원구 분평동,부상신고사고,0,0,0,1,차대차 - 측면충돌,안전운전불이행,건조,맑음,단일로 - 기타,자전거,남,69세,부상신고,승합,남,43세,상해없음
2023061100100241,2023년 6월 11일 15시,일요일,충청북도 제천시 청전동,경상사고,0,0,2,0,차대차 - 측면충돌,안전운전불이행,젖음/습기,흐림,교차로 - 교차로안,승용,남,40세,상해없음,화물,남,67세,경상
2023061100100242,2023년 6월 11일 15시,일요일,충청북도 청주시 상당구 용정동,경상사고,0,0,2,0,차대차 - 측면충돌,안전운전불이행,건조,맑음,주차장 - 주차장,승용,남,50세,경상,승용,여,53세,경상
2023061100100243,2023년 6월 11일 15시,일요일,충청북도 청주시 흥덕구 신성동,경상사고,0,0,1,0,차대차 - 추돌,안전운전불이행,건조,맑음,단일로 - 기타,승용,남,25세,상해없음,승용,남,37세,경상
2023061100100304,2023년 6월 11일 17시,일요일,충청북도 충주시 교현동,중상사고,0,1,0,0,차대차 - 측면충돌,안전운전불이행,건조,맑음,교차로 - 교차로안,자전거,남,12세,중상,승용,여,32세,상해없음
2023061100100305,2023년 6월 11일 17시,일요일,충청북도 제천시 의림동,경상사고,0,0,3,0,차대차 - 측면충돌,직진우회전진행방해,건조,맑음,교차로 - 교차로안,승용,여,77세,경상,승용,여,60세,경상
2023061100100306,2023년 6월 11일 17시,일요일,충청북도 청주시 서원구 산남동,경상사고,0,0,1,0,차대차 - 측면충돌,안전운전불이행,건조,맑음,교차로 - 교차로안,승용,남,66세,상해없음,승용,남,27세,경상
2023061100100333,2023년 6월 11일 18시,일요일,충청북도 청주시 서원구 미평동,경상사고,0,0,1,0,차대차 - 측면충돌,안전운전불이행,건조,맑음,단일로 - 지하차도(도로)내,승용,남,47세,상해없음,승용,남,30세,경상
2023061100100353,2023년 6월 11일 19시,일요일,충청북도 증평군 증평읍,중상사고,0,1,0,0,차대차 - 측면충돌,기타,건조,맑음,교차로 - 교차로안,승용,남,24세,상해없음,이륜,남,24세,중상
2023061100100354,2023년 6월 11일 19시,일요일,충청북도 음성군 금왕읍,중상사고,0,1,0,0,차대차 - 측면충돌,안전운전불이행,건조,맑음,교차로 - 교차로안,승용,남,55세,상해없음,승합,남,53세,중상
2023061100100377,2023년 6월 11일 20시,일요일,충청북도 청주시 청원구 내덕동,경상사고,0,0,1,0,차대차 - 기타,안전운전불이행,건조,맑음,단일로 - 기타,승용,남,37세,상해없음,승합,남,26세,경상
2023061100100378,2023년 6월 11일 20시,일요일,충청북도 청주시 흥덕구 복대동,중상사고,0,1,1,0,차대차 - 측면충돌,안전운전불이행,건조,맑음,교차로 - 교차로부근,이륜,남,61세,중상,승용,여,58세,경상
2023061100100379,2023년 6월 11일 20시,일요일,충청북도 청주시 서원구 성화동,중상사고,0,1,0,0,차대차 - 추돌,안전운전불이행,건조,맑음,교차로 - 교차로부근,승용,여,43세,상해없음,승용,여,41세,중상
2023061200100007,2023년 6월 12일 01시,월요일,충청북도 청주시 상당구 금천동,부상신고사고,0,0,0,1,차대차 - 측면충돌,안전운전불이행,건조,맑음,교차로 - 교차로부근,자전거,남,16세,부상신고,승용,여,26세,상해없음
2023061200100031,2023년 6월 12일 05시,월요일,충청북도 음성군 금왕읍,중상사고,0,1,0,0,차대차 - 추돌,안전운전불이행,건조,맑음,단일로 - 기타,화물,남,66세,상해없음,화물,남,56세,상해없음
2023061200100056,2023년 6월 12일 07시,월요일,충청북도 제천시 화산동,경상사고,0,0,2,0,차대차 - 측면충돌,직진우회전진행방해,건조,맑음,교차로 - 교차로안,승용,남,29세,경상,승용,남,22세,경상
2023061200100097,2023년 6월 12일 08시,월요일,충청북도 청주시 서원구 사직동,경상사고,0,0,1,0,차대차 - 측면충돌,교차로운행방법위반,건조,맑음,교차로 - 교차로안,승용,남,52세,상해없음,승용,여,27세,경상
2023061200100098,2023년 6월 12일 08시,월요일,충청북도 옥천군 옥천읍,경상사고,0,0,1,0,차대차 - 기타,안전운전불이행,건조,맑음,교차로 - 교차로안,승용,남,55세,상해없음,화물,남,66세,경상
2023061200100099,2023년 6월 12일 08시,월요일,충청북도 청주시 서원구 장성동,경상사고,0,0,2,0,차대차 - 추돌,안전거리미확보,건조,맑음,단일로 - 지하차도(도로)내,승용,여,47세,경상,승용,남,35세,경상
2023061200100148,2023년 6월 12일 09시,월요일,충청북도 청주시 청원구 주성동,경상사고,0,0,2,0,차대차 - 측면충돌,안전거리미확보,건조,맑음,교차로 - 교차로부근,화물,남,49세,상해없음,승용,여,61세,경상
2023061200100149,2023년 6월 12일 09시,월요일,충청북도 청주시 서원구 개신동,경상사고,0,0,2,0,차대차 - 측면충돌,교차로운행방법위반,건조,맑음,교차로 - 교차로안,승용,남,70세,상해없음,승합,남,58세,경상
2023061200100150,2023년 6월 12일 09시,월요일,충청북도 음성군 맹동면,경상사고,0,0,1,0,차대차 - 기타,안전운전불이행,건조,맑음,교차로 - 교차로안,승용,여,63세,상해없음,승용,여,26세,경상
2023061200100208,2023년 6월 12일 11시,월요일,충청북도 제천시 중앙로2가,경상사고,0,0,1,0,차대차 - 측면충돌,안전거리미확보,건조,맑음,교차로 - 교차로안,이륜,남,77세,경상,승용,남,47세,상해없음
2023061200100247,2023년 6월 12일 12시,월요일,충청북도 청주시 청원구 오창읍,경상사고,0,0,2,0,차대차 - 추돌,안전운전불이행,건조,맑음,교차로 - 교차로부근,승용,남,57세,상해없음,승용,여,44세,경상
2023061200100248,2023년 6월 12일 12시,월요일,충청북도 청주시 서원구 사창동,경상사고,0,0,1,0,차대차 - 기타,교차로운행방법위반,건조,맑음,교차로 - 교차로안,승용,남,53세,기타불명,자전거,남,63세,경상
2023061200100306,2023년 6월 12일 14시,월요일,충청북도 제천시 청전동,경상사고,0,0,2,0,차대차 - 후진중충돌,안전운전불이행,건조,맑음,교차로 - 교차로부근,화물,남,68세,상해없음,승용,남,41세,경상
2023061200100307,2023년 6월 12일 14시,월요일,충청북도 진천군 진천읍,중상사고,0,1,1,0,차대차 - 정면충돌,중앙선침범,건조,맑음,단일로 - 기타,승용,남,74세,상해없음,승용,남,58세,중상
2023061200100385,2023년 6월 12일 16시,월요일,충청북도 제천시 신동,경상사고,0,0,1,0,차대차 - 측면충돌,신호위반,건조,맑음,단일로 - 기타,특수,남,62세,상해없음,승용,남,49세,경상
2023061200100386,2023년 6월 12일 16시,월요일,충청북도 청주시 흥덕구 복대동,경상사고,0,0,1,0,차대차 - 측면충돌,교차로운행방법위반,건조,흐림,교차로 - 교차로횡단보도내,승용,여,34세,상해없음,자전거,여,10세,경상
2023061200100426,2023년 6월 12일 17시,월요일,충청북도 충주시 교현동,경상사고,0,0,1,0,차대차 - 측면충돌,안전거리미확보,젖음/습기,비,단일로 - 기타,승용,여,55세,상해없음,승용,여,66세,경상