사고번호,사고일시,요일,시군구,사고내용,사망자수,중상자수,경상자수,부상신고자수,사고유형,법규위반,노면상태,기상상태,도로형태,가해운전자 차종,가해운전자 성별,가해운전자 연령,가해운전자 상해정도,피해운전자 차종,피해운전자 성별,피해운전자 연령,피해운전자 상해정도
2023061200100540,2023년 6월 12일 20시,월요일,충청북도 진천군 덕산읍,경상사고,0,0,2,0,차대차 - 측면충돌,안전운전불이행,건조,맑음,교차로 - 교차로부근,승용,남,28세,경상,이륜,남,53세,경상
2023061200100566,2023년 6월 12일 21시,월요일,충청북도 청주시 서원구 사창동,경상사고,0,0,1,0,차대차 - 측면충돌,신호위반,건조,맑음,교차로 - 교차로안,화물,남,43세,상해없음,승용,여,39세,경상
2023061200100567,2023년 6월 12일 21시,월요일,충청북도 제천시 고암동,중상사고,0,1,2,0,차대차 - 추돌,안전운전불이행,건조,흐림,교차로 - 교차로부근,승용,여,40세,기타불명,승합,남,33세,경상
2023061200100585,2023년 6월 12일 22시,월요일,충청북도 청주시 서원구 사직동,경상사고,0,0,2,0,차대차 - 추돌,교차로운행방법위반,건조,맑음,교차로 - 교차로부근,승용,남,67세,경상,승용,남,41세,경상
2023061300100006,2023년 6월 13일 00시,화요일,충청북도 청주시 상당구 방서동,경상사고,0,0,1,0,차량단독 - 전도전복 - 전도,안전운전불이행,건조,맑음,교차로 - 교차로부근,이륜,남,17세,경상,,,,
2023061300100034,2023년 6월 13일 05시,화요일,충청북도 청주시 서원구 개신동,경상사고,0,0,1,0,차대차 - 측면충돌,교차로운행방법위반,건조,맑음,교차로 - 교차로부근,화물,남,63세,상해없음,승용,여,34세,경상
2023061300100035,2023년 6월 13일 05시,화요일,충청북도 청주시 상당구 남일면,경상사고,0,0,1,0,차대차 - 측면충돌,안전운전불이행,건조,맑음,단일로 - 지하차도(도로)내,승용,남,53세,상해없음,승용,남,64세,경상
2023061300100094,2023년 6월 13일 08시,화요일,충청북도 청주시 청원구 오창읍,중상사고,0,1,0,0,차대차 - 측면충돌,안전운전불이행,건조,맑음,교차로 - 교차로안,승용,남,30세,상해없음,자전거,남,17세,중상
2023061300100095,2023년 6월 13일 08시,화요일,충청북도 증평군 증평읍,중상사고,0,1,0,0,차대차 - 측면충돌,직진우회전진행방해,건조,맑음,교차로 - 교차로안,승용,남,52세,상해없음,이륜,남,78세,중상
2023061300100176,2023년 6월 13일 10시,화요일,충청북도 음성군 맹동면,경상사고,0,0,1,0,차대차 - 추돌,안전운전불이행,건조,맑음,단일로 - 기타,승용,여,46세,경상,화물,기타불명,미분류,기타불명
2023061300100177,2023년 6월 13일 10시,화요일,충청북도 청주시 서원구 남이면,경상사고,0,0,1,0,차대차 - 후진중충돌,안전운전불이행,건조,맑음,교차로 - 교차로부근,화물,남,58세,상해없음,승용,남,57세,경상
2023061300100205,2023년 6월 13일 11시,화요일,충청북도 청주시 흥덕구 강서동,경상사고,0,0,1,0,차대차 - 측면충돌,안전운전불이행,건조,맑음,기타 - 기타,승용,남,24세,상해없음,승용,여,33세,경상
2023061300100293,2023년 6월 13일 14시,화요일,충청북도 충주시 봉방동,경상사고,0,0,1,0,차대차 - 기타,신호위반,건조,맑음,교차로 - 교차로부근,승용,여,67세,상해없음,승용,남,46세,경상
2023061300100294,2023년 6월 13일 14시,화요일,충청북도 진천군 진천읍,경상사고,0,0,1,0,차대사람 - 차도통행중,안전운전불이행,건조,맑음,단일로 - 기타,화물,남,60세,상해없음,보행자,여,78세,경상
2023061300100295,2023년 6월 13일 14시,화요일,충청북도 청주시 청원구 오창읍,중상사고,0,1,2,0,차대차 - 추돌,안전운전불이행,건조,맑음,단일로 - 기타,화물,남,66세,경상,화물,남,38세,중상
2023061300100330,2023년 6월 13일 15시,화요일,충청북도 음성군 감곡면,경상사고,0,0,1,0,차대사람 - 횡단중,안전운전불이행,건조,맑음,교차로 - 교차로안,화물,남,42세,상해없음,보행자,여,63세,경상
2023061300100374,2023년 6월 13일 16시,화요일,충청북도 충주시 중앙탑면,경상사고,0,0,3,0,차대차 - 정면충돌,안전운전불이행,건조,맑음,단일로 - 기타,승용,여,29세,경상,승용,여,47세,경상
2023061300100375,2023년 6월 13일 16시,화요일,충청북도 진천군 덕산읍,경상사고,0,0,2,0,차대차 - 측면충돌,안전운전불이행,건조,맑음,교차로 - 교차로안,승용,남,68세,상해없음,화물,여,58세,경상
2023061300100420,2023년 6월 13일 17시,화요일,충청북도 청주시 흥덕구 향정동,경상사고,0,0,1,0,차대차 - 기타,신호위반,건조,맑음,교차로 - 교차로횡단보도내,승합,남,41세,상해없음,자전거,남,40세,경상
2023061300100421,2023년 6월 13일 17시,화요일,충청북도 청주시 흥덕구 비하동,부상신고사고,0,0,0,1,차대차 - 기타,안전운전불이행,건조,맑음,단일로 - 기타,화물,남,50세,상해없음,승용,남,22세,부상신고
2023061300100482,2023년 6월 13일 18시,화요일,충청북도 청주시 청원구 율량동,중상사고,0,1,1,0,차대차 - 측면충돌,안전거리미확보,건조,맑음,교차로 - 교차로부근,승용,여,47세,중상,이륜,남,26세,경상
2023061300100483,2023년 6월 13일 18시,화요일,충청북도 음성군 대소면,경상사고,0,0,1,1,차대차 - 추돌,안전거리미확보,건조,맑음,교차로 - 교차로부근,승용,남,53세,상해없음,승용,남,63세,경상
2023061300100484,2023년 6월 13일 18시,화요일,충청북도 청주시 서원구 성화동,경상사고,0,0,3,0,차대차 - 측면충돌,안전운전불이행,건조,맑음,교차로 - 교차로부근,승용,남,35세,상해없음,화물,남,55세,경상
2023061300100485,2023년 6월 13일 18시,화요일,충청북도 청주시 흥덕구 오송읍,경상사고,0,0,1,0,차대차 - 추돌,안전운전불이행,건조,맑음,교차로 - 교차로부근,승용,여,42세,경상,건설기계,남,42세,상해없음
2023061300100486,2023년 6월 13일 18시,화요일,충청북도 청주시 흥덕구 봉명동,경상사고,0,0,4,1,차대차 - 측면충돌,안전운전불이행,건조,맑음,단일로 - 기타,승용,여,42세,경상,이륜,남,41세,부상신고
2023061300100487,2023년 6월 13일 18시,화요일,충청북도 청주시 흥덕구 송절동,경상사고,0,0,1,0,차대차 - 추돌,교차로운행방법위반,건조,맑음,교차로 - 교차로안,승용,남,50세,상해없음,승용,남,46세,경상
2023061300100528,2023년 6월 13일 19시,화요일,충청북도 청주시 청원구 내수읍,경상사고,0,0,1,0,차대차 - 추돌,안전운전불이행,건조,맑음,단일로 - 기타,승용,남,68세,상해없음,승용,남,64세,경상
2023061300100529,2023년 6월 13일 19시,화요일,충청북도 진천군 덕산읍,중상사고,0,1,0,0,차대사람 - 기타,안전운전불이행,건조,맑음,기타 - 기타,자전거,남,9세,상해없음,보행자,여,6세,중상
2023061300100599,2023년 6월 13일 22시,화요일,충청북도 청주시 흥덕구 봉명동,경상사고,0,0,1,0,차대차 - 정면충돌,안전운전불이행,건조,맑음,단일로 - 기타,승용,남,29세,상해없음,승용,남,35세,경상
2023061400100022,2023년 6월 14일 04시,수요일,충청북도 제천시 신월동,경상사고,0,0,1,0,차대차 - 측면충돌,신호위반,건조,맑음,교차로 - 교차로안,화물,남,24세,상해없음,승용,남,70세,경상
2023061400100098,2023년 6월 14일 08시,수요일,충청북도 제천시 장락동,경상사고,0,0,2,0,차대차 - 측면충돌,안전운전불이행,건조,맑음,교차로 - 교차로안,승용,여,59세,경상,승용,여,60세,경상
2023061400100172,2023년 6월 14일 10시,수요일,충청북도 청주시 서원구 사창동,중상사고,0,2,1,0,차대차 - 추돌,안전운전불이행,건조,맑음,교차로 - 교차로부근,화물,남,20세,상해없음,승용,여,59세,중상
2023061400100173,2023년 6월 14일 10시,수요일,충청북도 진천군 진천읍,경상사고,0,0,1,0,차대차 - 추돌,안전거리미확보,건조,맑음,단일로 - 기타,승용,남,21세,상해없음,화물,남,61세,경상
2023061400100210,2023년 6월 14일 11시,수요일,충청북도 음성군 생극면,경상사고,0,0,1,0,차대차 - 측면충돌,안전운전불이행,건조,맑음,교차로 - 교차로안,건설기계,남,62세,상해없음,화물,남,64세,경상
2023061400100250,2023년 6월 14일 12시,수요일,충청북도 진천군 진천읍,경상사고,0,0,1,0,차대차 - 추돌,안전운전불이행,건조,맑음,교차로 - 교차로부근,이륜,남,78세,상해없음,승용,여,52세,경상
2023061400100349,2023년 6월 14일 15시,수요일,충청북도 청주시 흥덕구 지동동,중상사고,0,1,0,0,차대차 - 추돌,안전거리미확보,건조,맑음,단일로 - 기타,승용,여,45세,상해없음,승용,여,55세,중상
2023061400100350,2023년 6월 14일 15시,수요일,충청북도 청주시 서원구 수곡동,경상사고,0,0,1,0,차대차 - 측면충돌,안전운전불이행,건조,맑음,교차로 - 교차로횡단보도내,자전거,남,13세,경상,승용,남,56세,상해없음
2023061400100383,2023년 6월 14일 16시,수요일,충청북도 음성군 삼성면,경상사고,0,0,1,0,차대차 - 측면충돌,기타,건조,맑음,교차로 - 교차로안,승용,남,23세,상해없음,승합,남,69세,경상
2023061400100384,2023년 6월 14일 16시,수요일,충청북도 음성군 삼성면,경상사고,0,0,1,0,차대차 - 정면충돌,중앙선침범,건조,맑음,단일로 - 기타,기타불명,기타불명,미분류,기타불명,화물,남,57세,경상
2023061400100431,2023년 6월 14일 17시,수요일,충청북도 청주시 서원구 사창동,경상사고,0,0,1,0,차대사람 - 기타,안전운전불이행,건조,맑음,단일로 - 기타,승용,남,63세,상해없음,보행자,남,43세,경상
2023061400100432,2023년 6월 14일 17시,수요일,충청북도 청주시 서원구 미평동,경상사고,0,0,1,0,차대차 - 측면충돌,신호위반,건조,맑음,교차로 - 교차로안,승용,남,60세,상해없음,이륜,남,31세,경상
2023061400100482,2023년 6월 14일 18시,수요일,충청북도 청주시 상당구 영운동,경상사고,0,0,1,0,차대사람 - 차도통행중,안전운전불이행,건조,맑음,단일로 - 지하차도(도로)내,화물,남,52세,상해없음,보행자,남,73세,경상
2023061400100548,2023년 6월 14일 20시,수요일,충청북도 음성군 금왕읍,사망사고,1,0,1,0,차대사람 - 기타,신호위반,건조,맑음,단일로 - 기타,승용,여,49세,경상,보행자,남,55세,사망
2023061400100573,2023년 6월 14일 21시,수요일,충청북도 진천군 광혜원면,경상사고,0,0,1,0,차대사람 - 차도통행중,안전운전불이행,건조,맑음,교차로 - 교차로안,자전거,남,15세,상해없음,보행자,남,69세,경상
2023061400100608,2023년 6월 14일 23시,수요일,충청북도 충주시 문화동,경상사고,0,0,1,0,차대차 - 기타,신호위반,젖음/습기,비,교차로 - 교차로안,승용,여,31세,기타불명,승용,여,44세,경상
2023061500100005,2023년 6월 15일 00시,목요일,충청북도 음성군 금왕읍,경상사고,0,0,1,0,차대차 - 측면충돌,신호위반,건조,맑음,교차로 - 교차로안,승용,남,66세,상해없음,승용,남,42세,상해없음
2023061500100006,2023년 6월 15일 00시,목요일,충청북도 청주시 상당구 용정동,경상사고,0,0,2,0,차대차 - 측면충돌,안전거리미확보,건조,맑음,교차로 - 교차로안,승용,남,45세,상해없음,승용,남,29세,경상
2023061500100025,2023년 6월 15일 02시,목요일,충청북도 제천시 장락동,경상사고,0,0,1,0,차대차 - 후진중충돌,안전운전불이행,건조,맑음,교차로 - 교차로부근,승용,남,28세,기타불명,자전거,남,33세,경상
2023061500100050,2023년 6월 15일 06시,목요일,충청북도 청주시 서원구 사직동,경상사고,0,0,1,0,차대차 - 측면충돌,안전운전불이행,건조,맑음,교차로 - 교차로부근,승용,남,70세,상해없음,승용,여,29세,경상
2023061500100118,2023년 6월 15일 08시,목요일,충청북도 청주시 청원구 북이면,경상사고,0,0,1,0,차대차 - 측면충돌,안전거리미확보,건조,맑음,단일로 - 기타,화물,남,66세,상해없음,승용,남,31세,경상
2023061500100119,2023년 6월 15일 08시,목요일,충청북도 증평군 증평읍,경상사고,0,0,1,0,차대차 - 측면충돌,중앙선침범,건조,맑음,단일로 - 기타,승용,남,66세,상해없음,승용,여,40세,경상
2023061500100120,2023년 6월 15일 08시,목요일,충청북도 음성군 맹동면,경상사고,0,0,2,0,차대차 - 측면충돌,안전운전불이행,건조,맑음,교차로 - 교차로안,승용,여,30세,경상,승용,여,27세,경상
2023061500100155,2023년 6월 15일 09시,목요일,충청북도 증평군 증평읍,경상사고,0,0,1,0,차대사람 - 길가장자리구역통행중,안전운전불이행,건조,맑음,단일로 - 기타,화물,남,36세,상해없음,보행자,여,78세,경상
2023061500100156,2023년 6월 15일 09시,목요일,충청북도 증평군 증평읍,중상사고,0,1,0,0,차대차 - 정면충돌,안전운전불이행,건조,맑음,단일로 - 기타,승용,여,48세,상해없음,자전거,남,83세,중상
2023061500100189,2023년 6월 15일 10시,목요일,충청북도 충주시 금릉동,경상사고,0,0,1,0,차대차 - 측면충돌,안전거리미확보,건조,맑음,단일로 - 기타,화물,남,64세,상해없음,화물,남,46세,경상
2023061500100216,2023년 6월 15일 11시,목요일,충청북도 충주시 성서동,경상사고,0,0,2,0,차대차 - 기타,안전거리미확보,건조,맑음,교차로 - 교차로안,승용,남,52세,경상,승용,남,32세,경상
2023061500100254,2023년 6월 15일 12시,목요일,충청북도 청주시 흥덕구 강내면,중상사고,0,1,1,0,차대차 - 측면충돌,안전운전불이행,건조,맑음,교차로 - 교차로부근,승용,남,53세,경상,승용,남,27세,중상
2023061500100291,2023년 6월 15일 13시,목요일,충청북도 청주시 상당구 가덕면,중상사고,0,2,0,0,차대차 - 기타,안전운전불이행,건조,맑음,단일로 - 기타,승용,남,69세,상해없음,이륜,남,64세,중상
2023061500100323,2023년 6월 15일 14시,목요일,충청북도 옥천군 옥천읍,경상사고,0,0,1,0,차대차 - 측면충돌,안전거리미확보,건조,맑음,단일로 - 기타,승용,남,72세,상해없음,승용,남,71세,경상
2023061500100324,2023년 6월 15일 14시,목요일,충청북도 청주시 서원구 모충동,중상사고,0,1,0,0,차대차 - 기타,안전운전불이행,건조,맑음,단일로 - 기타,자전거,남,60세,상해없음,자전거,남,72세,중상
2023061500100364,2023년 6월 15일 15시,목요일,충청북도 청주시 흥덕구 봉명동,경상사고,0,0,1,0,차대차 - 측면충돌,중앙선침범,건조,맑음,교차로 - 교차로안,이륜,남,58세,기타불명,승용,남,25세,경상
2023061500100365,2023년 6월 15일 15시,목요일,충청북도 청주시 서원구 성화동,중상사고,0,1,0,0,차대차 - 측면충돌,안전운전불이행,건조,맑음,교차로 - 교차로횡단보도내,승용,여,30세,기타불명,자전거,남,73세,중상
2023061500100366,2023년 6월 15일 15시,목요일,충청북도 청주시 상당구 용담동,경상사고,0,0,1,0,차대사람 - 횡단중,보행자보호의무위반,건조,맑음,단일로 - 기타,승합,남,45세,상해없음,보행자,남,75세,경상
2023061500100457,2023년 6월 15일 17시,목요일,충청북도 청주시 흥덕구 오송읍,경상사고,0,0,1,0,차대차 - 기타,안전운전불이행,건조,맑음,기타 - 기타,승용,여,53세,상해없음,승용,남,31세,경상
2023061500100458,2023년 6월 15일 17시,목요일,충청북도 청주시 상당구 용암동,경상사고,0,0,1,0,차대차 - 정면충돌,안전운전불이행,건조,맑음,교차로 - 교차로부근,승용,남,64세,상해없음,이륜,남,23세,경상
2023061500100459,2023년 6월 15일 17시,목요일,충청북도 청주시 상당구 영운동,중상사고,0,1,0,0,차대차 - 측면충돌,안전운전불이행,건조,맑음,교차로 - 교차로횡단보도내,승용,여,66세,상해없음,자전거,남,43세,중상
2023061500100494,2023년 6월 15일 18시,목요일,충청북도 청주시 흥덕구 복대동,경상사고,0,0,2,0,차대차 - 측면충돌,안전거리미확보,건조,맑음,교차로 - 교차로안,승용,남,55세,기타불명,승용,여,25세,경상
2023061500100533,2023년 6월 15일 19시,목요일,충청북도 청주시 흥덕구 복대동,경상사고,0,0,2,0,차대차 - 측면충돌,교차로운행방법위반,건조,맑음,교차로 - 교차로안,승합,남,57세,상해없음,승용,남,21세,경상
2023061500100557,2023년 6월 15일 20시,목요일,충청북도 청주시 흥덕구 옥산면,중상사고,0,1,0,0,차대차 - 측면충돌,직진우회전진행방해,건조,맑음,교차로 - 교차로안,승용,여,42세,기타불명,승용,여,59세,중상
2023061500100615,2023년 6월 15일 22시,목요일,충청북도 충주시 성서동,경상사고,0,0,2,0,차대차 - 측면충돌,안전운전불이행,건조,맑음,단일로 - 기타,승용,남,39세,상해없음,승용,남,41세,기타불명
2023061600100021,2023년 6월 16일 02시,금요일,충청북도 청주시 서원구 수곡동,중상사고,0,1,0,0,차량단독 - 공작물충돌,안전운전불이행,건조,맑음,단일로 - 지하차도(도로)내,이륜,남,23세,중상,,,,
2023061600100036,2023년 6월 16일 05시,금요일,충청북도 음성군 음성읍,중상사고,0,1,0,0,차량단독 - 공작물충돌,안전운전불이행,건조,맑음,단일로 - 기타,승용,남,57세,중상,,,,
2023061600100064,2023년 6월 16일 07시,금요일,충청북도 청주시 흥덕구 송정동,경상사고,0,0,1,0,차대차 - 기타,안전운전불이행,건조,맑음,교차로 - 교차로부근,승용,남,26세,상해없음,화물,남,30세,경상
2023061600100093,2023년 6월 16일 08시,금요일,충청북도 충주시 수안보면,중상사고,0,1,0,0,차대차 - 측면충돌,안전거리미확보,건조,맑음,단일로 - 기타,사륜오토바이(ATV),여,67세,중상,승용,여,60세,상해없음
2023061600100094,2023년 6월 16일 08시,금요일,충청북도 보은군 보은읍,중상사고,0,1,0,0,차대차 - 추돌,교차로운행방법위반,건조,맑음,교차로 - 교차로안,특수,남,65세,상해없음,자전거,남,15세,중상
2023061600100095,2023년 6월 16일 08시,금요일,충청북도 청주시 서원구 남이면,경상사고,0,0,1,0,차대차 - 측면충돌,안전운전불이행,건조,맑음,기타 - 기타,화물,남,65세,상해없음,승용,남,38세,경상
2023061600100096,2023년 6월 16일 08시,금요일,충청북도 청주시 서원구 분평동,경상사고,0,0,1,0,차대차 - 추돌,안전운전불이행,건조,맑음,단일로 - 기타,승용,여,28세,상해없음,원동기,여,28세,경상
2023061600100158,2023년 6월 16일 10시,금요일,충청북도 옥천군 옥천읍,경상사고,0,0,1,0,차대차 - 기타,안전운전불이행,건조,맑음,교차로 - 교차로부근,자전거,여,85세,경상,화물,남,52세,상해없음
2023061600100194,2023년 6월 16일 11시,금요일,충청북도 청주시 청원구 외남동,중상사고,0,1,0,0,차대차 - 측면충돌,안전운전불이행,건조,맑음,단일로 - 지하차도(도로)내,화물,여,65세,상해없음,이륜,남,70세,중상
2023061600100277,2023년 6월 16일 13시,금요일,충청북도 청주시 서원구 사직동,경상사고,0,0,1,0,차대차 - 측면충돌,교차로운행방법위반,건조,맑음,교차로 - 교차로안,승합,남,27세,상해없음,승용,여,49세,경상
2023061600100278,2023년 6월 16일 13시,금요일,충청북도 영동군 학산면,중상사고,0,1,0,0,차대차 - 측면충돌,안전운전불이행,건조,맑음,단일로 - 기타,승용,여,71세,상해없음,승용,남,59세,중상
2023061600100316,2023년 6월 16일 14시,금요일,충청북도 증평군 증평읍,경상사고,0,0,1,0,차대사람 - 차도통행중,안전운전불이행,건조,맑음,단일로 - 기타,승용,여,45세,상해없음,보행자,여,54세,경상
2023061600100317,2023년 6월 16일 14시,금요일,충청북도 음성군 생극면,경상사고,0,0,1,1,차대차 - 추돌,안전거리미확보,건조,맑음,단일로 - 기타,승용,남,20세,상해없음,승용,여,59세,부상신고
2023061600100355,2023년 6월 16일 15시,금요일,충청북도 제천시 하소동,경상사고,0,0,1,0,차대차 - 측면충돌,안전운전불이행,건조,맑음,교차로 - 교차로부근,승용,남,61세,상해없음,자전거,여,54세,경상
2023061600100356,2023년 6월 16일 15시,금요일,충청북도 청주시 흥덕구 외북동,경상사고,0,0,1,0,차대차 - 측면충돌,교차로운행방법위반,건조,맑음,교차로 - 교차로안,승용,남,67세,상해없음,승용,남,31세,경상
2023061600100408,2023년 6월 16일 16시,금요일,충청북도 청주시 청원구 오창읍,경상사고,0,0,3,0,차대차 - 측면충돌,교차로운행방법위반,건조,맑음,교차로 - 교차로안,승용,남,37세,상해없음,승용,남,41세,경상
2023061600100584,2023년 6월 16일 19시,금요일,충청북도 제천시 화산동,경상사고,0,0,1,0,차대차 - 측면충돌,교차로운행방법위반,건조,맑음,교차로 - 교차로안,승용,남,57세,상해없음,승용,여,55세,경상
2023061600100615,2023년 6월 16일 20시,금요일,충청북도 충주시 연수동,경상사고,0,0,1,0,차대사람 - 차도통행중,안전운전불이행,건조,맑음,교차로 - 교차로부근,이륜,남,60세,기타불명,보행자,남,23세,경상
2023061600100616,2023년 6월 16일 20시,금요일,충청북도 진천군 덕산읍,경상사고,0,0,1,0,차대차 - 측면충돌,안전운전불이행,건조,맑음,교차로 - 교차로부근,승용,여,49세,상해없음,자전거,여,12세,경상
2023061600100617,2023년 6월 16일 20시,금요일,충청북도 청주시 상당구 미원면,사망사고,1,0,0,0,차량단독 - 공작물충돌,안전운전불이행,건조,맑음,단일로 - 교량,승용,남,58세,사망,,,,
2023061600100670,2023년 6월 16일 22시,금요일,충청북도 청주시 청원구 사천동,경상사고,0,0,1,0,차대차 - 추돌,안전운전불이행,건조,맑음,교차로 - 교차로부근,승용,남,43세,상해없음,승용,남,33세,경상
2023061600100695,2023년 6월 16일 23시,금요일,충청북도 청주시 상당구 금천동,중상사고,0,1,0,0,차대차 - 측면충돌,신호위반,건조,맑음,교차로 - 교차로안,승용,여,46세,상해없음,이륜,남,24세,중상
2023061700100005,2023년 6월 17일 00시,토요일,충청북도 청주시 서원구 모충동,경상사고,0,0,2,0,차대차 - 측면충돌,신호위반,건조,맑음,교차로 - 교차로부근,승용,남,55세,상해없음,화물,남,38세,경상
2023061700100035,2023년 6월 17일 02시,토요일,충청북도 청주시 흥덕구 정봉동,중상사고,0,1,1,0,차대차 - 추돌,안전운전불이행,건조,맑음,교차로 - 교차로부근,승용,남,50세,중상,화물,남,54세,상해없음
2023061700100050,2023년 6월 17일 03시,토요일,충청북도 청주시 청원구 내덕동,경상사고,0,0,1,0,차대차 - 추돌,안전운전불이행,건조,맑음,교차로 - 교차로부근,승용,남,32세,상해없음,승용,남,24세,경상
2023061700100073,2023년 6월 17일 06시,토요일,충청북도 청주시 청원구 외남동,경상사고,0,0,1,0,차대차 - 측면충돌,안전운전불이행,건조,맑음,단일로 - 기타,승용,남,41세,상해없음,화물,남,48세,경상
2023061700100082,2023년 6월 17일 07시,토요일,충청북도 음성군 맹동면,중상사고,0,1,4,0,차대차 - 측면충돌,중앙선침범,건조,맑음,단일로 - 기타,승용,남,54세,상해없음,화물,남,46세,경상
2023061700100108,2023년 6월 17일 08시,토요일,충청북도 청주시 흥덕구 신성동,경상사고,0,0,1,0,차대차 - 측면충돌,안전운전불이행,건조,맑음,단일로 - 기타,승용,여,23세,상해없음,승용,여,45세,경상
2023061700100137,2023년 6월 17일 09시,토요일,충청북도 괴산군 연풍면,중상사고,0,1,0,0,차대차 - 기타,안전운전불이행,건조,맑음,교차로 - 교차로부근,기타불명,여,82세,중상,승합,남,61세,상해없음
2023061700100171,2023년 6월 17일 10시,토요일,충청북도 제천시 청전동,경상사고,0,0,1,0,차대차 - 측면충돌,기타,건조,맑음,교차로 - 교차로안,승합,여,20세,기타불명,승용,남,43세,경상
2023061700100172,2023년 6월 17일 10시,토요일,충청북도 음성군 금왕읍,경상사고,0,0,1,0,차대차 - 측면충돌,교차로운행방법위반,건조,맑음,교차로 - 교차로안,승용,남,69세,상해없음,승용,남,50세,경상
2023061700100173,2023년 6월 17일 10시,토요일,충청북도 진천군 덕산읍,경상사고,0,0,3,0,차대차 - 측면충돌,교차로운행방법위반,건조,맑음,교차로 - 교차로부근,건설기계,남,49세,상해없음,화물,남,46세,경상
2023061700100212,2023년 6월 17일 11시,토요일,충청북도 청주시 청원구 주성동,경상사고,0,0,2,0,차대차 - 측면충돌,안전거리미확보,건조,맑음,단일로 - 기타,승용,여,65세,상해없음,승용,남,38세,경상
2023061700100213,2023년 6월 17일 11시,토요일,충청북도 청주시 서원구 사창동,경상사고,0,0,1,0,차대사람 - 횡단중,신호위반,건조,맑음,교차로 - 교차로횡단보도내,승합,남,54세,상해없음,보행자,여,70세,경상
2023061700100214,2023년 6월 17일 11시,토요일,충청북도 제천시 청전동,경상사고,0,0,1,0,차대차 - 추돌,안전운전불이행,건조,맑음,교차로 - 교차로부근,승용,여,57세,상해없음,승용,남,26세,경상
2023061700100215,2023년 6월 17일 11시,토요일,충청북도 괴산군 장연면,중상사고,0,1,0,0,차대차 - 추돌,안전운전불이행,건조,맑음,단일로 - 교량,승용,남,47세,중상,승용,남,84세,상해없음
2023061700100216,2023년 6월 17일 11시,토요일,충청북도 청주시 상당구 금천동,경상사고,0,0,2,0,차대차 - 정면충돌,교차로운행방법위반,건조,맑음,교차로 - 교차로안,이륜,여,38세,상해없음,화물,남,52세,경상
2023061700100253,2023년 6월 17일 12시,토요일,충청북도 청주시 청원구 오창읍,중상사고,0,1,2,0,차대차 - 기타,신호위반,건조,맑음,교차로 - 교차로안,승용,남,31세,상해없음,승용,여,27세,경상
2023061700100254,2023년 6월 17일 12시,토요일,충청북도 충주시 대소원면,경상사고,0,0,1,0,차대차 - 추돌,안전운전불이행,건조,맑음,교차로 - 교차로부근,화물,남,66세,상해없음,승용,남,36세,경상
2023061700100255,2023년 6월 17일 12시,토요일,충청북도 음성군 금왕읍,경상사고,0,0,1,0,차대차 - 기타,안전운전불이행,건조,맑음,단일로 - 기타,승용,여,26세,상해없음,승용,남,47세,경상
2023061700100256,2023년 6월 17일 12시,토요일,충청북도 진천군 이월면,경상사고,0,0,3,0,차대차 - 측면충돌,안전운전불이행,건조,맑음,교차로 - 교차로안,승용,남,27세,경상,화물,남,40세,경상
2023061700100257,2023년 6월 17일 12시,토요일,충청북도 청주시 흥덕구 강서동,중상사고,0,1,2,0,차대차 - 추돌,안전운전불이행,건조,맑음,기타 - 기타,승용,남,60세,경상,승용,남,50세,경상
2023061700100303,2023년 6월 17일 13시,토요일,충청북도 진천군 진천읍,중상사고,0,1,0,0,차대차 - 측면충돌,안전운전불이행,건조,맑음,교차로 - 교차로부근,이륜,남,85세,중상,승용,여,43세,상해없음
2023061700100304,2023년 6월 17일 13시,토요일,충청북도 청주시 서원구 모충동,경상사고,0,0,2,0,차대차 - 추돌,안전거리미확보,건조,맑음,단일로 - 기타,승용,남,59세,상해없음,승용,여,65세,경상
2023061700100351,2023년 6월 17일 14시,토요일,충청북도 단양군 단양읍,경상사고,0,0,1,0,차대차 - 기타,안전운전불이행,건조,맑음,단일로 - 기타,승용,남,51세,상해없음,이륜,남,22세,경상
2023061700100352,2023년 6월 17일 14시,토요일,충청북도 청주시 흥덕구 옥산면,경상사고,0,0,2,0,차대차 - 추돌,교차로운행방법위반,건조,맑음,교차로 - 교차로안,승용,여,54세,경상,화물,남,57세,경상
2023061700100387,2023년 6월 17일 15시,토요일,충청북도 충주시 엄정면,경상사고,0,0,1,0,차대차 - 기타,중앙선침범,건조,맑음,단일로 - 기타,승용,남,73세,상해없음,화물,남,62세,경상
2023061700100388,2023년 6월 17일 15시,토요일,충청북도 청주시 상당구 금천동,경상사고,0,0,1,0,차대차 - 측면충돌,차로위반,건조,맑음,교차로 - 교차로부근,승용,남,30세,상해없음,승용,여,47세,경상
2023061700100428,2023년 6월 17일 16시,토요일,충청북도 청주시 청원구 오창읍,중상사고,0,1,0,0,차대차 - 측면충돌,교차로운행방법위반,건조,맑음,교차로 - 교차로안,승용,남,41세,상해없음,이륜,남,65세,중상
2023061700100429,2023년 6월 17일 16시,토요일,충청북도 청주시 흥덕구 신봉동,경상사고,0,0,2,0,차대차 - 추돌,안전운전불이행,건조,맑음,교차로 - 교차로부근,승용,남,72세,상해없음,승용,여,27세,경상