사고번호,사고일시,요일,시군구,사고내용,사망자수,중상자수,경상자수,부상신고자수,사고유형,법규위반,노면상태,기상상태,도로형태,가해운전자 차종,가해운전자 성별,가해운전자 연령,가해운전자 상해정도,피해운전자 차종,피해운전자 성별,피해운전자 연령,피해운전자 상해정도
2023062200100402,2023년 6월 22일 17시,목요일,충청북도 충주시 안림동,경상사고,0,0,3,0,차대차 - 측면충돌,안전거리미확보,건조,흐림,교차로 - 교차로부근,승용,여,41세,경상,승용,여,60세,경상
2023062200100403,2023년 6월 22일 17시,목요일,충청북도 충주시 중앙탑면,경상사고,0,0,1,0,차대차 - 기타,안전운전불이행,건조,맑음,기타 - 기타,승용,여,48세,상해없음,승용,여,31세,경상
2023062200100404,2023년 6월 22일 17시,목요일,충청북도 청주시 상당구 용암동,경상사고,0,0,1,0,차대사람 - 횡단중,보행자보호의무위반,건조,맑음,교차로 - 교차로부근,승용,여,55세,상해없음,보행자,여,18세,경상
2023062200100456,2023년 6월 22일 18시,목요일,충청북도 충주시 용산동,경상사고,0,0,1,0,차대사람 - 횡단중,보행자보호의무위반,건조,맑음,단일로 - 기타,승합,남,62세,상해없음,보행자,여,7세,경상
2023062200100457,2023년 6월 22일 18시,목요일,충청북도 충주시 성남동,경상사고,0,0,3,1,차대차 - 기타,안전거리미확보,건조,맑음,단일로 - 기타,승용,남,52세,부상신고,승용,남,28세,경상
2023062200100458,2023년 6월 22일 18시,목요일,충청북도 증평군 증평읍,경상사고,0,0,2,0,차대차 - 추돌,안전운전불이행,건조,맑음,교차로 - 교차로부근,승용,남,54세,경상,승용,남,43세,경상
2023062200100459,2023년 6월 22일 18시,목요일,충청북도 청주시 흥덕구 신봉동,경상사고,0,0,1,0,차대차 - 측면충돌,신호위반,건조,맑음,교차로 - 교차로안,승용,여,43세,상해없음,원동기,남,47세,경상
2023062200100460,2023년 6월 22일 18시,목요일,충청북도 청주시 흥덕구 가경동,경상사고,0,0,1,0,차대차 - 측면충돌,직진우회전진행방해,건조,맑음,교차로 - 교차로안,승합,남,52세,상해없음,승용,여,52세,경상
2023062200100461,2023년 6월 22일 18시,목요일,충청북도 청주시 흥덕구 오송읍,경상사고,0,0,1,0,차대차 - 측면충돌,신호위반,건조,맑음,교차로 - 교차로안,승용,여,23세,기타불명,화물,남,40세,경상
2023062200100504,2023년 6월 22일 19시,목요일,충청북도 청주시 청원구 우암동,경상사고,0,0,1,0,차대차 - 측면충돌,직진우회전진행방해,건조,맑음,교차로 - 교차로안,승용,남,61세,상해없음,이륜,남,25세,경상
2023062200100525,2023년 6월 22일 20시,목요일,충청북도 청주시 흥덕구 봉명동,부상신고사고,0,0,0,1,차대차 - 측면충돌,안전운전불이행,젖음/습기,비,교차로 - 교차로안,승합,남,24세,상해없음,개인형이동수단(PM),남,14세,부상신고
2023062200100526,2023년 6월 22일 20시,목요일,충청북도 청주시 흥덕구 가경동,중상사고,0,1,0,0,차대차 - 측면충돌,안전운전불이행,건조,맑음,교차로 - 교차로안,승용,남,63세,상해없음,이륜,남,49세,중상
2023062200100570,2023년 6월 22일 22시,목요일,충청북도 진천군 광혜원면,중상사고,0,1,0,0,차대차 - 측면충돌,안전운전불이행,건조,맑음,교차로 - 교차로안,승용,남,43세,상해없음,이륜,남,18세,중상
2023062200100571,2023년 6월 22일 22시,목요일,충청북도 청주시 상당구 용암동,경상사고,0,0,1,0,차대차 - 추돌,안전거리미확보,건조,맑음,교차로 - 교차로부근,이륜,남,27세,상해없음,승용,남,66세,경상
2023062200100597,2023년 6월 22일 23시,목요일,충청북도 청주시 서원구 죽림동,경상사고,0,0,2,0,차대차 - 추돌,안전운전불이행,건조,맑음,교차로 - 교차로부근,승용,남,62세,상해없음,승용,여,49세,경상
2023062300100003,2023년 6월 23일 00시,금요일,충청북도 영동군 영동읍,중상사고,0,1,0,0,차량단독 - 공작물충돌,안전운전불이행,건조,맑음,단일로 - 기타,승용,남,24세,중상,,,,
2023062300100033,2023년 6월 23일 05시,금요일,충청북도 제천시 고암동,경상사고,0,0,2,0,차대차 - 측면충돌,신호위반,건조,맑음,교차로 - 교차로안,화물,남,58세,상해없음,승용,남,55세,경상
2023062300100102,2023년 6월 23일 08시,금요일,충청북도 음성군 금왕읍,경상사고,0,0,1,0,차대차 - 측면충돌,안전운전불이행,건조,맑음,단일로 - 기타,화물,남,58세,상해없음,승용,여,28세,경상
2023062300100103,2023년 6월 23일 08시,금요일,충청북도 청주시 흥덕구 휴암동,경상사고,0,0,1,0,차대차 - 측면충돌,안전운전불이행,건조,맑음,교차로 - 교차로부근,승용,여,63세,상해없음,승용,여,69세,경상
2023062300100135,2023년 6월 23일 09시,금요일,충청북도 음성군 금왕읍,경상사고,0,0,1,0,차대차 - 측면충돌,중앙선침범,건조,맑음,교차로 - 교차로부근,화물,남,80세,상해없음,승용,남,24세,경상
2023062300100136,2023년 6월 23일 09시,금요일,충청북도 청주시 흥덕구 강내면,부상신고사고,0,0,0,1,차대차 - 측면충돌,안전운전불이행,건조,맑음,교차로 - 교차로부근,화물,남,60세,상해없음,이륜,남,43세,부상신고
2023062300100137,2023년 6월 23일 09시,금요일,충청북도 청주시 흥덕구 강서동,경상사고,0,0,2,0,차대차 - 측면충돌,신호위반,건조,맑음,교차로 - 교차로안,승용,남,57세,경상,승용,남,34세,경상
2023062300100208,2023년 6월 23일 11시,금요일,충청북도 제천시 청전동,경상사고,0,0,1,0,차대차 - 측면충돌,안전운전불이행,건조,맑음,교차로 - 교차로안,승용,여,76세,상해없음,승용,여,69세,경상
2023062300100209,2023년 6월 23일 11시,금요일,충청북도 음성군 금왕읍,중상사고,0,2,0,0,차대차 - 측면충돌,교차로운행방법위반,건조,맑음,교차로 - 교차로부근,화물,남,54세,상해없음,이륜,남,78세,중상
2023062300100242,2023년 6월 23일 12시,금요일,충청북도 청주시 상당구 영운동,경상사고,0,0,1,0,차대차 - 추돌,안전운전불이행,건조,맑음,교차로 - 교차로부근,승용,여,23세,상해없음,승용,여,48세,경상
2023062300100319,2023년 6월 23일 14시,금요일,충청북도 제천시 강제동,경상사고,0,0,1,0,차대차 - 측면충돌,기타,건조,맑음,교차로 - 교차로안,화물,남,27세,상해없음,승용,여,22세,경상
2023062300100320,2023년 6월 23일 14시,금요일,충청북도 음성군 대소면,경상사고,0,0,1,0,차대차 - 측면충돌,교차로운행방법위반,건조,맑음,교차로 - 교차로안,승용,남,78세,상해없음,승용,남,69세,경상
2023062300100321,2023년 6월 23일 14시,금요일,충청북도 청주시 서원구 남이면,경상사고,0,0,2,0,차대차 - 추돌,안전운전불이행,건조,맑음,단일로 - 기타,건설기계,남,68세,상해없음,승용,남,41세,경상
2023062300100322,2023년 6월 23일 14시,금요일,충청북도 청주시 서원구 수곡동,중상사고,0,1,0,0,차대사람 - 기타,안전운전불이행,건조,맑음,주차장 - 주차장,승용,여,61세,상해없음,보행자,남,72세,중상
2023062300100401,2023년 6월 23일 16시,금요일,충청북도 제천시 신백동,경상사고,0,0,1,0,차대차 - 측면충돌,안전거리미확보,건조,맑음,단일로 - 기타,이륜,남,73세,경상,승용,여,43세,상해없음
2023062300100445,2023년 6월 23일 17시,금요일,충청북도 음성군 삼성면,경상사고,0,0,2,0,차대차 - 측면충돌,교차로운행방법위반,건조,맑음,교차로 - 교차로안,승용,남,47세,경상,화물,남,55세,경상
2023062300100509,2023년 6월 23일 18시,금요일,충청북도 진천군 진천읍,경상사고,0,0,1,0,차대차 - 측면충돌,안전운전불이행,건조,맑음,교차로 - 교차로안,이륜,남,56세,상해없음,승용,남,50세,경상
2023062300100560,2023년 6월 23일 19시,금요일,충청북도 청주시 흥덕구 복대동,경상사고,0,0,2,0,차대차 - 측면충돌,신호위반,건조,맑음,교차로 - 교차로안,승용,남,64세,상해없음,승용,남,30세,경상
2023062300100595,2023년 6월 23일 20시,금요일,충청북도 청주시 청원구 사천동,경상사고,0,0,2,0,차대차 - 측면충돌,직진우회전진행방해,건조,맑음,교차로 - 교차로안,이륜,남,16세,경상,이륜,남,49세,경상
2023062300100625,2023년 6월 23일 21시,금요일,충청북도 청주시 청원구 오창읍,경상사고,0,0,1,0,차대차 - 측면충돌,안전운전불이행,건조,맑음,단일로 - 기타,승합,남,62세,상해없음,화물,남,49세,경상
2023062300100626,2023년 6월 23일 21시,금요일,충청북도 청주시 상당구 금천동,경상사고,0,0,1,0,차대차 - 추돌,안전운전불이행,건조,맑음,교차로 - 교차로부근,승용,남,30세,상해없음,승용,여,51세,경상
2023062300100666,2023년 6월 23일 23시,금요일,충청북도 청주시 흥덕구 복대동,경상사고,0,0,1,0,차대차 - 추돌,안전운전불이행,건조,맑음,교차로 - 교차로안,승용,여,27세,상해없음,승용,여,40세,경상
2023062400100005,2023년 6월 24일 00시,토요일,충청북도 괴산군 장연면,사망사고,1,0,0,0,차대차 - 추돌,안전운전불이행,건조,맑음,단일로 - 기타,화물,남,64세,사망,특수,남,47세,상해없음
2023062400100006,2023년 6월 24일 00시,토요일,충청북도 청주시 청원구 오창읍,경상사고,0,0,2,0,차대차 - 추돌,안전운전불이행,건조,맑음,단일로 - 기타,화물,남,76세,상해없음,화물,남,70세,경상
2023062400100027,2023년 6월 24일 03시,토요일,충청북도 청주시 청원구 주성동,중상사고,0,1,0,0,차대차 - 정면충돌,중앙선침범,건조,맑음,교차로 - 교차로부근,승용,남,25세,상해없음,승용,여,30세,중상
2023062400100053,2023년 6월 24일 06시,토요일,충청북도 청주시 흥덕구 송절동,경상사고,0,0,1,0,차대차 - 기타,안전운전불이행,건조,맑음,단일로 - 기타,건설기계,남,55세,상해없음,승용,남,48세,경상
2023062400100101,2023년 6월 24일 09시,토요일,충청북도 단양군 매포읍,경상사고,0,0,1,0,차대차 - 기타,직진우회전진행방해,건조,맑음,단일로 - 기타,이륜,남,45세,경상,화물,여,62세,상해없음
2023062400100133,2023년 6월 24일 10시,토요일,충청북도 진천군 덕산읍,경상사고,0,0,2,0,차대차 - 측면충돌,교차로운행방법위반,건조,맑음,교차로 - 교차로안,승용,남,41세,경상,화물,남,51세,경상
2023062400100214,2023년 6월 24일 12시,토요일,충청북도 청주시 흥덕구 지동동,경상사고,0,0,2,0,차대차 - 추돌,안전운전불이행,건조,맑음,교차로 - 교차로부근,승용,여,31세,상해없음,승용,남,53세,경상
2023062400100251,2023년 6월 24일 13시,토요일,충청북도 충주시 칠금동,경상사고,0,0,2,0,차대차 - 측면충돌,안전거리미확보,건조,맑음,교차로 - 교차로부근,승용,남,26세,상해없음,승용,남,37세,경상
2023062400100252,2023년 6월 24일 13시,토요일,충청북도 청주시 청원구 오창읍,경상사고,0,0,1,0,차대차 - 추돌,안전운전불이행,건조,맑음,기타 - 기타,화물,남,27세,상해없음,화물,남,37세,경상
2023062400100386,2023년 6월 24일 16시,토요일,충청북도 청주시 청원구 오창읍,중상사고,0,1,0,0,차대차 - 측면충돌,안전운전불이행,건조,맑음,단일로 - 지하차도(도로)내,승용,여,24세,상해없음,이륜,여,50세,중상
2023062400100423,2023년 6월 24일 17시,토요일,충청북도 충주시 소태면,경상사고,0,0,2,0,차대차 - 측면충돌,안전운전불이행,건조,맑음,단일로 - 기타,승용,여,62세,상해없음,승용,여,33세,경상
2023062400100424,2023년 6월 24일 17시,토요일,충청북도 제천시 화산동,경상사고,0,0,1,3,차대차 - 측면충돌,직진우회전진행방해,건조,맑음,교차로 - 교차로안,승용,여,26세,상해없음,승용,남,63세,경상
2023062400100425,2023년 6월 24일 17시,토요일,충청북도 제천시 동현동,경상사고,0,0,1,0,차대차 - 측면충돌,안전운전불이행,건조,맑음,교차로 - 교차로안,승용,남,63세,기타불명,승용,여,49세,경상
2023062400100483,2023년 6월 24일 19시,토요일,충청북도 청주시 흥덕구 가경동,중상사고,0,1,0,0,차대차 - 측면충돌,안전운전불이행,건조,맑음,교차로 - 교차로안,승용,여,45세,기타불명,이륜,남,34세,중상
2023062400100506,2023년 6월 24일 20시,토요일,충청북도 진천군 덕산읍,경상사고,0,0,1,0,차대사람 - 길가장자리구역통행중,안전운전불이행,건조,맑음,단일로 - 기타,자전거,남,14세,상해없음,보행자,남,55세,경상
2023062400100535,2023년 6월 24일 21시,토요일,충청북도 옥천군 옥천읍,경상사고,0,0,1,0,차대차 - 추돌,안전운전불이행,건조,맑음,기타 - 기타,승용,여,43세,경상,승용,남,52세,상해없음
2023062400100536,2023년 6월 24일 21시,토요일,충청북도 청주시 흥덕구 가경동,중상사고,0,1,1,0,차대차 - 측면충돌,중앙선침범,건조,맑음,교차로 - 교차로횡단보도내,승용,여,31세,상해없음,이륜,남,32세,중상
2023062400100537,2023년 6월 24일 21시,토요일,충청북도 청주시 상당구 지북동,경상사고,0,0,2,0,차대차 - 정면충돌,신호위반,건조,맑음,교차로 - 교차로안,승용,여,50세,상해없음,승용,남,62세,경상
2023062400100567,2023년 6월 24일 22시,토요일,충청북도 괴산군 칠성면,경상사고,0,0,1,0,차대사람 - 길가장자리구역통행중,안전운전불이행,건조,맑음,단일로 - 기타,승용,남,21세,상해없음,보행자,남,37세,경상
2023062400100581,2023년 6월 24일 23시,토요일,충청북도 증평군 증평읍,중상사고,0,2,1,0,차대차 - 정면충돌,직진우회전진행방해,건조,맑음,교차로 - 교차로안,승용,남,26세,경상,승용,남,67세,중상
2023062500100040,2023년 6월 25일 04시,일요일,충청북도 청주시 상당구 남일면,경상사고,0,0,1,0,차대차 - 측면충돌,신호위반,건조,맑음,교차로 - 교차로안,승용,여,66세,상해없음,승용,남,71세,경상
2023062500100055,2023년 6월 25일 06시,일요일,충청북도 청주시 흥덕구 향정동,중상사고,0,1,0,0,차량단독 - 공작물충돌,안전운전불이행,건조,맑음,단일로 - 기타,승용,남,31세,중상,,,,
2023062500100099,2023년 6월 25일 10시,일요일,충청북도 청주시 흥덕구 석곡동,경상사고,0,0,1,0,차대차 - 기타,안전운전불이행,건조,맑음,단일로 - 기타,건설기계,남,43세,상해없음,승용,여,50세,경상
2023062500100123,2023년 6월 25일 11시,일요일,충청북도 청주시 서원구 산남동,경상사고,0,0,1,0,차대차 - 기타,신호위반,건조,흐림,교차로 - 교차로부근,승용,남,46세,상해없음,이륜,남,34세,경상
2023062500100144,2023년 6월 25일 12시,일요일,충청북도 제천시 청풍면,경상사고,0,0,3,0,차대차 - 기타,안전운전불이행,건조,맑음,교차로 - 교차로부근,승용,여,63세,기타불명,승용,남,26세,경상
2023062500100168,2023년 6월 25일 13시,일요일,충청북도 제천시 신백동,사망사고,1,0,0,0,차대사람 - 횡단중,안전운전불이행,건조,맑음,단일로 - 기타,건설기계,남,51세,상해없음,보행자,여,96세,사망
2023062500100187,2023년 6월 25일 14시,일요일,충청북도 청주시 청원구 율량동,경상사고,0,0,1,0,차대차 - 추돌,안전운전불이행,건조,맑음,교차로 - 교차로부근,승용,여,53세,상해없음,화물,남,40세,경상
2023062500100188,2023년 6월 25일 14시,일요일,충청북도 충주시 성서동,경상사고,0,0,2,0,차대차 - 측면충돌,안전운전불이행,건조,맑음,교차로 - 교차로안,승용,여,46세,상해없음,승합,남,42세,상해없음
2023062500100223,2023년 6월 25일 15시,일요일,충청북도 진천군 진천읍,경상사고,0,0,1,0,차대차 - 추돌,안전거리미확보,건조,맑음,단일로 - 기타,화물,여,50세,상해없음,승용,남,51세,상해없음
2023062500100277,2023년 6월 25일 17시,일요일,충청북도 괴산군 청안면,경상사고,0,0,1,0,차대차 - 측면충돌,중앙선침범,건조,맑음,교차로 - 교차로안,이륜,여,78세,경상,승용,남,73세,상해없음
2023062500100303,2023년 6월 25일 18시,일요일,충청북도 청주시 청원구 율량동,경상사고,0,0,1,0,차대차 - 측면충돌,직진우회전진행방해,건조,맑음,교차로 - 교차로안,승용,여,50세,상해없음,승용,남,52세,경상
2023062500100304,2023년 6월 25일 18시,일요일,충청북도 청주시 흥덕구 송절동,경상사고,0,0,1,0,차대차 - 측면충돌,안전운전불이행,건조,맑음,교차로 - 교차로부근,원동기,남,45세,상해없음,승용,남,47세,경상
2023062500100386,2023년 6월 25일 21시,일요일,충청북도 청주시 서원구 모충동,중상사고,0,1,0,0,차대사람 - 횡단중,안전운전불이행,건조,맑음,교차로 - 교차로부근,승용,남,50세,상해없음,보행자,남,63세,중상
2023062500100413,2023년 6월 25일 22시,일요일,충청북도 청주시 서원구 남이면,경상사고,0,0,1,0,차대차 - 추돌,안전운전불이행,건조,맑음,교차로 - 교차로부근,승용,여,51세,상해없음,승용,남,44세,경상
2023062500100423,2023년 6월 25일 23시,일요일,충청북도 청주시 흥덕구 가경동,경상사고,0,0,1,0,차대차 - 측면충돌,안전운전불이행,기타,기타,단일로 - 기타,화물,남,48세,상해없음,승용,남,63세,경상
2023062600100014,2023년 6월 26일 01시,월요일,충청북도 청주시 상당구 남문로2가,경상사고,0,0,1,0,차대차 - 추돌,안전운전불이행,건조,맑음,교차로 - 교차로부근,승용,남,19세,상해없음,자전거,남,59세,경상
2023062600100018,2023년 6월 26일 03시,월요일,충청북도 청주시 상당구 용암동,경상사고,0,0,2,0,차대차 - 측면충돌,안전운전불이행,젖음/습기,흐림,교차로 - 교차로부근,승용,여,31세,상해없음,승용,여,45세,경상
2023062600100035,2023년 6월 26일 06시,월요일,충청북도 청주시 청원구 오동동,경상사고,0,0,1,0,차대차 - 추돌,안전운전불이행,건조,맑음,교차로 - 교차로부근,승용,남,36세,상해없음,승용,남,26세,경상
2023062600100054,2023년 6월 26일 07시,월요일,충청북도 제천시 봉양읍,경상사고,0,0,1,0,차대차 - 기타,신호위반,건조,맑음,기타 - 기타,승용,남,50세,상해없음,특수,남,36세,경상
2023062600100094,2023년 6월 26일 08시,월요일,충청북도 충주시 목행동,경상사고,0,0,2,0,차대차 - 측면충돌,직진우회전진행방해,젖음/습기,흐림,교차로 - 교차로안,승용,남,81세,경상,승용,남,44세,경상
2023062600100164,2023년 6월 26일 10시,월요일,충청북도 청주시 청원구 주중동,중상사고,0,1,0,0,차대차 - 측면충돌,중앙선침범,건조,맑음,교차로 - 교차로부근,자전거,남,72세,중상,승용,남,63세,상해없음
2023062600100165,2023년 6월 26일 10시,월요일,충청북도 청주시 흥덕구 옥산면,중상사고,0,1,0,0,차대사람 - 길가장자리구역통행중,안전운전불이행,건조,맑음,교차로 - 교차로부근,화물,여,65세,상해없음,보행자,남,61세,중상
2023062600100166,2023년 6월 26일 10시,월요일,충청북도 청주시 상당구 수동,경상사고,0,0,1,0,차대차 - 측면충돌,교차로운행방법위반,건조,맑음,교차로 - 교차로안,승용,남,50세,상해없음,승용,여,64세,경상
2023062600100192,2023년 6월 26일 11시,월요일,충청북도 충주시 앙성면,경상사고,0,0,1,0,차대차 - 기타,차로위반,건조,흐림,단일로 - 기타,건설기계,남,58세,상해없음,승용,여,68세,경상
2023062600100217,2023년 6월 26일 12시,월요일,충청북도 청주시 흥덕구 신봉동,경상사고,0,0,1,0,차대차 - 측면충돌,안전운전불이행,젖음/습기,비,단일로 - 기타,승용,남,47세,상해없음,승용,남,28세,경상
2023062600100255,2023년 6월 26일 13시,월요일,충청북도 충주시 호암동,경상사고,0,0,3,0,차대차 - 추돌,안전운전불이행,건조,흐림,교차로 - 교차로안,승용,남,55세,상해없음,승용,여,67세,경상
2023062600100256,2023년 6월 26일 13시,월요일,충청북도 청주시 흥덕구 강서동,경상사고,0,0,1,0,차대차 - 기타,중앙선침범,건조,맑음,단일로 - 기타,자전거,기타불명,미분류,기타불명,이륜,남,20세,경상
2023062600100285,2023년 6월 26일 14시,월요일,충청북도 청주시 흥덕구 복대동,경상사고,0,0,1,0,차대사람 - 차도통행중,안전운전불이행,건조,맑음,단일로 - 기타,승용,여,69세,상해없음,보행자,여,26세,경상
2023062600100286,2023년 6월 26일 14시,월요일,충청북도 청주시 상당구 용암동,경상사고,0,0,1,0,차대차 - 추돌,안전거리미확보,건조,흐림,교차로 - 교차로부근,승용,여,38세,상해없음,이륜,남,36세,경상
2023062600100312,2023년 6월 26일 15시,월요일,충청북도 청주시 서원구 사직동,중상사고,0,1,1,0,차대차 - 측면충돌,안전운전불이행,건조,맑음,단일로 - 기타,이륜,여,59세,중상,승용,여,27세,경상
2023062600100313,2023년 6월 26일 15시,월요일,충청북도 충주시 문화동,경상사고,0,0,1,0,차대차 - 기타,중앙선침범,건조,맑음,단일로 - 기타,화물,남,60세,상해없음,승용,여,60세,경상
2023062600100314,2023년 6월 26일 15시,월요일,충청북도 청주시 흥덕구 봉명동,경상사고,0,0,1,0,차대차 - 측면충돌,안전운전불이행,건조,맑음,단일로 - 기타,승용,여,33세,상해없음,자전거,남,10세,경상
2023062600100355,2023년 6월 26일 16시,월요일,충청북도 청주시 상당구 금천동,중상사고,0,1,0,0,차대차 - 측면충돌,안전운전불이행,건조,맑음,교차로 - 교차로부근,승용,여,59세,상해없음,이륜,남,73세,중상
2023062600100391,2023년 6월 26일 17시,월요일,충청북도 증평군 증평읍,경상사고,0,0,3,0,차대차 - 측면충돌,기타,젖음/습기,흐림,교차로 - 교차로부근,승용,남,40세,경상,승용,남,31세,경상
2023062600100392,2023년 6월 26일 17시,월요일,충청북도 청주시 서원구 분평동,경상사고,0,0,2,0,차대차 - 측면충돌,안전운전불이행,건조,맑음,단일로 - 기타,승용,남,54세,상해없음,승용,남,47세,경상
2023062600100440,2023년 6월 26일 18시,월요일,충청북도 청주시 서원구 사창동,경상사고,0,0,2,0,차대차 - 기타,안전운전불이행,건조,맑음,교차로 - 교차로안,승용,여,26세,상해없음,승용,남,45세,경상
2023062600100441,2023년 6월 26일 18시,월요일,충청북도 청주시 상당구 운동동,경상사고,0,0,2,0,차대차 - 추돌,안전운전불이행,젖음/습기,비,교차로 - 교차로부근,화물,남,67세,상해없음,화물,남,51세,경상
2023062600100464,2023년 6월 26일 19시,월요일,충청북도 청주시 청원구 오창읍,경상사고,0,0,1,0,차대차 - 정면충돌,안전운전불이행,젖음/습기,비,단일로 - 기타,승용,여,23세,상해없음,이륜,남,50세,경상
2023062600100465,2023년 6월 26일 19시,월요일,충청북도 진천군 초평면,경상사고,0,0,2,0,차대차 - 측면충돌,교차로운행방법위반,젖음/습기,비,교차로 - 교차로안,승용,남,56세,경상,화물,남,60세,경상
2023062600100518,2023년 6월 26일 21시,월요일,충청북도 청주시 상당구 용정동,경상사고,0,0,1,0,차대차 - 후진중충돌,안전운전불이행,젖음/습기,비,교차로 - 교차로부근,승용,여,64세,상해없음,승용,남,38세,경상
2023062600100542,2023년 6월 26일 22시,월요일,충청북도 제천시 신백동,중상사고,0,1,0,0,차대사람 - 횡단중,안전운전불이행,젖음/습기,비,단일로 - 기타,승용,남,66세,상해없음,보행자,여,64세,중상
2023062600100564,2023년 6월 26일 23시,월요일,충청북도 청주시 상당구 문화동,중상사고,0,1,0,0,차대사람 - 기타,안전운전불이행,젖음/습기,비,교차로 - 교차로부근,승합,남,42세,상해없음,보행자,남,46세,중상
2023062700100049,2023년 6월 27일 07시,화요일,충청북도 충주시 연수동,중상사고,0,1,0,0,차대차 - 측면충돌,중앙선침범,건조,맑음,단일로 - 기타,자전거,남,75세,중상,승용,여,60세,상해없음
2023062700100050,2023년 6월 27일 07시,화요일,충청북도 괴산군 청안면,경상사고,0,0,1,0,차대차 - 측면충돌,직진우회전진행방해,건조,맑음,교차로 - 교차로안,승용,여,52세,상해없음,승용,남,29세,경상
2023062700100051,2023년 6월 27일 07시,화요일,충청북도 음성군 대소면,경상사고,0,0,2,0,차대차 - 측면충돌,차로위반,건조,맑음,단일로 - 기타,승용,남,27세,상해없음,승용,남,57세,경상
2023062700100052,2023년 6월 27일 07시,화요일,충청북도 음성군 생극면,중상사고,0,1,0,0,차대차 - 추돌,안전운전불이행,건조,맑음,단일로 - 기타,승용,여,29세,상해없음,화물,남,57세,기타불명
2023062700100083,2023년 6월 27일 08시,화요일,충청북도 진천군 진천읍,경상사고,0,0,1,0,차대차 - 측면충돌,안전운전불이행,건조,맑음,교차로 - 교차로안,승용,여,32세,상해없음,승용,남,58세,경상
2023062700100084,2023년 6월 27일 08시,화요일,충청북도 청주시 흥덕구 지동동,중상사고,0,1,1,0,차대차 - 추돌,안전거리미확보,건조,맑음,단일로 - 기타,화물,남,64세,기타불명,승용,남,54세,중상
2023062700100124,2023년 6월 27일 09시,화요일,충청북도 제천시 명지동,중상사고,0,1,0,0,차대차 - 측면충돌,안전운전불이행,건조,맑음,단일로 - 기타,화물,남,64세,상해없음,승용,여,68세,중상
2023062700100125,2023년 6월 27일 09시,화요일,충청북도 제천시 고암동,경상사고,0,0,1,0,차대차 - 추돌,안전거리미확보,건조,맑음,교차로 - 교차로부근,화물,남,52세,기타불명,승용,남,33세,경상
2023062700100126,2023년 6월 27일 09시,화요일,충청북도 음성군 맹동면,중상사고,0,1,0,0,차대차 - 기타,안전운전불이행,건조,맑음,교차로 - 교차로부근,승용,남,25세,상해없음,자전거,남,28세,중상
2023062700100127,2023년 6월 27일 09시,화요일,충청북도 진천군 이월면,중상사고,0,1,0,0,차대차 - 정면충돌,안전운전불이행,건조,맑음,교차로 - 교차로안,화물,남,50세,상해없음,승용,남,23세,중상
2023062700100217,2023년 6월 27일 12시,화요일,충청북도 충주시 교현동,경상사고,0,0,1,0,차대차 - 기타,안전거리미확보,건조,맑음,교차로 - 교차로안,화물,남,52세,상해없음,이륜,여,32세,경상
2023062700100218,2023년 6월 27일 12시,화요일,충청북도 충주시 연수동,경상사고,0,0,1,0,차대차 - 측면충돌,안전운전불이행,건조,맑음,교차로 - 교차로안,승용,남,21세,기타불명,승용,남,27세,경상
2023062700100219,2023년 6월 27일 12시,화요일,충청북도 청주시 상당구 금천동,중상사고,0,1,0,0,차대차 - 기타,안전운전불이행,건조,맑음,단일로 - 기타,승용,여,60세,상해없음,자전거,남,71세,중상
2023062700100255,2023년 6월 27일 13시,화요일,충청북도 충주시 충인동,중상사고,0,1,1,0,차대차 - 측면충돌,안전운전불이행,건조,흐림,교차로 - 교차로안,이륜,남,31세,중상,이륜,남,43세,경상
2023062700100285,2023년 6월 27일 14시,화요일,충청북도 청주시 흥덕구 가경동,경상사고,0,0,2,0,차대차 - 기타,신호위반,건조,맑음,교차로 - 교차로안,승용,여,37세,상해없음,승용,남,58세,경상
2023062700100286,2023년 6월 27일 14시,화요일,충청북도 청주시 흥덕구 옥산면,경상사고,0,0,2,0,차대차 - 측면충돌,교차로운행방법위반,건조,맑음,교차로 - 교차로안,승합,남,48세,상해없음,승용,남,23세,경상
2023062700100287,2023년 6월 27일 14시,화요일,충청북도 청주시 서원구 분평동,경상사고,0,0,1,0,차대차 - 기타,안전운전불이행,건조,맑음,교차로 - 교차로부근,특수,남,52세,상해없음,자전거,남,93세,경상
2023062700100329,2023년 6월 27일 15시,화요일,충청북도 증평군 증평읍,경상사고,0,0,1,0,차대차 - 기타,교차로운행방법위반,건조,맑음,교차로 - 교차로부근,승용,남,35세,상해없음,승용,여,46세,경상
2023062700100462,2023년 6월 27일 18시,화요일,충청북도 청주시 흥덕구 복대동,경상사고,0,0,2,0,차대차 - 측면충돌,안전운전불이행,건조,맑음,단일로 - 기타,승용,남,54세,상해없음,승용,남,20세,경상
2023062700100497,2023년 6월 27일 19시,화요일,충청북도 청주시 서원구 사직동,경상사고,0,0,1,0,차대차 - 측면충돌,안전운전불이행,건조,맑음,교차로 - 교차로안,화물,남,63세,상해없음,자전거,남,69세,경상
2023062700100498,2023년 6월 27일 19시,화요일,충청북도 음성군 음성읍,중상사고,0,1,0,0,차대차 - 측면충돌,교차로운행방법위반,건조,맑음,교차로 - 교차로안,자전거,여,52세,중상,승용,남,60세,상해없음