사고번호,사고일시,요일,시군구,사고내용,사망자수,중상자수,경상자수,부상신고자수,사고유형,법규위반,노면상태,기상상태,도로형태,가해운전자 차종,가해운전자 성별,가해운전자 연령,가해운전자 상해정도,피해운전자 차종,피해운전자 성별,피해운전자 연령,피해운전자 상해정도
2023062700100499,2023년 6월 27일 19시,화요일,충청북도 청주시 흥덕구 비하동,경상사고,0,0,2,0,차대차 - 기타,차로위반,건조,맑음,교차로 - 교차로횡단보도내,화물,남,63세,상해없음,승용,여,61세,경상
2023062700100529,2023년 6월 27일 20시,화요일,충청북도 청주시 상당구 용암동,중상사고,0,1,0,0,차대사람 - 횡단중,보행자보호의무위반,건조,맑음,교차로 - 교차로횡단보도내,승용,남,67세,상해없음,보행자,여,68세,중상
2023062700100553,2023년 6월 27일 21시,화요일,충청북도 영동군 영동읍,경상사고,0,0,1,0,차대차 - 측면충돌,직진우회전진행방해,건조,맑음,교차로 - 교차로안,승용,여,61세,상해없음,승용,남,70세,경상
2023062700100583,2023년 6월 27일 22시,화요일,충청북도 청주시 흥덕구 복대동,부상신고사고,0,0,0,1,차대차 - 기타,안전운전불이행,건조,맑음,교차로 - 교차로안,이륜,남,35세,부상신고,기타불명,기타불명,미분류,기타불명
2023062700100597,2023년 6월 27일 23시,화요일,충청북도 청주시 청원구 사천동,경상사고,0,0,1,0,차대차 - 기타,신호위반,건조,맑음,교차로 - 교차로부근,화물,여,46세,상해없음,승용,남,38세,경상
2023062800100028,2023년 6월 28일 02시,수요일,충청북도 증평군 증평읍,경상사고,0,0,1,0,차대차 - 측면충돌,신호위반,건조,맑음,교차로 - 교차로안,승용,여,50세,경상,승용,여,62세,상해없음
2023062800100055,2023년 6월 28일 06시,수요일,충청북도 청주시 흥덕구 옥산면,경상사고,0,0,1,0,차대차 - 측면충돌,안전운전불이행,건조,맑음,교차로 - 교차로안,화물,남,62세,기타불명,화물,남,37세,경상
2023062800100069,2023년 6월 28일 07시,수요일,충청북도 제천시 영천동,중상사고,0,2,3,0,차대차 - 측면충돌,신호위반,건조,맑음,교차로 - 교차로안,승합,남,59세,상해없음,승용,남,68세,중상
2023062800100070,2023년 6월 28일 07시,수요일,충청북도 청주시 흥덕구 복대동,경상사고,0,0,1,0,차대차 - 추돌,안전운전불이행,건조,흐림,단일로 - 기타,화물,남,35세,상해없음,승용,남,42세,경상
2023062800100101,2023년 6월 28일 08시,수요일,충청북도 제천시 장락동,경상사고,0,0,1,0,차대차 - 측면충돌,안전운전불이행,건조,맑음,교차로 - 교차로부근,승용,여,62세,상해없음,승용,여,56세,경상
2023062800100102,2023년 6월 28일 08시,수요일,충청북도 괴산군 괴산읍,경상사고,0,0,1,0,차대차 - 측면충돌,안전거리미확보,건조,맑음,교차로 - 교차로부근,승용,남,42세,상해없음,승용,여,28세,경상
2023062800100103,2023년 6월 28일 08시,수요일,충청북도 청주시 상당구 용암동,경상사고,0,0,1,0,차대차 - 측면충돌,직진우회전진행방해,건조,맑음,교차로 - 교차로안,승용,남,45세,상해없음,승용,남,32세,경상
2023062800100135,2023년 6월 28일 09시,수요일,충청북도 청주시 흥덕구 오송읍,경상사고,0,0,1,0,차대차 - 기타,신호위반,건조,맑음,교차로 - 교차로안,승용,여,35세,상해없음,승용,남,52세,경상
2023062800100136,2023년 6월 28일 09시,수요일,충청북도 청주시 흥덕구 오송읍,경상사고,0,0,3,0,차대차 - 추돌,안전운전불이행,건조,맑음,교차로 - 교차로부근,승용,남,68세,상해없음,승용,여,39세,경상
2023062800100166,2023년 6월 28일 10시,수요일,충청북도 청주시 청원구 오창읍,경상사고,0,0,1,0,차대차 - 측면충돌,안전운전불이행,건조,맑음,단일로 - 기타,승용,여,20세,경상,승용,남,45세,기타불명
2023062800100167,2023년 6월 28일 10시,수요일,충청북도 증평군 증평읍,중상사고,0,1,0,0,차대차 - 기타,안전운전불이행,건조,맑음,단일로 - 기타,화물,남,63세,기타불명,승용,여,48세,중상
2023062800100195,2023년 6월 28일 11시,수요일,충청북도 충주시 동량면,경상사고,0,0,1,0,차대차 - 후진중충돌,안전운전불이행,건조,맑음,교차로 - 교차로안,화물,남,59세,상해없음,승용,남,52세,경상
2023062800100222,2023년 6월 28일 12시,수요일,충청북도 청주시 흥덕구 가경동,중상사고,0,1,0,0,차대차 - 기타,안전운전불이행,건조,맑음,교차로 - 교차로횡단보도내,승용,남,25세,상해없음,자전거,남,79세,중상
2023062800100248,2023년 6월 28일 13시,수요일,충청북도 보은군 회인면,중상사고,0,1,1,0,차대차 - 추돌,안전운전불이행,건조,맑음,단일로 - 기타,특수,남,51세,상해없음,화물,남,56세,경상
2023062800100282,2023년 6월 28일 14시,수요일,충청북도 충주시 금릉동,경상사고,0,0,2,0,차대차 - 기타,직진우회전진행방해,건조,맑음,교차로 - 교차로안,승용,여,60세,경상,승용,여,58세,경상
2023062800100283,2023년 6월 28일 14시,수요일,충청북도 제천시 왕암동,경상사고,0,0,1,0,차대차 - 측면충돌,신호위반,건조,맑음,교차로 - 교차로안,승용,남,65세,상해없음,승용,남,67세,경상
2023062800100284,2023년 6월 28일 14시,수요일,충청북도 청주시 흥덕구 가경동,경상사고,0,0,4,0,차대차 - 추돌,안전운전불이행,건조,맑음,단일로 - 기타,원동기,남,15세,상해없음,승용,남,23세,경상
2023062800100308,2023년 6월 28일 15시,수요일,충청북도 제천시 청전동,경상사고,0,0,3,0,차대차 - 측면충돌,교차로운행방법위반,건조,맑음,교차로 - 교차로안,승용,여,24세,경상,승용,여,48세,경상
2023062800100351,2023년 6월 28일 16시,수요일,충청북도 증평군 증평읍,사망사고,1,0,0,0,차량단독 - 전도전복 - 전도,안전운전불이행,건조,맑음,단일로 - 기타,개인형이동수단(PM),여,55세,사망,,,,
2023062800100352,2023년 6월 28일 16시,수요일,충청북도 청주시 흥덕구 원평동,경상사고,0,0,3,0,차대차 - 추돌,안전운전불이행,건조,맑음,단일로 - 기타,승용,남,67세,상해없음,승용,여,45세,경상
2023062800100446,2023년 6월 28일 18시,수요일,충청북도 청주시 서원구 미평동,경상사고,0,0,1,0,차대사람 - 보도통행중,안전운전불이행,건조,맑음,기타 - 기타,승용,남,34세,상해없음,보행자,남,20세,경상
2023062800100513,2023년 6월 28일 20시,수요일,충청북도 청주시 상당구 북문로1가,경상사고,0,0,1,0,차대사람 - 횡단중,보행자보호의무위반,건조,맑음,단일로 - 기타,자전거,남,60세,상해없음,보행자,남,27세,경상
2023062800100541,2023년 6월 28일 21시,수요일,충청북도 제천시 장락동,중상사고,0,2,2,0,차대차 - 정면충돌,기타,건조,맑음,교차로 - 교차로안,승용,남,22세,상해없음,승용,여,38세,중상
2023062900100029,2023년 6월 29일 04시,목요일,충청북도 보은군 보은읍,사망사고,1,1,0,0,차대차 - 추돌,안전운전불이행,젖음/습기,흐림,단일로 - 기타,화물,남,58세,사망,농기계,남,60세,중상
2023062900100045,2023년 6월 29일 06시,목요일,충청북도 보은군 내북면,경상사고,0,0,1,0,차량단독 - 기타,안전운전불이행,건조,맑음,단일로 - 기타,승용,남,28세,경상,,,,
2023062900100094,2023년 6월 29일 08시,목요일,충청북도 청주시 상당구 금천동,경상사고,0,0,1,0,차대차 - 측면충돌,신호위반,젖음/습기,비,교차로 - 교차로부근,승용,여,46세,상해없음,승용,여,33세,경상
2023062900100157,2023년 6월 29일 10시,목요일,충청북도 제천시 백운면,경상사고,0,0,1,0,차량단독 - 도로외이탈 - 추락,안전운전불이행,젖음/습기,비,단일로 - 기타,승용,남,71세,경상,,,,
2023062900100189,2023년 6월 29일 11시,목요일,충청북도 충주시 수안보면,중상사고,0,1,3,0,차대차 - 측면충돌,중앙선침범,젖음/습기,흐림,단일로 - 기타,승용,남,58세,경상,승용,여,31세,경상
2023062900100190,2023년 6월 29일 11시,목요일,충청북도 청주시 흥덕구 가경동,경상사고,0,0,1,0,차대사람 - 횡단중,안전운전불이행,젖음/습기,비,교차로 - 교차로횡단보도내,승용,남,69세,상해없음,보행자,남,54세,경상
2023062900100269,2023년 6월 29일 13시,목요일,충청북도 충주시 산척면,사망사고,1,0,1,0,차대차 - 측면충돌,안전거리미확보,젖음/습기,비,단일로 - 터널,화물,남,65세,사망,승용,남,52세,상해없음
2023062900100270,2023년 6월 29일 13시,목요일,충청북도 충주시 연수동,경상사고,0,0,2,0,차대차 - 후진중충돌,안전운전불이행,젖음/습기,비,교차로 - 교차로안,승용,남,68세,상해없음,승용,여,48세,경상
2023062900100271,2023년 6월 29일 13시,목요일,충청북도 제천시 하소동,경상사고,0,0,3,0,차대차 - 기타,안전운전불이행,젖음/습기,비,교차로 - 교차로안,승용,남,30세,경상,승용,남,66세,경상
2023062900100272,2023년 6월 29일 13시,목요일,충청북도 음성군 대소면,경상사고,0,0,1,0,차대차 - 기타,안전운전불이행,젖음/습기,비,주차장 - 주차장,승용,여,65세,상해없음,자전거,남,13세,경상
2023062900100310,2023년 6월 29일 14시,목요일,충청북도 영동군 심천면,중상사고,0,1,0,0,차대차 - 측면충돌,직진우회전진행방해,건조,맑음,교차로 - 교차로안,화물,남,75세,상해없음,자전거,남,77세,중상
2023062900100311,2023년 6월 29일 14시,목요일,충청북도 진천군 진천읍,경상사고,0,0,1,0,차대차 - 측면충돌,안전운전불이행,젖음/습기,비,단일로 - 기타,승합,남,62세,상해없음,승용,여,46세,경상
2023062900100341,2023년 6월 29일 15시,목요일,충청북도 청주시 흥덕구 가경동,경상사고,0,0,1,0,차대차 - 후진중충돌,안전운전불이행,건조,맑음,기타 - 기타,승용,여,65세,상해없음,이륜,남,25세,경상
2023062900100413,2023년 6월 29일 17시,목요일,충청북도 청주시 상당구 용암동,경상사고,0,0,1,0,차량단독 - 공작물충돌,안전운전불이행,젖음/습기,비,기타 - 기타,승용,남,41세,경상,,,,
2023062900100452,2023년 6월 29일 18시,목요일,충청북도 충주시 목행동,중상사고,0,1,0,0,차대차 - 측면충돌,안전운전불이행,젖음/습기,비,교차로 - 교차로안,화물,남,74세,상해없음,특수,남,62세,중상
2023062900100453,2023년 6월 29일 18시,목요일,충청북도 충주시 교현동,경상사고,0,0,3,0,차대차 - 추돌,안전거리미확보,젖음/습기,비,교차로 - 교차로부근,승용,남,46세,경상,승용,남,57세,경상
2023062900100482,2023년 6월 29일 19시,목요일,충청북도 옥천군 군북면,중상사고,0,1,5,0,차대차 - 추돌,기타,젖음/습기,비,단일로 - 터널,승합,남,58세,상해없음,승합,남,56세,상해없음
2023062900100535,2023년 6월 29일 21시,목요일,충청북도 충주시 성서동,중상사고,0,1,0,0,차대사람 - 기타,안전운전불이행,젖음/습기,비,기타 - 기타,이륜,남,27세,상해없음,보행자,남,65세,중상
2023062900100536,2023년 6월 29일 21시,목요일,충청북도 청주시 흥덕구 신봉동,경상사고,0,0,1,0,차대차 - 측면충돌,안전운전불이행,건조,맑음,교차로 - 교차로부근,승용,여,51세,상해없음,승용,남,34세,경상
2023062900100537,2023년 6월 29일 21시,목요일,충청북도 청주시 서원구 분평동,부상신고사고,0,0,0,1,차대사람 - 횡단중,안전운전불이행,젖음/습기,비,교차로 - 교차로안,승용,남,19세,상해없음,보행자,남,67세,부상신고
2023062900100538,2023년 6월 29일 21시,목요일,충청북도 충주시 대소원면,경상사고,0,0,1,0,차대차 - 추돌,신호위반,젖음/습기,비,단일로 - 기타,특수,남,58세,상해없음,승용,남,26세,경상
2023062900100556,2023년 6월 29일 22시,목요일,충청북도 청주시 상당구 용암동,경상사고,0,0,1,0,차대차 - 기타,안전운전불이행,건조,맑음,교차로 - 교차로안,승용,여,46세,상해없음,이륜,남,34세,경상
2023062900100577,2023년 6월 29일 23시,목요일,충청북도 충주시 주덕읍,경상사고,0,0,1,0,차대차 - 측면충돌,안전거리미확보,건조,맑음,단일로 - 기타,승용,남,40세,상해없음,승용,남,50세,경상
2023062900100578,2023년 6월 29일 23시,목요일,충청북도 청주시 흥덕구 외북동,중상사고,0,4,0,0,차대차 - 기타,안전운전불이행,젖음/습기,비,단일로 - 기타,승용,남,32세,상해없음,승용,여,35세,중상
2023063000100044,2023년 6월 30일 05시,금요일,충청북도 청주시 서원구 사직동,중상사고,0,1,0,0,차대사람 - 기타,안전운전불이행,건조,맑음,기타 - 기타,승용,남,66세,상해없음,보행자,여,79세,중상
2023063000100055,2023년 6월 30일 06시,금요일,충청북도 청주시 흥덕구 봉명동,경상사고,0,0,2,0,차대차 - 기타,신호위반,젖음/습기,비,교차로 - 교차로안,승용,남,26세,경상,승용,남,62세,경상
2023063000100066,2023년 6월 30일 07시,금요일,충청북도 청주시 상당구 영운동,경상사고,0,0,3,0,차대차 - 측면충돌,교차로운행방법위반,젖음/습기,흐림,교차로 - 교차로안,승용,여,63세,경상,승용,여,39세,경상
2023063000100094,2023년 6월 30일 08시,금요일,충청북도 청주시 서원구 죽림동,경상사고,0,0,1,0,차대차 - 추돌,안전운전불이행,건조,맑음,단일로 - 기타,승용,남,25세,상해없음,승용,남,51세,경상
2023063000100095,2023년 6월 30일 08시,금요일,충청북도 청주시 흥덕구 비하동,중상사고,0,1,2,0,차대차 - 측면충돌,안전운전불이행,젖음/습기,비,기타 - 기타,승용,남,29세,상해없음,승용,여,62세,중상
2023063000100096,2023년 6월 30일 08시,금요일,충청북도 청주시 상당구 용암동,경상사고,0,0,1,0,차대사람 - 기타,안전운전불이행,건조,맑음,단일로 - 기타,승용,남,63세,상해없음,보행자,남,35세,경상
2023063000100128,2023년 6월 30일 09시,금요일,충청북도 제천시 교동,경상사고,0,0,1,0,차대차 - 측면충돌,불법유턴,건조,맑음,주차장 - 주차장,승용,남,61세,경상,화물,남,67세,상해없음
2023063000100149,2023년 6월 30일 10시,금요일,충청북도 청주시 상당구 탑동,경상사고,0,0,1,0,차대차 - 정면충돌,안전운전불이행,건조,맑음,교차로 - 교차로안,승용,남,75세,상해없음,승용,여,56세,경상
2023063000100177,2023년 6월 30일 11시,금요일,충청북도 옥천군 이원면,중상사고,0,1,1,0,차대차 - 측면충돌,신호위반,젖음/습기,비,교차로 - 교차로안,화물,남,58세,중상,건설기계,남,63세,경상
2023063000100178,2023년 6월 30일 11시,금요일,충청북도 청주시 흥덕구 오송읍,경상사고,0,0,1,0,차대차 - 기타,안전운전불이행,건조,맑음,교차로 - 교차로부근,승용,여,30세,상해없음,승용,남,43세,경상
2023063000100179,2023년 6월 30일 11시,금요일,충청북도 진천군 초평면,중상사고,0,1,0,0,차대차 - 기타,안전운전불이행,건조,맑음,단일로 - 기타,화물,남,48세,상해없음,승용,남,49세,중상
2023063000100213,2023년 6월 30일 12시,금요일,충청북도 제천시 봉양읍,경상사고,0,0,1,3,차대차 - 측면충돌,교차로운행방법위반,건조,맑음,교차로 - 교차로안,승용,여,67세,경상,승용,남,31세,부상신고
2023063000100214,2023년 6월 30일 12시,금요일,충청북도 보은군 장안면,경상사고,0,0,2,0,차대차 - 측면충돌,신호위반,건조,맑음,교차로 - 교차로안,승용,남,60세,상해없음,승용,여,70세,경상
2023063000100240,2023년 6월 30일 13시,금요일,충청북도 충주시 충의동,경상사고,0,0,1,0,차대사람 - 차도통행중,안전운전불이행,건조,맑음,단일로 - 기타,승용,여,61세,상해없음,보행자,남,60세,경상
2023063000100241,2023년 6월 30일 13시,금요일,충청북도 청주시 흥덕구 옥산면,부상신고사고,0,0,0,1,차대차 - 측면충돌,안전운전불이행,건조,맑음,교차로 - 교차로부근,이륜,남,78세,부상신고,승용,여,68세,상해없음
2023063000100242,2023년 6월 30일 13시,금요일,충청북도 청주시 흥덕구 강서동,중상사고,0,1,1,0,차대차 - 측면충돌,안전거리미확보,건조,맑음,교차로 - 교차로부근,승용,남,53세,경상,승용,여,70세,중상
2023063000100276,2023년 6월 30일 14시,금요일,충청북도 충주시 칠금동,경상사고,0,0,1,0,차대차 - 측면충돌,안전운전불이행,젖음/습기,비,교차로 - 교차로안,승용,여,38세,상해없음,승용,여,64세,경상
2023063000100308,2023년 6월 30일 15시,금요일,충청북도 보은군 보은읍,사망사고,1,0,0,0,차대차 - 추돌,안전운전불이행,건조,맑음,교차로 - 교차로부근,승용,남,26세,상해없음,자전거,남,88세,사망
2023063000100337,2023년 6월 30일 16시,금요일,충청북도 충주시 문화동,경상사고,0,0,1,0,차대사람 - 기타,안전운전불이행,건조,맑음,기타 - 기타,자전거,남,83세,상해없음,보행자,여,58세,경상
2023063000100338,2023년 6월 30일 16시,금요일,충청북도 청주시 서원구 분평동,경상사고,0,0,1,0,차대차 - 측면충돌,신호위반,건조,맑음,교차로 - 교차로횡단보도내,승용,남,71세,상해없음,자전거,여,60세,경상
2023063000100365,2023년 6월 30일 17시,금요일,충청북도 제천시 고명동,경상사고,0,0,1,0,차대차 - 추돌,안전운전불이행,건조,맑음,교차로 - 교차로부근,승용,여,73세,상해없음,승용,남,55세,경상
2023063000100412,2023년 6월 30일 18시,금요일,충청북도 청주시 서원구 사직동,경상사고,0,0,1,0,차대차 - 추돌,안전운전불이행,건조,맑음,단일로 - 지하차도(도로)내,승합,남,66세,상해없음,화물,남,43세,경상
2023063000100413,2023년 6월 30일 18시,금요일,충청북도 청주시 흥덕구 오송읍,경상사고,0,0,2,0,차대차 - 측면충돌,신호위반,건조,맑음,교차로 - 교차로안,승용,남,26세,경상,자전거,남,80세,경상
2023063000100479,2023년 6월 30일 20시,금요일,충청북도 청주시 청원구 율량동,경상사고,0,0,1,0,차대차 - 정면충돌,안전거리미확보,건조,맑음,기타 - 기타,승용,여,62세,상해없음,승용,여,28세,경상
2023063000100480,2023년 6월 30일 20시,금요일,충청북도 옥천군 옥천읍,중상사고,0,1,1,0,차대차 - 측면충돌,교차로운행방법위반,건조,맑음,교차로 - 교차로안,승용,남,62세,상해없음,이륜,남,18세,경상
2023063000100530,2023년 6월 30일 22시,금요일,충청북도 청주시 흥덕구 복대동,중상사고,0,1,0,0,차대차 - 추돌,신호위반,건조,맑음,교차로 - 교차로안,승용,남,61세,상해없음,이륜,남,33세,중상
2023063000100531,2023년 6월 30일 22시,금요일,충청북도 청주시 상당구 용담동,경상사고,0,0,2,0,차대차 - 후진중충돌,안전운전불이행,건조,맑음,단일로 - 지하차도(도로)내,승용,여,24세,상해없음,승용,여,54세,경상
2023070100100011,2023년 7월 1일 00시,토요일,충청북도 청주시 상당구 용정동,경상사고,0,0,1,0,차대차 - 측면충돌,차로위반,건조,맑음,단일로 - 지하차도(도로)내,개인형이동수단(PM),남,18세,경상,승용,남,23세,상해없음
2023070100100023,2023년 7월 1일 01시,토요일,충청북도 청주시 서원구 성화동,경상사고,0,0,1,0,차대차 - 측면충돌,신호위반,건조,맑음,교차로 - 교차로안,승용,남,54세,상해없음,승용,남,59세,경상
2023070100100039,2023년 7월 1일 02시,토요일,충청북도 청주시 청원구 사천동,경상사고,0,0,1,0,차대차 - 측면충돌,안전거리미확보,건조,맑음,단일로 - 기타,승용,남,59세,상해없음,승용,남,39세,경상
2023070100100111,2023년 7월 1일 09시,토요일,충청북도 충주시 수안보면,중상사고,0,1,0,0,차대차 - 측면충돌,안전운전불이행,건조,맑음,단일로 - 기타,자전거,남,75세,중상,화물,남,52세,상해없음
2023070100100112,2023년 7월 1일 09시,토요일,충청북도 청주시 서원구 성화동,부상신고사고,0,0,0,1,차량단독 - 공작물충돌,안전운전불이행,건조,맑음,교차로 - 교차로부근,승용,여,67세,부상신고,,,,
2023070100100175,2023년 7월 1일 11시,토요일,충청북도 진천군 덕산읍,경상사고,0,0,1,0,차대차 - 측면충돌,안전운전불이행,건조,맑음,단일로 - 기타,승용,남,70세,상해없음,승용,여,22세,경상
2023070100100176,2023년 7월 1일 11시,토요일,충청북도 청주시 흥덕구 복대동,경상사고,0,0,2,0,차대차 - 추돌,안전운전불이행,건조,맑음,교차로 - 교차로안,승용,남,55세,상해없음,승용,여,45세,경상
2023070100100177,2023년 7월 1일 11시,토요일,충청북도 청주시 흥덕구 운천동,중상사고,0,1,0,0,차대사람 - 보도통행중,신호위반,건조,맑음,교차로 - 교차로안,이륜,남,40세,기타불명,보행자,여,73세,중상
2023070100100237,2023년 7월 1일 13시,토요일,충청북도 증평군 증평읍,경상사고,0,0,1,0,차대사람 - 길가장자리구역통행중,안전운전불이행,건조,맑음,교차로 - 교차로안,승용,여,50세,상해없음,보행자,여,77세,경상
2023070100100238,2023년 7월 1일 13시,토요일,충청북도 진천군 진천읍,경상사고,0,0,2,0,차대차 - 측면충돌,안전거리미확보,건조,맑음,교차로 - 교차로안,승용,남,68세,경상,승용,남,34세,경상
2023070100100321,2023년 7월 1일 15시,토요일,충청북도 음성군 삼성면,경상사고,0,0,1,0,차대차 - 추돌,안전운전불이행,건조,맑음,교차로 - 교차로부근,승용,여,56세,상해없음,승용,남,66세,경상
2023070100100420,2023년 7월 1일 17시,토요일,충청북도 청주시 흥덕구 가경동,경상사고,0,0,1,0,차대차 - 추돌,안전운전불이행,건조,맑음,단일로 - 기타,승용,남,20세,상해없음,승용,남,28세,경상
2023070100100467,2023년 7월 1일 18시,토요일,충청북도 청주시 흥덕구 봉명동,경상사고,0,0,1,0,차대차 - 측면충돌,안전운전불이행,건조,맑음,단일로 - 기타,이륜,남,56세,상해없음,승용,여,28세,경상
2023070100100501,2023년 7월 1일 19시,토요일,충청북도 청주시 청원구 내수읍,중상사고,0,1,0,0,차대차 - 기타,안전운전불이행,건조,맑음,단일로 - 기타,승용,여,49세,기타불명,원동기,남,32세,중상
2023070100100502,2023년 7월 1일 19시,토요일,충청북도 음성군 금왕읍,경상사고,0,0,1,0,차대차 - 측면충돌,안전운전불이행,건조,맑음,교차로 - 교차로부근,기타불명,기타불명,미분류,기타불명,자전거,남,12세,경상
2023070100100566,2023년 7월 1일 21시,토요일,충청북도 충주시 연수동,중상사고,0,1,0,0,차대차 - 측면충돌,안전운전불이행,건조,맑음,단일로 - 기타,화물,남,53세,상해없음,승용,남,18세,중상
2023070100100567,2023년 7월 1일 21시,토요일,충청북도 음성군 금왕읍,중상사고,0,1,0,0,차대차 - 추돌,안전거리미확보,건조,맑음,단일로 - 기타,승용,남,49세,상해없음,승용,여,49세,중상
2023070200100047,2023년 7월 2일 06시,일요일,충청북도 청주시 상당구 명암동,중상사고,0,1,0,0,차대차 - 측면충돌,안전운전불이행,건조,맑음,단일로 - 기타,승용,남,73세,상해없음,이륜,남,45세,중상
2023070200100055,2023년 7월 2일 07시,일요일,충청북도 증평군 증평읍,부상신고사고,0,0,0,1,차대차 - 기타,직진우회전진행방해,건조,맑음,교차로 - 교차로부근,기타불명,기타불명,미분류,기타불명,자전거,여,54세,부상신고
2023070200100071,2023년 7월 2일 09시,일요일,충청북도 충주시 수안보면,경상사고,0,0,1,0,차량단독 - 기타,안전운전불이행,건조,맑음,단일로 - 기타,자전거,남,40세,경상,,,,
2023070200100108,2023년 7월 2일 11시,일요일,충청북도 음성군 음성읍,중상사고,0,1,0,0,차대차 - 정면충돌,안전운전불이행,건조,맑음,주차장 - 주차장,승용,남,63세,상해없음,승용,남,65세,중상
2023070200100138,2023년 7월 2일 12시,일요일,충청북도 청주시 청원구 오창읍,경상사고,0,0,1,0,차대차 - 기타,안전운전불이행,건조,맑음,단일로 - 기타,승용,남,49세,상해없음,이륜,남,35세,경상
2023070200100156,2023년 7월 2일 13시,일요일,충청북도 제천시 신백동,중상사고,0,1,0,0,차대차 - 측면충돌,교차로운행방법위반,건조,맑음,교차로 - 교차로부근,승용,남,65세,상해없음,이륜,남,27세,중상
2023070200100219,2023년 7월 2일 15시,일요일,충청북도 음성군 금왕읍,중상사고,0,1,0,0,차대차 - 정면충돌,안전운전불이행,건조,맑음,단일로 - 기타,승합,남,27세,기타불명,이륜,남,80세,중상
2023070200100235,2023년 7월 2일 16시,일요일,충청북도 청주시 청원구 북이면,경상사고,0,0,1,0,차량단독 - 전도전복 - 전복,안전운전불이행,건조,맑음,단일로 - 기타,승용,남,31세,경상,,,,
2023070200100236,2023년 7월 2일 16시,일요일,충청북도 청주시 흥덕구 가경동,경상사고,0,0,1,0,차대차 - 측면충돌,안전운전불이행,건조,맑음,교차로 - 교차로부근,승용,여,59세,상해없음,승용,남,61세,경상
2023070200100285,2023년 7월 2일 18시,일요일,충청북도 청주시 청원구 내수읍,중상사고,0,1,0,0,차대차 - 추돌,교차로운행방법위반,건조,맑음,교차로 - 교차로안,승용,남,67세,상해없음,이륜,남,51세,중상
2023070200100286,2023년 7월 2일 18시,일요일,충청북도 청주시 상당구 서운동,경상사고,0,0,1,0,차대차 - 측면충돌,중앙선침범,건조,맑음,교차로 - 교차로안,승용,여,22세,상해없음,승용,남,37세,경상
2023070200100337,2023년 7월 2일 20시,일요일,충청북도 청주시 청원구 내수읍,중상사고,0,1,0,0,차대사람 - 횡단중,안전운전불이행,건조,맑음,단일로 - 지하차도(도로)내,원동기,남,33세,상해없음,보행자,여,90세,중상
2023070200100338,2023년 7월 2일 20시,일요일,충청북도 제천시 하소동,중상사고,0,1,0,0,차대사람 - 횡단중,보행자보호의무위반,건조,맑음,기타 - 기타,승용,남,18세,상해없음,보행자,여,81세,중상
2023070200100339,2023년 7월 2일 20시,일요일,충청북도 청주시 상당구 용암동,경상사고,0,0,1,0,차대차 - 기타,교차로운행방법위반,건조,맑음,교차로 - 교차로부근,승용,남,63세,상해없음,이륜,남,45세,경상
2023070200100362,2023년 7월 2일 21시,일요일,충청북도 진천군 덕산읍,경상사고,0,0,1,0,차대차 - 측면충돌,안전운전불이행,건조,맑음,단일로 - 기타,화물,남,67세,상해없음,승용,여,54세,경상
2023070200100390,2023년 7월 2일 22시,일요일,충청북도 청주시 청원구 율량동,경상사고,0,0,1,0,차대차 - 추돌,안전운전불이행,건조,맑음,단일로 - 기타,승용,남,34세,상해없음,승합,남,55세,경상
2023070200100391,2023년 7월 2일 22시,일요일,충청북도 제천시 백운면,경상사고,0,0,1,0,차대차 - 추돌,안전운전불이행,건조,맑음,단일로 - 기타,승용,남,31세,경상,승용,여,60세,상해없음
2023070200100404,2023년 7월 2일 23시,일요일,충청북도 제천시 중앙로2가,경상사고,0,0,1,0,차대차 - 추돌,안전운전불이행,건조,맑음,교차로 - 교차로안,승용,남,40세,상해없음,승용,남,57세,경상
2023070300100057,2023년 7월 3일 07시,월요일,충청북도 청주시 서원구 분평동,경상사고,0,0,1,0,차대차 - 측면충돌,안전운전불이행,건조,맑음,단일로 - 지하차도(도로)내,승용,남,74세,상해없음,자전거,남,15세,경상
2023070300100088,2023년 7월 3일 08시,월요일,충청북도 음성군 삼성면,경상사고,0,0,1,0,차대사람 - 기타,안전운전불이행,건조,흐림,교차로 - 교차로안,승용,여,57세,상해없음,보행자,여,57세,경상
2023070300100089,2023년 7월 3일 08시,월요일,충청북도 청주시 흥덕구 강서동,경상사고,0,0,1,0,차대차 - 기타,안전운전불이행,건조,맑음,교차로 - 교차로안,승용,남,60세,상해없음,승용,여,33세,경상
2023070300100090,2023년 7월 3일 08시,월요일,충청북도 청주시 상당구 석교동,경상사고,0,0,1,0,차대차 - 측면충돌,안전운전불이행,건조,맑음,교차로 - 교차로안,승용,여,49세,경상,건설기계,남,45세,상해없음
2023070300100091,2023년 7월 3일 08시,월요일,충청북도 청주시 서원구 모충동,중상사고,0,1,0,0,차량단독 - 기타,안전운전불이행,건조,맑음,단일로 - 기타,승합,남,59세,상해없음,,,,
2023070300100142,2023년 7월 3일 09시,월요일,충청북도 청주시 청원구 율량동,경상사고,0,0,1,0,차대차 - 측면충돌,안전운전불이행,건조,맑음,교차로 - 교차로부근,승용,남,20세,상해없음,승용,남,49세,경상
2023070300100143,2023년 7월 3일 09시,월요일,충청북도 청주시 흥덕구 복대동,경상사고,0,0,1,0,차대차 - 측면충돌,안전거리미확보,건조,맑음,교차로 - 교차로부근,승용,여,71세,상해없음,승용,남,36세,경상