사고번호,사고일시,요일,시군구,사고내용,사망자수,중상자수,경상자수,부상신고자수,사고유형,법규위반,노면상태,기상상태,도로형태,가해운전자 차종,가해운전자 성별,가해운전자 연령,가해운전자 상해정도,피해운전자 차종,피해운전자 성별,피해운전자 연령,피해운전자 상해정도
2023070300100176,2023년 7월 3일 10시,월요일,충청북도 충주시 연수동,경상사고,0,0,1,0,차대차 - 측면충돌,신호위반,건조,맑음,단일로 - 기타,화물,남,66세,상해없음,승용,여,66세,경상
2023070300100219,2023년 7월 3일 11시,월요일,충청북도 제천시 고명동,중상사고,0,1,0,0,차대차 - 추돌,안전운전불이행,건조,맑음,단일로 - 기타,화물,여,60세,상해없음,승용,남,68세,중상
2023070300100244,2023년 7월 3일 12시,월요일,충청북도 청주시 서원구 사창동,중상사고,0,1,0,0,차대사람 - 기타,안전운전불이행,건조,맑음,교차로 - 교차로부근,승용,남,54세,상해없음,보행자,여,82세,중상
2023070300100324,2023년 7월 3일 14시,월요일,충청북도 청주시 서원구 분평동,경상사고,0,0,1,0,차대차 - 후진중충돌,안전운전불이행,건조,맑음,단일로 - 지하차도(도로)내,승용,여,41세,상해없음,승용,여,48세,경상
2023070300100351,2023년 7월 3일 15시,월요일,충청북도 제천시 봉양읍,경상사고,0,0,1,0,차대차 - 추돌,안전거리미확보,건조,맑음,단일로 - 기타,승용,남,50세,상해없음,승용,남,75세,경상
2023070300100352,2023년 7월 3일 15시,월요일,충청북도 청주시 서원구 산남동,경상사고,0,0,1,0,차대차 - 측면충돌,안전거리미확보,건조,맑음,교차로 - 교차로부근,승용,남,70세,상해없음,이륜,여,23세,경상
2023070300100353,2023년 7월 3일 15시,월요일,충청북도 청주시 상당구 용암동,경상사고,0,0,1,0,차대차 - 추돌,안전운전불이행,건조,맑음,교차로 - 교차로부근,승용,여,56세,상해없음,이륜,남,31세,경상
2023070300100389,2023년 7월 3일 16시,월요일,충청북도 충주시 봉방동,경상사고,0,0,2,0,차대차 - 기타,안전운전불이행,건조,맑음,교차로 - 교차로부근,승용,여,62세,상해없음,자전거,남,85세,경상
2023070300100390,2023년 7월 3일 16시,월요일,충청북도 단양군 매포읍,경상사고,0,0,1,0,차대사람 - 횡단중,안전운전불이행,건조,맑음,단일로 - 기타,승용,남,36세,상해없음,보행자,여,68세,경상
2023070300100391,2023년 7월 3일 16시,월요일,충청북도 청주시 흥덕구 지동동,중상사고,0,1,0,0,차대차 - 측면충돌,교차로운행방법위반,건조,맑음,교차로 - 교차로부근,건설기계,남,63세,상해없음,승용,남,50세,중상
2023070300100464,2023년 7월 3일 18시,월요일,충청북도 청주시 흥덕구 가경동,경상사고,0,0,1,0,차대차 - 측면충돌,안전운전불이행,건조,맑음,교차로 - 교차로안,승용,남,69세,상해없음,이륜,남,48세,경상
2023070300100493,2023년 7월 3일 19시,월요일,충청북도 청주시 서원구 사창동,경상사고,0,0,1,0,차대차 - 측면충돌,안전운전불이행,건조,맑음,교차로 - 교차로안,기타불명,기타불명,미분류,기타불명,승용,남,34세,경상
2023070300100514,2023년 7월 3일 20시,월요일,충청북도 청주시 흥덕구 복대동,부상신고사고,0,0,0,1,차대사람 - 기타,안전운전불이행,건조,맑음,단일로 - 기타,자전거,여,24세,상해없음,보행자,남,2세,부상신고
2023070300100533,2023년 7월 3일 21시,월요일,충청북도 청주시 상당구 용정동,경상사고,0,0,1,0,차대차 - 기타,안전운전불이행,건조,맑음,단일로 - 기타,승용,남,59세,상해없음,승용,남,38세,경상
2023070400100010,2023년 7월 4일 00시,화요일,충청북도 청주시 청원구 오창읍,사망사고,1,1,4,0,차대차 - 측면충돌,신호위반,건조,맑음,교차로 - 교차로안,승용,여,34세,중상,승합,남,61세,상해없음
2023070400100079,2023년 7월 4일 07시,화요일,충청북도 괴산군 연풍면,경상사고,0,0,1,0,차대차 - 후진중충돌,안전운전불이행,건조,맑음,주차장 - 주차장,승용,남,43세,상해없음,승용,여,57세,경상
2023070400100080,2023년 7월 4일 07시,화요일,충청북도 청주시 흥덕구 복대동,중상사고,0,1,0,0,차대차 - 측면충돌,안전운전불이행,건조,맑음,교차로 - 교차로안,승용,기타불명,미분류,기타불명,승용,여,27세,중상
2023070400100110,2023년 7월 4일 08시,화요일,충청북도 옥천군 이원면,중상사고,0,1,0,0,차대사람 - 횡단중,안전운전불이행,건조,맑음,교차로 - 교차로안,화물,남,69세,상해없음,보행자,여,23세,중상
2023070400100111,2023년 7월 4일 08시,화요일,충청북도 청주시 흥덕구 옥산면,경상사고,0,0,1,0,차대사람 - 보도통행중,보행자보호의무위반,건조,맑음,교차로 - 교차로부근,승용,남,70세,상해없음,보행자,남,25세,경상
2023070400100112,2023년 7월 4일 08시,화요일,충청북도 청주시 서원구 분평동,경상사고,0,0,2,0,차대차 - 기타,안전운전불이행,건조,맑음,교차로 - 교차로안,승용,여,42세,상해없음,승용,남,31세,상해없음
2023070400100153,2023년 7월 4일 09시,화요일,충청북도 청주시 상당구 문화동,중상사고,0,1,0,0,차대사람 - 횡단중,안전운전불이행,건조,맑음,교차로 - 교차로횡단보도내,승용,여,35세,상해없음,보행자,여,76세,중상
2023070400100184,2023년 7월 4일 10시,화요일,충청북도 청주시 흥덕구 복대동,부상신고사고,0,0,0,1,차대차 - 측면충돌,안전운전불이행,건조,맑음,교차로 - 교차로안,자전거,남,80세,부상신고,승용,여,41세,상해없음
2023070400100185,2023년 7월 4일 10시,화요일,충청북도 청주시 흥덕구 봉명동,중상사고,0,1,0,0,차대사람 - 차도통행중,안전운전불이행,젖음/습기,비,단일로 - 기타,자전거,여,23세,상해없음,보행자,여,73세,중상
2023070400100209,2023년 7월 4일 11시,화요일,충청북도 충주시 봉방동,경상사고,0,0,2,0,차대차 - 측면충돌,안전거리미확보,건조,맑음,단일로 - 기타,승용,여,61세,기타불명,승용,여,28세,경상
2023070400100210,2023년 7월 4일 11시,화요일,충청북도 영동군 영동읍,경상사고,0,0,1,0,차대사람 - 횡단중,안전운전불이행,건조,맑음,단일로 - 기타,자전거,여,56세,상해없음,보행자,여,77세,경상
2023070400100211,2023년 7월 4일 11시,화요일,충청북도 청주시 흥덕구 옥산면,중상사고,0,1,0,0,차대사람 - 횡단중,안전운전불이행,젖음/습기,비,기타 - 기타,승용,남,60세,상해없음,보행자,남,69세,중상
2023070400100233,2023년 7월 4일 12시,화요일,충청북도 청주시 상당구 용암동,경상사고,0,0,1,0,차대차 - 측면충돌,안전운전불이행,건조,맑음,교차로 - 교차로부근,승용,남,62세,상해없음,이륜,남,28세,경상
2023070400100399,2023년 7월 4일 17시,화요일,충청북도 청주시 흥덕구 봉명동,부상신고사고,0,0,0,1,차대차 - 측면충돌,안전운전불이행,건조,맑음,교차로 - 교차로부근,승용,남,72세,상해없음,승용,남,46세,부상신고
2023070400100400,2023년 7월 4일 17시,화요일,충청북도 청주시 흥덕구 봉명동,경상사고,0,0,1,0,차대차 - 후진중충돌,안전운전불이행,건조,흐림,교차로 - 교차로부근,승용,여,53세,상해없음,이륜,남,19세,경상
2023070400100446,2023년 7월 4일 18시,화요일,충청북도 충주시 호암동,경상사고,0,0,2,0,차대차 - 측면충돌,안전운전불이행,젖음/습기,비,단일로 - 기타,승용,남,53세,상해없음,승용,여,41세,경상
2023070400100447,2023년 7월 4일 18시,화요일,충청북도 증평군 증평읍,경상사고,0,0,1,0,차대차 - 측면충돌,안전운전불이행,젖음/습기,비,교차로 - 교차로횡단보도내,승용,여,29세,상해없음,승용,남,40세,경상
2023070400100448,2023년 7월 4일 18시,화요일,충청북도 청주시 흥덕구 송정동,경상사고,0,0,2,0,차대차 - 측면충돌,안전운전불이행,건조,맑음,교차로 - 교차로안,화물,남,65세,상해없음,승용,남,54세,경상
2023070400100492,2023년 7월 4일 19시,화요일,충청북도 청주시 상당구 금천동,경상사고,0,0,1,0,차대사람 - 횡단중,보행자보호의무위반,젖음/습기,비,교차로 - 교차로횡단보도내,승용,남,39세,상해없음,보행자,남,13세,경상
2023070400100531,2023년 7월 4일 20시,화요일,충청북도 충주시 성서동,중상사고,0,1,0,0,차대차 - 측면충돌,교차로운행방법위반,젖음/습기,비,교차로 - 교차로안,승용,남,28세,상해없음,승용,남,68세,중상
2023070400100532,2023년 7월 4일 20시,화요일,충청북도 진천군 진천읍,경상사고,0,0,2,0,차대차 - 측면충돌,신호위반,젖음/습기,비,교차로 - 교차로부근,승용,여,27세,상해없음,승용,여,49세,경상
2023070400100566,2023년 7월 4일 21시,화요일,충청북도 청주시 흥덕구 가경동,경상사고,0,0,1,0,차대사람 - 보도통행중,신호위반,젖음/습기,비,교차로 - 교차로안,승용,남,69세,상해없음,보행자,남,58세,경상
2023070400100567,2023년 7월 4일 21시,화요일,충청북도 청주시 흥덕구 강서동,경상사고,0,0,1,0,차대사람 - 횡단중,보행자보호의무위반,젖음/습기,비,교차로 - 교차로횡단보도내,이륜,남,24세,상해없음,보행자,남,50세,경상
2023070400100592,2023년 7월 4일 22시,화요일,충청북도 진천군 광혜원면,경상사고,0,0,2,0,차대차 - 측면충돌,안전운전불이행,젖음/습기,비,단일로 - 기타,승용,남,46세,상해없음,승용,남,27세,경상
2023070400100594,2023년 7월 4일 22시,화요일,충청북도 청주시 흥덕구 봉명동,사망사고,1,0,0,0,차대사람 - 기타,안전운전불이행,젖음/습기,비,교차로 - 교차로안,승용,여,34세,기타불명,보행자,남,58세,사망
2023070400100619,2023년 7월 4일 23시,화요일,충청북도 음성군 음성읍,경상사고,0,0,1,0,차대차 - 추돌,안전운전불이행,젖음/습기,비,단일로 - 기타,승용,남,35세,경상,승용,여,48세,기타불명
2023070500100043,2023년 7월 5일 06시,수요일,충청북도 청주시 흥덕구 휴암동,중상사고,0,1,1,0,차대차 - 측면충돌,신호위반,건조,맑음,교차로 - 교차로안,승용,남,64세,경상,승용,여,43세,중상
2023070500100193,2023년 7월 5일 11시,수요일,충청북도 보은군 수한면,중상사고,0,2,0,0,차대차 - 정면충돌,중앙선침범,건조,맑음,단일로 - 기타,승용,남,18세,상해없음,승용,남,72세,중상
2023070500100194,2023년 7월 5일 11시,수요일,충청북도 청주시 서원구 남이면,경상사고,0,0,2,0,차대차 - 추돌,안전운전불이행,건조,맑음,단일로 - 기타,승용,남,51세,상해없음,승용,여,51세,경상
2023070500100290,2023년 7월 5일 14시,수요일,충청북도 청주시 서원구 미평동,경상사고,0,0,1,0,차대차 - 측면충돌,신호위반,건조,맑음,교차로 - 교차로안,승용,남,32세,상해없음,승용,여,51세,경상
2023070500100321,2023년 7월 5일 15시,수요일,충청북도 청주시 서원구 산남동,경상사고,0,0,1,0,차량단독 - 전도전복 - 전도,안전운전불이행,건조,맑음,교차로 - 교차로안,이륜,남,35세,경상,,,,
2023070500100352,2023년 7월 5일 16시,수요일,충청북도 제천시 고명동,중상사고,0,1,0,2,차대차 - 측면충돌,신호위반,건조,맑음,교차로 - 교차로안,승용,남,63세,부상신고,승용,여,59세,중상
2023070500100353,2023년 7월 5일 16시,수요일,충청북도 청주시 흥덕구 가경동,경상사고,0,0,1,0,차대차 - 측면충돌,안전운전불이행,건조,맑음,단일로 - 기타,승용,여,57세,상해없음,승용,남,63세,경상
2023070500100354,2023년 7월 5일 16시,수요일,충청북도 청주시 상당구 금천동,경상사고,0,0,1,0,차대차 - 추돌,안전운전불이행,건조,맑음,교차로 - 교차로안,화물,남,65세,상해없음,이륜,남,27세,경상
2023070500100355,2023년 7월 5일 16시,수요일,충청북도 청주시 상당구 용암동,경상사고,0,0,1,0,차대사람 - 기타,안전운전불이행,건조,맑음,단일로 - 기타,승용,남,26세,상해없음,보행자,남,39세,경상
2023070500100356,2023년 7월 5일 16시,수요일,충청북도 청주시 흥덕구 비하동,경상사고,0,0,2,0,차대차 - 추돌,안전운전불이행,건조,맑음,단일로 - 기타,화물,남,74세,상해없음,승용,남,32세,경상
2023070500100401,2023년 7월 5일 17시,수요일,충청북도 청주시 청원구 오창읍,중상사고,0,1,0,0,차대차 - 추돌,안전운전불이행,건조,맑음,교차로 - 교차로부근,승용,남,52세,상해없음,승합,남,63세,중상
2023070500100402,2023년 7월 5일 17시,수요일,충청북도 제천시 모산동,경상사고,0,0,1,0,차대차 - 기타,안전운전불이행,건조,맑음,교차로 - 교차로안,이륜,남,72세,경상,화물,남,72세,상해없음
2023070500100403,2023년 7월 5일 17시,수요일,충청북도 괴산군 괴산읍,경상사고,0,0,2,0,차량단독 - 공작물충돌,안전운전불이행,건조,맑음,단일로 - 기타,승용,남,21세,상해없음,,,,
2023070500100404,2023년 7월 5일 17시,수요일,충청북도 진천군 진천읍,경상사고,0,0,2,0,차대차 - 측면충돌,교차로운행방법위반,건조,맑음,교차로 - 교차로안,승용,남,62세,기타불명,승용,여,56세,경상
2023070500100440,2023년 7월 5일 18시,수요일,충청북도 음성군 맹동면,경상사고,0,0,1,0,차대차 - 측면충돌,안전운전불이행,건조,맑음,단일로 - 기타,화물,남,66세,상해없음,승용,남,43세,경상
2023070500100441,2023년 7월 5일 18시,수요일,충청북도 청주시 흥덕구 봉명동,경상사고,0,0,3,0,차대차 - 측면충돌,안전운전불이행,건조,맑음,단일로 - 기타,이륜,남,31세,경상,승용,남,29세,경상
2023070500100477,2023년 7월 5일 19시,수요일,충청북도 청주시 상당구 용암동,경상사고,0,0,1,0,차대사람 - 횡단중,안전운전불이행,건조,맑음,교차로 - 교차로횡단보도내,승합,남,77세,상해없음,보행자,남,75세,경상
2023070500100525,2023년 7월 5일 21시,수요일,충청북도 충주시 용산동,경상사고,0,0,1,0,차대차 - 기타,교차로운행방법위반,건조,맑음,교차로 - 교차로부근,승용,여,64세,상해없음,승용,남,28세,경상
2023070500100526,2023년 7월 5일 21시,수요일,충청북도 청주시 흥덕구 강내면,중상사고,0,1,0,0,차대차 - 기타,중앙선침범,건조,맑음,단일로 - 기타,승용,여,27세,상해없음,승용,남,40세,중상
2023070500100549,2023년 7월 5일 22시,수요일,충청북도 청주시 청원구 오창읍,중상사고,0,1,0,0,차대차 - 추돌,안전운전불이행,건조,맑음,교차로 - 교차로부근,이륜,남,27세,중상,특수,남,51세,기타불명
2023070500100550,2023년 7월 5일 22시,수요일,충청북도 충주시 목행동,중상사고,0,1,3,0,차대차 - 측면충돌,신호위반,건조,맑음,교차로 - 교차로안,승용,남,33세,경상,승용,남,49세,중상
2023070600100005,2023년 7월 6일 00시,목요일,충청북도 청주시 청원구 율량동,경상사고,0,0,2,0,차대차 - 추돌,안전운전불이행,건조,맑음,교차로 - 교차로부근,승용,여,40세,상해없음,승용,남,53세,경상
2023070600100006,2023년 7월 6일 00시,목요일,충청북도 진천군 덕산읍,경상사고,0,0,1,0,차량단독 - 전도전복 - 전도,안전운전불이행,건조,맑음,단일로 - 기타,이륜,남,57세,경상,,,,
2023070600100017,2023년 7월 6일 01시,목요일,충청북도 청주시 흥덕구 복대동,경상사고,0,0,1,0,차대차 - 측면충돌,안전거리미확보,건조,맑음,단일로 - 기타,승용,남,67세,상해없음,승용,남,33세,경상
2023070600100026,2023년 7월 6일 03시,목요일,충청북도 청주시 흥덕구 옥산면,중상사고,0,2,0,0,차대차 - 추돌,안전운전불이행,건조,맑음,기타 - 기타,화물,남,43세,중상,특수,남,71세,중상
2023070600100044,2023년 7월 6일 06시,목요일,충청북도 청주시 서원구 남이면,경상사고,0,0,1,0,차대차 - 추돌,안전운전불이행,건조,맑음,단일로 - 기타,화물,남,53세,상해없음,승용,남,44세,경상
2023070600100068,2023년 7월 6일 07시,목요일,충청북도 청주시 청원구 외하동,경상사고,0,0,2,0,차대차 - 추돌,안전운전불이행,건조,맑음,교차로 - 교차로부근,승용,남,50세,경상,승용,남,56세,경상
2023070600100069,2023년 7월 6일 07시,목요일,충청북도 충주시 연수동,중상사고,0,1,0,0,차대차 - 정면충돌,안전운전불이행,건조,맑음,단일로 - 기타,승용,남,65세,상해없음,자전거,남,65세,중상
2023070600100070,2023년 7월 6일 07시,목요일,충청북도 제천시 장락동,중상사고,0,1,0,0,차대사람 - 횡단중,보행자보호의무위반,건조,맑음,교차로 - 교차로부근,화물,남,62세,상해없음,보행자,남,60세,중상
2023070600100114,2023년 7월 6일 08시,목요일,충청북도 청주시 청원구 오창읍,경상사고,0,0,1,0,차대차 - 측면충돌,교차로운행방법위반,건조,맑음,교차로 - 교차로안,승용,남,56세,상해없음,원동기,남,28세,경상
2023070600100115,2023년 7월 6일 08시,목요일,충청북도 진천군 덕산읍,경상사고,0,0,1,0,차대차 - 추돌,안전운전불이행,건조,맑음,단일로 - 기타,승용,여,22세,상해없음,승용,남,37세,경상
2023070600100116,2023년 7월 6일 08시,목요일,충청북도 청주시 서원구 현도면,경상사고,0,0,1,0,차대차 - 측면충돌,안전운전불이행,건조,맑음,교차로 - 교차로안,화물,남,56세,상해없음,승용,남,64세,경상
2023070600100194,2023년 7월 6일 10시,목요일,충청북도 청주시 서원구 현도면,경상사고,0,0,1,0,차대차 - 추돌,안전운전불이행,건조,맑음,단일로 - 기타,승용,남,64세,상해없음,승용,남,46세,경상
2023070600100195,2023년 7월 6일 10시,목요일,충청북도 청주시 상당구 용암동,경상사고,0,0,1,0,차대사람 - 기타,안전운전불이행,건조,맑음,주차장 - 주차장,승용,남,61세,상해없음,보행자,남,44세,경상
2023070600100260,2023년 7월 6일 12시,목요일,충청북도 제천시 금성면,중상사고,0,1,0,0,차대차 - 측면충돌,안전운전불이행,건조,맑음,단일로 - 기타,화물,남,62세,상해없음,승용,남,58세,중상
2023070600100314,2023년 7월 6일 14시,목요일,충청북도 충주시 봉방동,중상사고,0,1,0,0,차대차 - 측면충돌,신호위반,건조,맑음,교차로 - 교차로안,화물,남,30세,상해없음,승용,여,68세,중상
2023070600100341,2023년 7월 6일 15시,목요일,충청북도 음성군 감곡면,경상사고,0,0,2,0,차대차 - 측면충돌,교차로운행방법위반,건조,맑음,교차로 - 교차로안,승용,남,64세,상해없음,화물,남,48세,경상
2023070600100378,2023년 7월 6일 16시,목요일,충청북도 충주시 문화동,경상사고,0,0,1,0,차대차 - 측면충돌,교차로운행방법위반,건조,맑음,교차로 - 교차로안,승용,남,56세,상해없음,승용,남,68세,경상
2023070600100379,2023년 7월 6일 16시,목요일,충청북도 음성군 금왕읍,중상사고,0,1,0,0,차대차 - 측면충돌,차로위반,건조,맑음,교차로 - 교차로부근,승용,남,68세,상해없음,승용,남,80세,상해없음
2023070600100380,2023년 7월 6일 16시,목요일,충청북도 청주시 서원구 수곡동,경상사고,0,0,1,0,차량단독 - 기타,안전운전불이행,건조,맑음,교차로 - 교차로부근,승용,남,71세,기타불명,,,,
2023070600100381,2023년 7월 6일 16시,목요일,충청북도 청주시 서원구 수곡동,경상사고,0,0,1,0,차대차 - 측면충돌,안전운전불이행,건조,맑음,교차로 - 교차로안,승용,여,65세,상해없음,승용,남,48세,경상
2023070600100421,2023년 7월 6일 17시,목요일,충청북도 청주시 서원구 사창동,경상사고,0,0,1,0,차대차 - 측면충돌,안전운전불이행,건조,맑음,단일로 - 기타,승용,남,69세,상해없음,승용,여,57세,경상
2023070600100422,2023년 7월 6일 17시,목요일,충청북도 청주시 상당구 용암동,부상신고사고,0,0,0,1,차대차 - 측면충돌,신호위반,건조,맑음,교차로 - 교차로안,자전거,남,80세,부상신고,승용,남,72세,상해없음
2023070600100461,2023년 7월 6일 18시,목요일,충청북도 청주시 상당구 영운동,경상사고,0,0,1,0,차대차 - 측면충돌,안전운전불이행,건조,맑음,교차로 - 교차로부근,승합,남,58세,상해없음,승용,여,52세,경상
2023070600100491,2023년 7월 6일 19시,목요일,충청북도 음성군 감곡면,경상사고,0,0,1,0,차대차 - 추돌,안전운전불이행,건조,맑음,교차로 - 교차로부근,승용,여,57세,기타불명,승용,여,59세,경상
2023070600100518,2023년 7월 6일 20시,목요일,충청북도 음성군 맹동면,경상사고,0,0,2,0,차대차 - 측면충돌,교차로운행방법위반,건조,맑음,교차로 - 교차로안,승용,여,30세,경상,승용,남,37세,경상
2023070600100557,2023년 7월 6일 22시,목요일,충청북도 청주시 서원구 사직동,경상사고,0,0,1,0,차대차 - 기타,교차로운행방법위반,건조,맑음,교차로 - 교차로안,이륜,남,54세,경상,승용,남,53세,상해없음
2023070700100041,2023년 7월 7일 06시,금요일,충청북도 진천군 초평면,중상사고,0,1,1,0,차대차 - 측면충돌,신호위반,건조,맑음,교차로 - 교차로안,화물,남,65세,상해없음,승합,남,63세,경상
2023070700100099,2023년 7월 7일 08시,금요일,충청북도 청주시 청원구 내덕동,경상사고,0,0,1,0,차대차 - 기타,중앙선침범,건조,맑음,단일로 - 기타,승용,남,62세,상해없음,이륜,남,39세,경상
2023070700100100,2023년 7월 7일 08시,금요일,충청북도 제천시 장락동,부상신고사고,0,0,0,1,차대사람 - 횡단중,보행자보호의무위반,건조,맑음,교차로 - 교차로안,승용,남,52세,상해없음,보행자,여,10세,부상신고
2023070700100101,2023년 7월 7일 08시,금요일,충청북도 음성군 금왕읍,중상사고,0,1,2,0,차대차 - 추돌,안전운전불이행,건조,맑음,단일로 - 기타,화물,남,67세,경상,승합,여,56세,경상
2023070700100102,2023년 7월 7일 08시,금요일,충청북도 청주시 흥덕구 복대동,부상신고사고,0,0,0,1,차대사람 - 횡단중,안전운전불이행,건조,맑음,교차로 - 교차로횡단보도내,기타불명,기타불명,미분류,기타불명,보행자,남,50세,부상신고
2023070700100103,2023년 7월 7일 08시,금요일,충청북도 청주시 상당구 금천동,중상사고,0,1,0,0,차대사람 - 기타,안전운전불이행,건조,맑음,교차로 - 교차로안,이륜,남,23세,상해없음,보행자,남,74세,중상
2023070700100201,2023년 7월 7일 11시,금요일,충청북도 청주시 상당구 북문로2가,중상사고,0,1,2,0,차대차 - 기타,안전거리미확보,젖음/습기,맑음,교차로 - 교차로부근,승용,여,61세,상해없음,원동기,남,17세,중상
2023070700100202,2023년 7월 7일 11시,금요일,충청북도 증평군 증평읍,경상사고,0,0,1,0,차대차 - 측면충돌,직진우회전진행방해,건조,맑음,교차로 - 교차로안,승용,남,50세,상해없음,승용,여,49세,경상
2023070700100203,2023년 7월 7일 11시,금요일,충청북도 청주시 흥덕구 향정동,경상사고,0,0,1,0,차대차 - 측면충돌,안전운전불이행,젖음/습기,비,교차로 - 교차로부근,승용,남,78세,상해없음,승용,남,26세,경상
2023070700100238,2023년 7월 7일 12시,금요일,충청북도 청주시 흥덕구 복대동,중상사고,0,1,1,0,차대차 - 정면충돌,교차로운행방법위반,젖음/습기,비,교차로 - 교차로안,승용,여,56세,상해없음,승용,여,46세,경상
2023070700100275,2023년 7월 7일 13시,금요일,충청북도 청주시 청원구 오창읍,중상사고,0,1,0,0,차대차 - 기타,신호위반,젖음/습기,비,교차로 - 교차로안,화물,남,51세,상해없음,이륜,남,29세,중상
2023070700100276,2023년 7월 7일 13시,금요일,충청북도 충주시 중앙탑면,중상사고,0,1,0,0,차대차 - 기타,신호위반,건조,맑음,교차로 - 교차로안,이륜,남,38세,상해없음,이륜,남,36세,중상
2023070700100315,2023년 7월 7일 14시,금요일,충청북도 청주시 청원구 내덕동,경상사고,0,0,1,0,차대차 - 기타,교차로운행방법위반,젖음/습기,비,교차로 - 교차로안,승용,남,78세,상해없음,승용,여,40세,경상
2023070700100316,2023년 7월 7일 14시,금요일,충청북도 청주시 흥덕구 오송읍,경상사고,0,0,1,0,차대차 - 측면충돌,안전운전불이행,젖음/습기,비,단일로 - 기타,승용,여,53세,상해없음,승용,남,54세,경상
2023070700100348,2023년 7월 7일 15시,금요일,충청북도 제천시 봉양읍,중상사고,0,1,1,0,차대차 - 정면충돌,중앙선침범,젖음/습기,비,단일로 - 기타,승용,남,29세,상해없음,승용,여,56세,중상
2023070700100349,2023년 7월 7일 15시,금요일,충청북도 청주시 서원구 성화동,경상사고,0,0,1,0,차대차 - 측면충돌,안전운전불이행,건조,맑음,단일로 - 기타,승용,남,35세,상해없음,승용,여,26세,경상
2023070700100350,2023년 7월 7일 15시,금요일,충청북도 옥천군 옥천읍,경상사고,0,0,1,0,차대차 - 측면충돌,안전운전불이행,젖음/습기,비,단일로 - 기타,승용,여,28세,경상,화물,남,64세,기타불명
2023070700100397,2023년 7월 7일 16시,금요일,충청북도 청주시 흥덕구 오송읍,경상사고,0,0,2,0,차대차 - 기타,교차로운행방법위반,젖음/습기,비,교차로 - 교차로안,승용,여,53세,상해없음,승용,남,43세,경상
2023070700100514,2023년 7월 7일 18시,금요일,충청북도 청주시 청원구 우암동,경상사고,0,0,1,0,차대차 - 기타,불법유턴,젖음/습기,비,단일로 - 기타,승용,남,42세,상해없음,승용,남,27세,경상
2023070700100554,2023년 7월 7일 19시,금요일,충청북도 청주시 상당구 금천동,중상사고,0,1,0,0,차대사람 - 차도통행중,안전운전불이행,젖음/습기,비,단일로 - 기타,승합,남,60세,상해없음,보행자,남,64세,중상
2023070700100579,2023년 7월 7일 20시,금요일,충청북도 증평군 증평읍,경상사고,0,0,1,0,차대차 - 추돌,안전거리미확보,젖음/습기,비,교차로 - 교차로부근,승용,남,59세,상해없음,승용,남,49세,경상
2023070700100580,2023년 7월 7일 20시,금요일,충청북도 청주시 흥덕구 봉명동,경상사고,0,0,1,0,차대차 - 측면충돌,교차로운행방법위반,젖음/습기,비,교차로 - 교차로안,승용,남,42세,상해없음,승용,여,58세,경상
2023070700100610,2023년 7월 7일 21시,금요일,충청북도 증평군 증평읍,경상사고,0,0,1,0,차대차 - 정면충돌,중앙선침범,젖음/습기,비,교차로 - 교차로부근,승용,남,44세,상해없음,승용,여,32세,경상
2023070700100611,2023년 7월 7일 21시,금요일,충청북도 청주시 흥덕구 오송읍,경상사고,0,0,1,0,차대차 - 측면충돌,교차로운행방법위반,젖음/습기,흐림,교차로 - 교차로안,승용,남,39세,상해없음,화물,남,55세,경상
2023070700100640,2023년 7월 7일 22시,금요일,충청북도 충주시 연수동,경상사고,0,0,2,0,차대차 - 측면충돌,안전거리미확보,젖음/습기,비,교차로 - 교차로안,승용,남,28세,상해없음,승용,남,45세,경상
2023070800100043,2023년 7월 8일 03시,토요일,충청북도 청주시 상당구 문화동,부상신고사고,0,0,0,1,차대차 - 기타,안전운전불이행,젖음/습기,흐림,교차로 - 교차로부근,이륜,남,38세,부상신고,승용,여,46세,상해없음
2023070800100068,2023년 7월 8일 06시,토요일,충청북도 충주시 연수동,경상사고,0,0,1,0,차대사람 - 기타,안전운전불이행,건조,맑음,단일로 - 기타,기타불명,기타불명,미분류,기타불명,보행자,남,65세,경상
2023070800100116,2023년 7월 8일 09시,토요일,충청북도 괴산군 문광면,경상사고,0,0,6,0,차대차 - 측면충돌,기타,건조,맑음,단일로 - 기타,승용,남,22세,경상,승용,남,33세,경상
2023070800100139,2023년 7월 8일 10시,토요일,충청북도 제천시 중앙로1가,경상사고,0,0,2,0,차대차 - 추돌,안전거리미확보,건조,맑음,교차로 - 교차로안,승용,여,83세,기타불명,승용,남,84세,경상
2023070800100167,2023년 7월 8일 11시,토요일,충청북도 충주시 중앙탑면,중상사고,0,1,0,0,차대사람 - 차도통행중,안전운전불이행,건조,흐림,교차로 - 교차로안,화물,남,65세,상해없음,보행자,남,54세,중상
2023070800100168,2023년 7월 8일 11시,토요일,충청북도 청주시 흥덕구 비하동,경상사고,0,0,1,0,차대차 - 측면충돌,안전거리미확보,건조,맑음,단일로 - 기타,승용,남,25세,상해없음,승용,남,60세,경상
2023070800100169,2023년 7월 8일 11시,토요일,충청북도 청주시 상당구 금천동,경상사고,0,0,2,0,차대차 - 측면충돌,안전운전불이행,건조,맑음,교차로 - 교차로안,승용,여,68세,경상,승용,여,50세,경상
2023070800100199,2023년 7월 8일 12시,토요일,충청북도 청주시 청원구 내덕동,경상사고,0,0,1,0,차대사람 - 횡단중,보행자보호의무위반,건조,맑음,교차로 - 교차로횡단보도내,승용,남,48세,상해없음,보행자,여,11세,경상