사고번호,사고일시,요일,시군구,사고내용,사망자수,중상자수,경상자수,부상신고자수,사고유형,법규위반,노면상태,기상상태,도로형태,가해운전자 차종,가해운전자 성별,가해운전자 연령,가해운전자 상해정도,피해운전자 차종,피해운전자 성별,피해운전자 연령,피해운전자 상해정도
2023070800100200,2023년 7월 8일 12시,토요일,충청북도 진천군 광혜원면,경상사고,0,0,3,0,차대차 - 후진중충돌,안전운전불이행,건조,맑음,교차로 - 교차로안,승용,남,56세,상해없음,승용,남,25세,경상
2023070800100241,2023년 7월 8일 13시,토요일,충청북도 영동군 양산면,중상사고,0,1,0,0,차대차 - 측면충돌,기타,건조,맑음,교차로 - 교차로안,이륜,남,22세,중상,승용,남,55세,상해없음
2023070800100276,2023년 7월 8일 14시,토요일,충청북도 충주시 호암동,경상사고,0,0,2,0,차대차 - 정면충돌,신호위반,건조,맑음,교차로 - 교차로안,승용,남,36세,상해없음,승용,여,49세,경상
2023070800100305,2023년 7월 8일 15시,토요일,충청북도 청주시 흥덕구 석소동,경상사고,0,0,1,0,차대차 - 기타,안전거리미확보,건조,맑음,기타 - 기타,승합,남,62세,상해없음,승용,남,38세,경상
2023070800100337,2023년 7월 8일 16시,토요일,충청북도 충주시 교현동,경상사고,0,0,1,0,차대차 - 측면충돌,안전거리미확보,건조,맑음,교차로 - 교차로부근,승용,여,60세,상해없음,승용,남,74세,경상
2023070800100373,2023년 7월 8일 17시,토요일,충청북도 청주시 서원구 사창동,경상사고,0,0,1,0,차대차 - 측면충돌,안전운전불이행,건조,맑음,단일로 - 기타,승합,남,69세,기타불명,승용,남,31세,경상
2023070800100374,2023년 7월 8일 17시,토요일,충청북도 청주시 흥덕구 석소동,사망사고,1,0,0,0,차량단독 - 공작물충돌,안전운전불이행,건조,맑음,단일로 - 기타,개인형이동수단(PM),남,48세,사망,,,,
2023070800100375,2023년 7월 8일 17시,토요일,충청북도 청주시 흥덕구 오송읍,경상사고,0,0,1,0,차대차 - 측면충돌,안전운전불이행,건조,맑음,교차로 - 교차로안,승용,남,36세,상해없음,승용,남,39세,경상
2023070800100376,2023년 7월 8일 17시,토요일,충청북도 청주시 서원구 미평동,경상사고,0,0,2,0,차대차 - 측면충돌,안전운전불이행,건조,맑음,단일로 - 지하차도(도로)내,승용,남,61세,경상,승용,여,53세,경상
2023070800100403,2023년 7월 8일 18시,토요일,충청북도 제천시 금성면,경상사고,0,0,3,0,차대차 - 측면충돌,신호위반,건조,맑음,교차로 - 교차로안,승용,여,63세,상해없음,승용,남,46세,경상
2023070800100404,2023년 7월 8일 18시,토요일,충청북도 청주시 흥덕구 가경동,경상사고,0,0,2,0,차대차 - 측면충돌,안전운전불이행,건조,맑음,단일로 - 기타,이륜,남,22세,상해없음,승용,남,22세,경상
2023070800100435,2023년 7월 8일 19시,토요일,충청북도 청주시 청원구 우암동,경상사고,0,0,2,0,차대차 - 추돌,안전거리미확보,건조,맑음,단일로 - 기타,화물,남,54세,상해없음,승용,여,21세,경상
2023070800100490,2023년 7월 8일 21시,토요일,충청북도 청주시 상당구 가덕면,중상사고,0,1,0,0,차대차 - 기타,안전운전불이행,건조,맑음,단일로 - 기타,화물,남,56세,상해없음,승용,남,75세,상해없음
2023070800100507,2023년 7월 8일 22시,토요일,충청북도 청주시 청원구 오창읍,중상사고,0,1,0,0,차대차 - 기타,안전운전불이행,건조,맑음,단일로 - 기타,이륜,남,36세,중상,화물,남,61세,상해없음
2023070800100508,2023년 7월 8일 22시,토요일,충청북도 청주시 서원구 분평동,경상사고,0,0,1,0,차대사람 - 횡단중,안전운전불이행,건조,맑음,단일로 - 기타,자전거,남,46세,상해없음,보행자,남,71세,경상
2023070800100531,2023년 7월 8일 23시,토요일,충청북도 청주시 상당구 용암동,경상사고,0,0,3,0,차대차 - 측면충돌,교차로운행방법위반,건조,맑음,교차로 - 교차로안,승용,남,67세,경상,승용,남,22세,경상
2023070900100025,2023년 7월 9일 02시,일요일,충청북도 청주시 상당구 영운동,경상사고,0,0,2,0,차대차 - 측면충돌,안전운전불이행,건조,맑음,교차로 - 교차로안,승용,남,33세,상해없음,승용,남,53세,경상
2023070900100049,2023년 7월 9일 06시,일요일,충청북도 제천시 장락동,중상사고,0,1,0,0,차대사람 - 횡단중,보행자보호의무위반,건조,맑음,교차로 - 교차로횡단보도내,화물,남,63세,상해없음,보행자,여,75세,중상
2023070900100054,2023년 7월 9일 07시,일요일,충청북도 영동군 영동읍,중상사고,0,1,0,0,차대차 - 측면충돌,신호위반,건조,맑음,교차로 - 교차로안,승용,남,29세,상해없음,화물,남,55세,중상
2023070900100092,2023년 7월 9일 10시,일요일,충청북도 제천시 장락동,경상사고,0,0,1,0,차대차 - 측면충돌,직진우회전진행방해,건조,맑음,교차로 - 교차로안,승용,남,56세,상해없음,승용,여,34세,경상
2023070900100117,2023년 7월 9일 11시,일요일,충청북도 진천군 광혜원면,경상사고,0,0,3,0,차대차 - 추돌,안전거리미확보,건조,맑음,교차로 - 교차로안,승용,여,63세,상해없음,승용,남,26세,경상
2023070900100143,2023년 7월 9일 12시,일요일,충청북도 청주시 청원구 내수읍,사망사고,1,0,0,0,차대차 - 정면충돌,안전운전불이행,건조,맑음,단일로 - 기타,이륜,남,29세,사망,승용,남,51세,상해없음
2023070900100144,2023년 7월 9일 12시,일요일,충청북도 청주시 흥덕구 복대동,부상신고사고,0,0,0,1,차대차 - 추돌,안전운전불이행,건조,맑음,교차로 - 교차로안,자전거,여,90세,부상신고,승용,남,45세,상해없음
2023070900100175,2023년 7월 9일 13시,일요일,충청북도 청주시 흥덕구 가경동,경상사고,0,0,2,0,차대차 - 측면충돌,신호위반,건조,맑음,교차로 - 교차로안,승용,남,41세,상해없음,승용,남,33세,경상
2023070900100194,2023년 7월 9일 14시,일요일,충청북도 청주시 흥덕구 봉명동,부상신고사고,0,0,0,1,차대차 - 측면충돌,안전운전불이행,건조,맑음,단일로 - 기타,기타불명,기타불명,미분류,기타불명,자전거,남,56세,부상신고
2023070900100195,2023년 7월 9일 14시,일요일,충청북도 청주시 서원구 모충동,경상사고,0,0,2,0,차대차 - 측면충돌,안전운전불이행,건조,맑음,기타 - 기타,승용,여,45세,상해없음,개인형이동수단(PM),여,13세,경상
2023070900100222,2023년 7월 9일 15시,일요일,충청북도 청주시 청원구 율량동,경상사고,0,0,2,0,차대차 - 측면충돌,교차로운행방법위반,건조,맑음,교차로 - 교차로안,화물,남,78세,상해없음,승용,여,46세,경상
2023070900100252,2023년 7월 9일 16시,일요일,충청북도 청주시 흥덕구 가경동,부상신고사고,0,0,0,1,차대차 - 기타,안전운전불이행,건조,맑음,교차로 - 교차로안,이륜,남,39세,상해없음,이륜,남,21세,부상신고
2023070900100325,2023년 7월 9일 19시,일요일,충청북도 청주시 청원구 내덕동,경상사고,0,0,1,0,차대사람 - 차도통행중,안전운전불이행,건조,맑음,단일로 - 기타,승용,남,44세,상해없음,보행자,남,27세,경상
2023070900100343,2023년 7월 9일 20시,일요일,충청북도 청주시 청원구 율량동,경상사고,0,0,2,0,차대차 - 측면충돌,교차로운행방법위반,건조,맑음,교차로 - 교차로안,승용,여,37세,상해없음,이륜,남,29세,경상
2023070900100361,2023년 7월 9일 21시,일요일,충청북도 청주시 흥덕구 가경동,중상사고,0,1,0,0,차대차 - 측면충돌,안전운전불이행,건조,맑음,교차로 - 교차로안,승용,남,63세,상해없음,이륜,여,32세,중상
2023070900100382,2023년 7월 9일 22시,일요일,충청북도 청주시 서원구 사직동,중상사고,0,1,0,0,차대차 - 기타,안전운전불이행,건조,맑음,교차로 - 교차로부근,승용,남,27세,상해없음,이륜,남,18세,중상
2023071000100023,2023년 7월 10일 04시,월요일,충청북도 청주시 흥덕구 휴암동,부상신고사고,0,0,0,1,차량단독 - 공작물충돌,안전운전불이행,젖음/습기,비,교차로 - 교차로부근,승용,남,54세,부상신고,,,,
2023071000100092,2023년 7월 10일 08시,월요일,충청북도 청주시 서원구 분평동,경상사고,0,0,1,0,차대차 - 추돌,안전운전불이행,건조,맑음,단일로 - 기타,승용,여,54세,상해없음,승용,여,34세,경상
2023071000100177,2023년 7월 10일 11시,월요일,충청북도 제천시 영천동,경상사고,0,0,1,0,차대차 - 측면충돌,신호위반,건조,맑음,교차로 - 교차로안,승용,여,66세,경상,승용,남,76세,상해없음
2023071000100178,2023년 7월 10일 11시,월요일,충청북도 진천군 광혜원면,중상사고,0,1,0,0,차대차 - 측면충돌,안전운전불이행,건조,맑음,단일로 - 기타,승용,남,57세,상해없음,승용,남,36세,중상
2023071000100228,2023년 7월 10일 13시,월요일,충청북도 청주시 청원구 북이면,경상사고,0,0,1,0,차대차 - 측면충돌,안전운전불이행,건조,맑음,단일로 - 기타,화물,남,40세,상해없음,승용,남,58세,경상
2023071000100229,2023년 7월 10일 13시,월요일,충청북도 충주시 봉방동,중상사고,0,1,0,0,차대사람 - 차도통행중,안전운전불이행,건조,맑음,단일로 - 기타,승용,남,64세,상해없음,보행자,여,75세,중상
2023071000100230,2023년 7월 10일 13시,월요일,충청북도 청주시 상당구 영운동,경상사고,0,0,1,0,차대차 - 후진중충돌,안전운전불이행,건조,맑음,단일로 - 지하차도(도로)내,승용,여,43세,상해없음,승용,여,29세,경상
2023071000100264,2023년 7월 10일 14시,월요일,충청북도 제천시 청전동,중상사고,0,1,0,0,차대차 - 측면충돌,신호위반,젖음/습기,흐림,교차로 - 교차로안,승용,남,28세,상해없음,승용,여,42세,중상
2023071000100265,2023년 7월 10일 14시,월요일,충청북도 청주시 서원구 산남동,경상사고,0,0,1,0,차대차 - 측면충돌,신호위반,건조,맑음,교차로 - 교차로안,화물,여,43세,상해없음,화물,남,57세,경상
2023071000100266,2023년 7월 10일 14시,월요일,충청북도 청주시 상당구 용담동,경상사고,0,0,1,0,차대차 - 추돌,안전운전불이행,건조,맑음,교차로 - 교차로부근,승용,남,59세,상해없음,승용,남,47세,경상
2023071000100330,2023년 7월 10일 16시,월요일,충청북도 제천시 봉양읍,경상사고,0,0,1,0,차대차 - 측면충돌,신호위반,건조,맑음,교차로 - 교차로안,승용,남,27세,상해없음,화물,남,50세,경상
2023071000100331,2023년 7월 10일 16시,월요일,충청북도 청주시 서원구 모충동,경상사고,0,0,1,0,차대차 - 추돌,안전거리미확보,건조,맑음,단일로 - 지하차도(도로)내,승용,여,65세,상해없음,승용,여,46세,경상
2023071000100382,2023년 7월 10일 17시,월요일,충청북도 청주시 서원구 개신동,경상사고,0,0,1,0,차대차 - 후진중충돌,불법유턴,건조,맑음,단일로 - 기타,화물,남,70세,상해없음,이륜,남,28세,경상
2023071000100383,2023년 7월 10일 17시,월요일,충청북도 충주시 연수동,경상사고,0,0,1,0,차대차 - 측면충돌,직진우회전진행방해,건조,맑음,교차로 - 교차로안,승용,남,27세,상해없음,이륜,남,41세,경상
2023071000100384,2023년 7월 10일 17시,월요일,충청북도 음성군 맹동면,경상사고,0,0,1,0,차대차 - 측면충돌,중앙선침범,건조,맑음,교차로 - 교차로부근,이륜,남,40세,경상,승용,남,50세,상해없음
2023071000100435,2023년 7월 10일 18시,월요일,충청북도 청주시 청원구 오창읍,중상사고,0,1,0,0,차대사람 - 차도통행중,안전운전불이행,건조,맑음,기타 - 기타,승용,여,62세,상해없음,보행자,남,31세,중상
2023071000100436,2023년 7월 10일 18시,월요일,충청북도 충주시 교현동,경상사고,0,0,1,0,차대차 - 측면충돌,안전운전불이행,건조,흐림,교차로 - 교차로안,승용,여,55세,상해없음,자전거,남,22세,경상
2023071000100437,2023년 7월 10일 18시,월요일,충청북도 제천시 신월동,경상사고,0,0,1,1,차대차 - 정면충돌,안전운전불이행,건조,맑음,교차로 - 교차로안,승용,여,40세,부상신고,승용,여,25세,경상
2023071000100472,2023년 7월 10일 19시,월요일,충청북도 음성군 금왕읍,경상사고,0,0,1,0,차대차 - 측면충돌,차로위반,건조,맑음,단일로 - 기타,승용,남,58세,경상,승용,남,52세,상해없음
2023071000100473,2023년 7월 10일 19시,월요일,충청북도 청주시 서원구 수곡동,경상사고,0,0,1,0,차대차 - 추돌,안전운전불이행,건조,맑음,단일로 - 기타,승용,여,62세,상해없음,승용,여,29세,경상
2023071000100498,2023년 7월 10일 20시,월요일,충청북도 충주시 달천동,경상사고,0,0,1,0,차대차 - 기타,차로위반,건조,맑음,단일로 - 기타,승용,남,59세,상해없음,승용,남,50세,경상
2023071000100499,2023년 7월 10일 20시,월요일,충청북도 청주시 서원구 모충동,중상사고,0,1,0,0,차대사람 - 횡단중,신호위반,건조,맑음,교차로 - 교차로횡단보도내,원동기,남,18세,상해없음,보행자,남,34세,중상
2023071000100545,2023년 7월 10일 22시,월요일,충청북도 청주시 흥덕구 비하동,중상사고,0,1,0,0,차대차 - 정면충돌,신호위반,건조,맑음,단일로 - 기타,승용,여,39세,상해없음,이륜,남,20세,중상
2023071100100006,2023년 7월 11일 00시,화요일,충청북도 증평군 증평읍,경상사고,0,0,1,0,차량단독 - 공작물충돌,안전운전불이행,건조,맑음,단일로 - 기타,승용,남,34세,경상,,,,
2023071100100021,2023년 7월 11일 02시,화요일,충청북도 진천군 이월면,중상사고,0,2,0,0,차대차 - 정면충돌,중앙선침범,건조,맑음,단일로 - 기타,승용,남,26세,중상,승용,남,35세,중상
2023071100100022,2023년 7월 11일 02시,화요일,충청북도 청주시 상당구 문의면,중상사고,0,1,0,0,차대차 - 기타,안전운전불이행,건조,맑음,단일로 - 기타,특수,남,53세,상해없음,승용,남,29세,중상
2023071100100027,2023년 7월 11일 04시,화요일,충청북도 괴산군 괴산읍,중상사고,0,1,0,0,차대차 - 측면충돌,신호위반,건조,맑음,교차로 - 교차로부근,화물,남,64세,상해없음,승용,여,55세,중상
2023071100100064,2023년 7월 11일 07시,화요일,충청북도 진천군 광혜원면,경상사고,0,0,1,0,차대차 - 기타,안전운전불이행,건조,맑음,단일로 - 기타,특수,남,52세,상해없음,화물,남,43세,경상
2023071100100102,2023년 7월 11일 08시,화요일,충청북도 청주시 흥덕구 봉명동,경상사고,0,0,1,0,차대차 - 측면충돌,안전운전불이행,건조,흐림,교차로 - 교차로안,승용,남,65세,상해없음,승용,남,27세,경상
2023071100100103,2023년 7월 11일 08시,화요일,충청북도 청주시 흥덕구 봉명동,부상신고사고,0,0,0,1,차대차 - 추돌,안전운전불이행,젖음/습기,비,기타 - 기타,기타불명,기타불명,미분류,기타불명,승용,여,37세,부상신고
2023071100100104,2023년 7월 11일 08시,화요일,충청북도 청주시 흥덕구 복대동,중상사고,0,1,0,0,차대차 - 측면충돌,교차로운행방법위반,젖음/습기,비,교차로 - 교차로안,승용,여,57세,기타불명,승용,남,55세,중상
2023071100100105,2023년 7월 11일 08시,화요일,충청북도 청주시 서원구 수곡동,경상사고,0,0,1,0,차대차 - 측면충돌,안전운전불이행,젖음/습기,비,단일로 - 지하차도(도로)내,승합,남,70세,상해없음,승용,여,38세,경상
2023071100100152,2023년 7월 11일 09시,화요일,충청북도 청주시 서원구 남이면,경상사고,0,0,2,0,차대차 - 측면충돌,안전운전불이행,젖음/습기,비,단일로 - 기타,승용,여,37세,상해없음,승용,남,44세,경상
2023071100100182,2023년 7월 11일 10시,화요일,충청북도 음성군 대소면,중상사고,0,2,0,0,차대차 - 측면충돌,안전운전불이행,젖음/습기,비,교차로 - 교차로안,승용,남,63세,중상,승용,남,71세,상해없음
2023071100100249,2023년 7월 11일 12시,화요일,충청북도 충주시 연수동,중상사고,0,1,0,0,차대차 - 측면충돌,신호위반,젖음/습기,비,교차로 - 교차로부근,특수,여,59세,상해없음,승용,남,24세,중상
2023071100100250,2023년 7월 11일 12시,화요일,충청북도 음성군 금왕읍,경상사고,0,0,9,0,차대차 - 측면충돌,안전운전불이행,젖음/습기,비,단일로 - 기타,승용,남,28세,경상,승용,여,59세,상해없음
2023071100100289,2023년 7월 11일 13시,화요일,충청북도 청주시 청원구 내덕동,경상사고,0,0,2,0,차대차 - 추돌,안전운전불이행,젖음/습기,비,단일로 - 기타,화물,남,70세,상해없음,승용,남,55세,경상
2023071100100290,2023년 7월 11일 13시,화요일,충청북도 청주시 흥덕구 봉명동,경상사고,0,0,1,0,차대차 - 후진중충돌,안전운전불이행,건조,맑음,단일로 - 기타,승용,여,60세,기타불명,승용,남,31세,경상
2023071100100327,2023년 7월 11일 14시,화요일,충청북도 증평군 증평읍,중상사고,0,1,1,0,차대사람 - 보도통행중,안전운전불이행,건조,맑음,교차로 - 교차로안,승용,남,49세,상해없음,보행자,여,78세,중상
2023071100100328,2023년 7월 11일 14시,화요일,충청북도 보은군 보은읍,중상사고,0,1,0,0,차대차 - 측면충돌,교차로운행방법위반,젖음/습기,흐림,교차로 - 교차로안,승합,남,63세,상해없음,승용,여,50세,중상
2023071100100329,2023년 7월 11일 14시,화요일,충청북도 청주시 상당구 남일면,경상사고,0,0,1,0,차대차 - 추돌,안전운전불이행,건조,맑음,단일로 - 지하차도(도로)내,화물,여,41세,상해없음,승용,남,55세,경상
2023071100100353,2023년 7월 11일 15시,화요일,충청북도 제천시 남천동,경상사고,0,0,1,0,차대차 - 기타,교차로운행방법위반,젖음/습기,비,교차로 - 교차로안,승용,남,79세,상해없음,승용,남,72세,상해없음
2023071100100354,2023년 7월 11일 15시,화요일,충청북도 제천시 백운면,경상사고,0,0,1,0,차대차 - 측면충돌,안전운전불이행,젖음/습기,비,단일로 - 기타,승용,여,76세,상해없음,승용,남,60세,경상
2023071100100355,2023년 7월 11일 15시,화요일,충청북도 진천군 진천읍,경상사고,0,0,2,0,차대차 - 추돌,안전운전불이행,건조,맑음,단일로 - 기타,화물,남,63세,상해없음,승용,남,32세,경상
2023071100100469,2023년 7월 11일 18시,화요일,충청북도 청주시 청원구 율량동,경상사고,0,0,1,0,차대차 - 기타,안전거리미확보,건조,맑음,단일로 - 기타,승용,남,24세,상해없음,승용,여,31세,상해없음
2023071100100470,2023년 7월 11일 18시,화요일,충청북도 청주시 서원구 수곡동,부상신고사고,0,0,0,1,차대차 - 측면충돌,안전운전불이행,건조,맑음,교차로 - 교차로안,이륜,남,43세,부상신고,승용,남,32세,기타불명
2023071100100528,2023년 7월 11일 20시,화요일,충청북도 충주시 안림동,사망사고,1,0,0,0,차대사람 - 횡단중,안전운전불이행,젖음/습기,흐림,교차로 - 교차로부근,승용,남,44세,상해없음,보행자,여,61세,사망
2023071100100529,2023년 7월 11일 20시,화요일,충청북도 충주시 목행동,사망사고,1,0,0,0,차대사람 - 횡단중,신호위반,젖음/습기,비,단일로 - 기타,승용,남,62세,상해없음,보행자,남,45세,사망
2023071100100530,2023년 7월 11일 20시,화요일,충청북도 청주시 흥덕구 복대동,경상사고,0,0,1,0,차대차 - 측면충돌,안전거리미확보,젖음/습기,비,교차로 - 교차로부근,승용,남,52세,기타불명,승용,남,59세,경상
2023071100100563,2023년 7월 11일 21시,화요일,충청북도 청주시 상당구 용암동,경상사고,0,0,1,0,차대차 - 기타,안전운전불이행,건조,흐림,교차로 - 교차로안,승용,남,27세,상해없음,이륜,남,46세,경상
2023071100100586,2023년 7월 11일 22시,화요일,충청북도 청주시 청원구 내덕동,중상사고,0,1,0,0,차대차 - 측면충돌,교차로운행방법위반,젖음/습기,흐림,교차로 - 교차로안,승용,남,53세,상해없음,이륜,남,27세,중상
2023071100100599,2023년 7월 11일 23시,화요일,충청북도 진천군 광혜원면,경상사고,0,0,1,0,차대차 - 후진중충돌,안전운전불이행,건조,맑음,주차장 - 주차장,승용,남,29세,상해없음,승용,여,28세,경상
2023071200100086,2023년 7월 12일 08시,수요일,충청북도 청주시 청원구 내덕동,경상사고,0,0,1,0,차대사람 - 횡단중,보행자보호의무위반,건조,맑음,교차로 - 교차로횡단보도내,승용,남,27세,상해없음,보행자,여,63세,경상
2023071200100087,2023년 7월 12일 08시,수요일,충청북도 청주시 청원구 사천동,경상사고,0,0,2,0,차대차 - 측면충돌,교차로운행방법위반,건조,맑음,교차로 - 교차로안,승용,여,32세,상해없음,승용,여,50세,경상
2023071200100116,2023년 7월 12일 09시,수요일,충청북도 충주시 주덕읍,중상사고,0,1,0,0,차대차 - 후진중충돌,안전운전불이행,건조,맑음,단일로 - 기타,화물,남,39세,상해없음,승용,여,60세,중상
2023071200100117,2023년 7월 12일 09시,수요일,충청북도 증평군 도안면,경상사고,0,0,1,0,차대차 - 후진중충돌,안전운전불이행,건조,맑음,단일로 - 기타,화물,남,66세,상해없음,원동기,남,66세,상해없음
2023071200100118,2023년 7월 12일 09시,수요일,충청북도 청주시 흥덕구 송절동,경상사고,0,0,2,0,차대차 - 추돌,안전운전불이행,건조,맑음,단일로 - 기타,승용,여,42세,상해없음,승용,남,61세,경상
2023071200100159,2023년 7월 12일 11시,수요일,충청북도 충주시 지현동,중상사고,0,1,0,0,차대사람 - 차도통행중,안전운전불이행,건조,맑음,단일로 - 기타,이륜,남,20세,기타불명,보행자,여,70세,중상
2023071200100160,2023년 7월 12일 11시,수요일,충청북도 제천시 백운면,경상사고,0,0,1,0,차대사람 - 기타,안전운전불이행,건조,맑음,주차장 - 주차장,승용,여,48세,상해없음,보행자,여,3세,경상
2023071200100161,2023년 7월 12일 11시,수요일,충청북도 제천시 화산동,경상사고,0,0,2,0,차대차 - 측면충돌,교차로운행방법위반,건조,맑음,교차로 - 교차로안,승용,남,72세,상해없음,승용,남,76세,경상
2023071200100291,2023년 7월 12일 15시,수요일,충청북도 청주시 서원구 개신동,경상사고,0,0,1,0,차량단독 - 기타,안전운전불이행,건조,흐림,단일로 - 기타,승용,남,56세,상해없음,,,,
2023071200100330,2023년 7월 12일 16시,수요일,충청북도 청주시 흥덕구 서촌동,중상사고,0,1,0,0,차대차 - 측면충돌,안전거리미확보,건조,맑음,교차로 - 교차로안,승합,남,40세,상해없음,개인형이동수단(PM),남,65세,중상
2023071200100331,2023년 7월 12일 16시,수요일,충청북도 청주시 상당구 운동동,경상사고,0,0,1,0,차대차 - 측면충돌,신호위반,건조,맑음,교차로 - 교차로안,승용,여,60세,상해없음,승용,여,57세,경상
2023071200100366,2023년 7월 12일 17시,수요일,충청북도 청주시 서원구 사직동,경상사고,0,0,1,0,차대차 - 기타,교차로운행방법위반,건조,맑음,교차로 - 교차로안,이륜,남,65세,상해없음,승용,여,28세,경상
2023071200100367,2023년 7월 12일 17시,수요일,충청북도 청주시 상당구 용암동,경상사고,0,0,1,0,차대사람 - 보도통행중,안전운전불이행,건조,맑음,단일로 - 기타,개인형이동수단(PM),남,16세,상해없음,보행자,남,24세,경상
2023071200100422,2023년 7월 12일 18시,수요일,충청북도 음성군 맹동면,경상사고,0,0,1,0,차대차 - 측면충돌,신호위반,건조,맑음,교차로 - 교차로안,화물,남,74세,상해없음,개인형이동수단(PM),남,31세,경상
2023071200100423,2023년 7월 12일 18시,수요일,충청북도 청주시 흥덕구 옥산면,경상사고,0,0,1,0,차대차 - 기타,안전거리미확보,건조,맑음,단일로 - 기타,승합,남,51세,상해없음,이륜,남,38세,경상
2023071200100454,2023년 7월 12일 19시,수요일,충청북도 진천군 진천읍,경상사고,0,0,1,0,차대차 - 측면충돌,안전운전불이행,건조,맑음,교차로 - 교차로안,승용,여,55세,상해없음,승용,남,43세,경상
2023071200100554,2023년 7월 12일 23시,수요일,충청북도 청주시 흥덕구 옥산면,경상사고,0,0,3,0,차대사람 - 기타,안전운전불이행,건조,맑음,단일로 - 기타,승용,여,55세,상해없음,보행자,남,44세,경상
2023071300100009,2023년 7월 13일 00시,목요일,충청북도 청주시 청원구 오창읍,경상사고,0,0,1,0,차대사람 - 횡단중,보행자보호의무위반,건조,맑음,교차로 - 교차로횡단보도내,승용,남,73세,상해없음,보행자,남,23세,경상
2023071300100045,2023년 7월 13일 06시,목요일,충청북도 청주시 흥덕구 강내면,부상신고사고,0,0,0,1,차대차 - 추돌,안전운전불이행,젖음/습기,비,단일로 - 기타,건설기계,남,57세,상해없음,농기계,남,74세,부상신고
2023071300100092,2023년 7월 13일 08시,목요일,충청북도 증평군 증평읍,경상사고,0,0,1,0,차대차 - 정면충돌,안전운전불이행,건조,맑음,교차로 - 교차로안,승용,남,62세,상해없음,승용,여,28세,경상
2023071300100093,2023년 7월 13일 08시,목요일,충청북도 청주시 흥덕구 송절동,경상사고,0,0,2,0,차대차 - 측면충돌,안전운전불이행,젖음/습기,비,교차로 - 교차로안,승용,남,71세,상해없음,승용,남,29세,경상
2023071300100125,2023년 7월 13일 09시,목요일,충청북도 보은군 내북면,사망사고,1,0,1,0,차대차 - 정면충돌,중앙선침범,젖음/습기,흐림,단일로 - 기타,승용,남,58세,경상,승용,남,76세,사망
2023071300100144,2023년 7월 13일 10시,목요일,충청북도 충주시 살미면,중상사고,0,2,0,0,차대차 - 기타,안전거리미확보,젖음/습기,흐림,단일로 - 기타,화물,남,67세,상해없음,승용,여,67세,중상
2023071300100145,2023년 7월 13일 10시,목요일,충청북도 음성군 삼성면,경상사고,0,0,3,0,차대차 - 측면충돌,교차로운행방법위반,젖음/습기,비,교차로 - 교차로안,승용,남,58세,경상,화물,남,59세,경상
2023071300100146,2023년 7월 13일 10시,목요일,충청북도 진천군 진천읍,중상사고,0,1,5,0,차대차 - 기타,중앙선침범,젖음/습기,비,단일로 - 기타,승합,남,46세,상해없음,승용,여,56세,중상
2023071300100202,2023년 7월 13일 12시,목요일,충청북도 진천군 초평면,중상사고,0,1,1,0,차대차 - 기타,안전운전불이행,젖음/습기,비,단일로 - 기타,특수,남,58세,경상,화물,남,74세,중상
2023071300100283,2023년 7월 13일 15시,목요일,충청북도 제천시 장락동,경상사고,0,0,2,0,차대차 - 측면충돌,중앙선침범,젖음/습기,비,교차로 - 교차로부근,승용,남,68세,상해없음,승용,여,48세,경상
2023071300100312,2023년 7월 13일 16시,목요일,충청북도 청주시 청원구 오창읍,경상사고,0,0,2,0,차대차 - 추돌,안전운전불이행,젖음/습기,비,교차로 - 교차로부근,특수,남,42세,상해없음,승용,여,51세,경상
2023071300100313,2023년 7월 13일 16시,목요일,충청북도 청주시 흥덕구 오송읍,경상사고,0,0,5,0,차대차 - 측면충돌,교차로운행방법위반,젖음/습기,비,교차로 - 교차로안,승용,남,48세,경상,승용,남,57세,경상
2023071300100314,2023년 7월 13일 16시,목요일,충청북도 청주시 흥덕구 복대동,경상사고,0,0,1,0,차대차 - 측면충돌,안전운전불이행,젖음/습기,비,교차로 - 교차로부근,이륜,남,54세,상해없음,승용,남,28세,경상
2023071300100441,2023년 7월 13일 20시,목요일,충청북도 청주시 청원구 우암동,경상사고,0,0,2,0,차대차 - 측면충돌,안전운전불이행,젖음/습기,비,단일로 - 기타,승용,남,27세,상해없음,원동기,남,25세,경상
2023071300100442,2023년 7월 13일 20시,목요일,충청북도 진천군 진천읍,경상사고,0,0,2,0,차대차 - 정면충돌,안전운전불이행,건조,맑음,단일로 - 기타,승용,남,72세,상해없음,승용,남,27세,경상
2023071300100469,2023년 7월 13일 21시,목요일,충청북도 청주시 흥덕구 복대동,경상사고,0,0,1,0,차대차 - 측면충돌,안전운전불이행,젖음/습기,비,단일로 - 기타,승용,남,69세,상해없음,승용,남,30세,경상
2023071300100470,2023년 7월 13일 21시,목요일,충청북도 청주시 서원구 모충동,중상사고,0,1,0,0,차대차 - 측면충돌,교차로운행방법위반,젖음/습기,비,교차로 - 교차로안,개인형이동수단(PM),남,16세,상해없음,자전거,여,57세,중상
2023071300100503,2023년 7월 13일 22시,목요일,충청북도 청주시 청원구 오창읍,경상사고,0,0,1,0,차대차 - 측면충돌,신호위반,젖음/습기,비,교차로 - 교차로안,승용,남,34세,상해없음,승용,남,36세,경상
2023071300100504,2023년 7월 13일 22시,목요일,충청북도 증평군 증평읍,경상사고,0,0,1,0,차대차 - 측면충돌,안전운전불이행,젖음/습기,비,단일로 - 기타,승용,남,40세,상해없음,승용,남,37세,기타불명