사고번호,사고일시,요일,시군구,사고내용,사망자수,중상자수,경상자수,부상신고자수,사고유형,법규위반,노면상태,기상상태,도로형태,가해운전자 차종,가해운전자 성별,가해운전자 연령,가해운전자 상해정도,피해운전자 차종,피해운전자 성별,피해운전자 연령,피해운전자 상해정도
2023081500100345,2023년 8월 15일 17시,화요일,충청북도 충주시 연수동,중상사고,0,1,0,0,차대차 - 정면충돌,신호위반,건조,맑음,교차로 - 교차로안,승용,여,24세,상해없음,이륜,남,30세,중상
2023081500100368,2023년 8월 15일 18시,화요일,충청북도 청주시 청원구 율량동,경상사고,0,0,1,0,차대차 - 추돌,안전거리미확보,건조,흐림,교차로 - 교차로안,승용,남,61세,기타불명,승용,여,63세,경상
2023081500100388,2023년 8월 15일 19시,화요일,충청북도 음성군 음성읍,경상사고,0,0,1,0,차대차 - 기타,차로위반,건조,맑음,단일로 - 기타,승용,남,26세,상해없음,승용,남,21세,경상
2023081500100389,2023년 8월 15일 19시,화요일,충청북도 옥천군 청산면,중상사고,0,1,0,0,차대차 - 추돌,안전운전불이행,건조,맑음,단일로 - 기타,승용,남,69세,상해없음,농기계,남,69세,중상
2023081500100390,2023년 8월 15일 19시,화요일,충청북도 청주시 흥덕구 가경동,경상사고,0,0,3,0,차대차 - 기타,직진우회전진행방해,건조,맑음,교차로 - 교차로안,승용,여,64세,경상,승용,남,28세,경상
2023081500100418,2023년 8월 15일 20시,화요일,충청북도 음성군 음성읍,중상사고,0,1,0,0,차대차 - 측면충돌,교차로운행방법위반,건조,맑음,교차로 - 교차로안,승용,여,51세,상해없음,이륜,남,45세,중상
2023081500100419,2023년 8월 15일 20시,화요일,충청북도 청주시 서원구 개신동,경상사고,0,0,2,0,차대차 - 측면충돌,안전거리미확보,건조,맑음,단일로 - 기타,개인형이동수단(PM),남,42세,경상,승용,남,25세,경상
2023081500100420,2023년 8월 15일 20시,화요일,충청북도 청주시 서원구 수곡동,경상사고,0,0,2,0,차대차 - 추돌,안전거리미확보,건조,맑음,단일로 - 기타,승용,남,54세,상해없음,승용,남,38세,경상
2023081500100454,2023년 8월 15일 22시,화요일,충청북도 청주시 상당구 남일면,중상사고,0,1,1,0,차대차 - 측면충돌,신호위반,건조,맑음,교차로 - 교차로부근,승용,남,37세,상해없음,화물,남,48세,중상
2023081600100123,2023년 8월 16일 09시,수요일,충청북도 청주시 서원구 남이면,경상사고,0,0,1,0,차대차 - 기타,중앙선침범,건조,맑음,단일로 - 기타,승용,남,55세,상해없음,승합,여,55세,경상
2023081600100124,2023년 8월 16일 09시,수요일,충청북도 청주시 상당구 금천동,경상사고,0,0,1,0,차대차 - 후진중충돌,안전운전불이행,건조,맑음,단일로 - 지하차도(도로)내,승용,남,49세,상해없음,승용,남,23세,경상
2023081600100166,2023년 8월 16일 10시,수요일,충청북도 청주시 흥덕구 복대동,경상사고,0,0,1,0,차대사람 - 기타,보행자보호의무위반,건조,맑음,교차로 - 교차로횡단보도내,승용,남,58세,상해없음,보행자,여,45세,경상
2023081600100167,2023년 8월 16일 10시,수요일,충청북도 청주시 흥덕구 석소동,경상사고,0,0,2,0,차대차 - 측면충돌,안전운전불이행,건조,맑음,단일로 - 기타,승용,남,56세,기타불명,승용,남,32세,경상
2023081600100197,2023년 8월 16일 11시,수요일,충청북도 청주시 서원구 현도면,경상사고,0,0,1,0,차대차 - 기타,안전운전불이행,건조,맑음,단일로 - 기타,건설기계,남,60세,상해없음,승용,남,39세,경상
2023081600100198,2023년 8월 16일 11시,수요일,충청북도 청주시 상당구 산성동,중상사고,0,1,0,0,차대차 - 추돌,안전거리미확보,건조,맑음,단일로 - 지하차도(도로)내,승합,남,41세,상해없음,승용,여,64세,중상
2023081600100236,2023년 8월 16일 12시,수요일,충청북도 청주시 청원구 오창읍,중상사고,0,1,0,0,차대차 - 추돌,안전운전불이행,건조,맑음,기타 - 기타,승용,여,31세,상해없음,승용,남,47세,중상
2023081600100237,2023년 8월 16일 12시,수요일,충청북도 제천시 천남동,경상사고,0,0,1,0,차대차 - 측면충돌,안전거리미확보,건조,맑음,교차로 - 교차로부근,승용,여,64세,상해없음,화물,남,57세,경상
2023081600100238,2023년 8월 16일 12시,수요일,충청북도 청주시 흥덕구 비하동,중상사고,0,1,0,0,차대차 - 후진중충돌,안전운전불이행,건조,맑음,교차로 - 교차로안,승용,남,57세,상해없음,이륜,남,38세,중상
2023081600100239,2023년 8월 16일 12시,수요일,충청북도 청주시 서원구 미평동,중상사고,0,1,0,0,차대차 - 추돌,안전운전불이행,건조,맑음,교차로 - 교차로부근,승용,남,67세,상해없음,자전거,남,82세,중상
2023081600100280,2023년 8월 16일 13시,수요일,충청북도 청주시 청원구 오창읍,경상사고,0,0,1,0,차대차 - 측면충돌,교차로운행방법위반,건조,맑음,교차로 - 교차로안,이륜,남,85세,경상,승용,남,57세,상해없음
2023081600100312,2023년 8월 16일 14시,수요일,충청북도 청주시 서원구 개신동,경상사고,0,0,2,0,차대차 - 정면충돌,신호위반,건조,맑음,교차로 - 교차로안,승용,남,56세,상해없음,승용,여,34세,경상
2023081600100313,2023년 8월 16일 14시,수요일,충청북도 청주시 흥덕구 복대동,경상사고,0,0,1,0,차대차 - 기타,안전운전불이행,건조,맑음,기타 - 기타,승용,여,25세,상해없음,이륜,남,37세,경상
2023081600100356,2023년 8월 16일 15시,수요일,충청북도 충주시 수안보면,경상사고,0,0,1,0,차대사람 - 보도통행중,기타,건조,맑음,단일로 - 기타,승용,여,46세,상해없음,보행자,여,66세,경상
2023081600100357,2023년 8월 16일 15시,수요일,충청북도 제천시 봉양읍,사망사고,1,0,0,0,차량단독 - 전도전복 - 전도,안전운전불이행,건조,맑음,단일로 - 터널,승용,남,60세,사망,,,,
2023081600100388,2023년 8월 16일 16시,수요일,충청북도 제천시 하소동,경상사고,0,0,1,0,차대차 - 측면충돌,안전운전불이행,건조,맑음,교차로 - 교차로안,승용,여,49세,상해없음,승용,남,27세,경상
2023081600100389,2023년 8월 16일 16시,수요일,충청북도 음성군 금왕읍,경상사고,0,0,1,0,차대차 - 측면충돌,안전거리미확보,건조,맑음,교차로 - 교차로부근,승용,여,63세,상해없음,자전거,남,87세,경상
2023081600100436,2023년 8월 16일 17시,수요일,충청북도 증평군 증평읍,중상사고,0,1,0,0,차대차 - 기타,안전운전불이행,건조,맑음,교차로 - 교차로안,승용,남,63세,상해없음,이륜,여,72세,중상
2023081600100437,2023년 8월 16일 17시,수요일,충청북도 음성군 음성읍,경상사고,0,0,1,0,차대차 - 기타,안전거리미확보,건조,맑음,단일로 - 기타,자전거,남,77세,경상,승용,남,53세,상해없음
2023081600100482,2023년 8월 16일 18시,수요일,충청북도 청주시 흥덕구 오송읍,경상사고,0,0,1,0,차대차 - 기타,교차로운행방법위반,건조,맑음,교차로 - 교차로안,승용,남,55세,상해없음,자전거,남,13세,경상
2023081600100483,2023년 8월 16일 18시,수요일,충청북도 청주시 상당구 용암동,경상사고,0,0,1,0,차대사람 - 횡단중,안전운전불이행,건조,맑음,단일로 - 기타,화물,남,54세,상해없음,보행자,남,8세,경상
2023081600100516,2023년 8월 16일 19시,수요일,충청북도 음성군 금왕읍,경상사고,0,0,2,0,차대차 - 기타,중앙선침범,건조,맑음,단일로 - 기타,승용,남,44세,경상,이륜,남,26세,경상
2023081600100578,2023년 8월 16일 22시,수요일,충청북도 청주시 흥덕구 가경동,경상사고,0,0,2,0,차대차 - 측면충돌,기타,건조,맑음,교차로 - 교차로부근,승용,여,37세,상해없음,승용,남,42세,경상
2023081700100006,2023년 8월 17일 00시,목요일,충청북도 청주시 상당구 남일면,중상사고,0,1,0,0,차량단독 - 기타,안전운전불이행,건조,맑음,단일로 - 기타,이륜,남,17세,중상,,,,
2023081700100034,2023년 8월 17일 06시,목요일,충청북도 청주시 상당구 용암동,중상사고,0,1,0,0,차대사람 - 기타,안전운전불이행,건조,맑음,단일로 - 기타,승용,남,30세,상해없음,보행자,남,93세,중상
2023081700100087,2023년 8월 17일 08시,목요일,충청북도 제천시 금성면,중상사고,0,1,1,0,차대차 - 측면충돌,신호위반,건조,맑음,교차로 - 교차로안,화물,남,32세,중상,승용,남,62세,경상
2023081700100152,2023년 8월 17일 10시,목요일,충청북도 영동군 용산면,경상사고,0,0,1,0,차대차 - 후진중충돌,안전운전불이행,건조,맑음,단일로 - 기타,화물,남,68세,상해없음,이륜,여,66세,경상
2023081700100181,2023년 8월 17일 11시,목요일,충청북도 괴산군 괴산읍,중상사고,0,1,0,0,차대사람 - 차도통행중,안전운전불이행,건조,맑음,교차로 - 교차로안,승용,여,46세,상해없음,보행자,여,81세,중상
2023081700100182,2023년 8월 17일 11시,목요일,충청북도 청주시 상당구 대성동,경상사고,0,0,1,0,차대차 - 기타,안전운전불이행,건조,맑음,교차로 - 교차로부근,승용,여,56세,상해없음,이륜,남,37세,경상
2023081700100218,2023년 8월 17일 12시,목요일,충청북도 청주시 청원구 내수읍,경상사고,0,0,1,0,차대사람 - 기타,안전운전불이행,건조,맑음,단일로 - 기타,승용,여,66세,상해없음,보행자,여,77세,경상
2023081700100219,2023년 8월 17일 12시,목요일,충청북도 충주시 금릉동,경상사고,0,0,2,0,차대차 - 측면충돌,신호위반,건조,흐림,교차로 - 교차로안,승용,여,38세,기타불명,승용,남,66세,경상
2023081700100220,2023년 8월 17일 12시,목요일,충청북도 충주시 금릉동,중상사고,0,1,1,0,차대차 - 기타,신호위반,건조,맑음,교차로 - 교차로안,이륜,남,77세,경상,승용,여,35세,중상
2023081700100388,2023년 8월 17일 17시,목요일,충청북도 청주시 서원구 남이면,경상사고,0,0,1,0,차대차 - 측면충돌,안전운전불이행,건조,맑음,기타 - 기타,승용,남,72세,상해없음,승용,남,47세,상해없음
2023081700100423,2023년 8월 17일 18시,목요일,충청북도 청주시 청원구 율량동,경상사고,0,0,2,0,차대차 - 측면충돌,안전거리미확보,건조,맑음,교차로 - 교차로부근,승용,남,25세,경상,승용,남,51세,경상
2023081700100464,2023년 8월 17일 19시,목요일,충청북도 청주시 청원구 오창읍,중상사고,0,1,0,0,차대차 - 측면충돌,중앙선침범,건조,맑음,교차로 - 교차로부근,승용,남,35세,상해없음,이륜,남,47세,중상
2023081700100465,2023년 8월 17일 19시,목요일,충청북도 충주시 연수동,경상사고,0,0,2,0,차대차 - 측면충돌,중앙선침범,건조,흐림,교차로 - 교차로안,승용,여,61세,경상,승용,남,44세,상해없음
2023081700100502,2023년 8월 17일 20시,목요일,충청북도 청주시 상당구 북문로2가,경상사고,0,0,1,0,차대차 - 추돌,안전운전불이행,건조,맑음,교차로 - 교차로부근,화물,남,61세,상해없음,이륜,남,45세,경상
2023081700100546,2023년 8월 17일 22시,목요일,충청북도 청주시 서원구 모충동,경상사고,0,0,1,0,차대사람 - 기타,안전운전불이행,건조,맑음,기타 - 기타,개인형이동수단(PM),남,34세,상해없음,보행자,여,21세,경상
2023081700100568,2023년 8월 17일 23시,목요일,충청북도 청주시 흥덕구 가경동,중상사고,0,1,0,0,차대차 - 측면충돌,안전운전불이행,건조,맑음,단일로 - 기타,승용,남,38세,상해없음,승용,남,27세,중상
2023081800100009,2023년 8월 18일 01시,금요일,충청북도 청주시 흥덕구 가경동,경상사고,0,0,1,0,차대차 - 추돌,안전운전불이행,건조,맑음,단일로 - 기타,승용,남,54세,경상,승용,여,52세,상해없음
2023081800100040,2023년 8월 18일 06시,금요일,충청북도 충주시 성내동,경상사고,0,0,1,0,차대차 - 측면충돌,신호위반,건조,맑음,단일로 - 기타,화물,남,60세,상해없음,승용,남,38세,경상
2023081800100041,2023년 8월 18일 06시,금요일,충청북도 제천시 백운면,경상사고,0,0,1,0,차량단독 - 공작물충돌,안전운전불이행,건조,맑음,단일로 - 기타,승용,남,18세,경상,,,,
2023081800100042,2023년 8월 18일 06시,금요일,충청북도 음성군 대소면,경상사고,0,0,1,0,차대차 - 측면충돌,교차로운행방법위반,건조,맑음,교차로 - 교차로안,승용,남,39세,상해없음,원동기,남,65세,경상
2023081800100059,2023년 8월 18일 07시,금요일,충청북도 진천군 진천읍,경상사고,0,0,2,0,차량단독 - 공작물충돌,안전운전불이행,건조,맑음,단일로 - 기타,승용,여,64세,경상,,,,
2023081800100092,2023년 8월 18일 08시,금요일,충청북도 청주시 서원구 개신동,경상사고,0,0,2,0,차대차 - 측면충돌,안전운전불이행,건조,맑음,교차로 - 교차로안,승용,여,48세,상해없음,승용,남,73세,경상
2023081800100219,2023년 8월 18일 11시,금요일,충청북도 청주시 흥덕구 석곡동,경상사고,0,0,1,0,차대차 - 측면충돌,교차로운행방법위반,건조,맑음,교차로 - 교차로안,승용,남,47세,상해없음,승용,남,36세,경상
2023081800100220,2023년 8월 18일 11시,금요일,충청북도 청주시 서원구 분평동,중상사고,0,1,0,0,차량단독 - 기타,안전운전불이행,건조,맑음,단일로 - 지하차도(도로)내,승합,남,34세,상해없음,,,,
2023081800100284,2023년 8월 18일 13시,금요일,충청북도 제천시 하소동,중상사고,0,1,0,0,차대사람 - 횡단중,보행자보호의무위반,건조,맑음,교차로 - 교차로횡단보도내,승합,남,63세,상해없음,보행자,여,78세,중상
2023081800100323,2023년 8월 18일 14시,금요일,충청북도 청주시 흥덕구 오송읍,경상사고,0,0,1,0,차대차 - 측면충돌,교차로운행방법위반,건조,맑음,교차로 - 교차로안,승용,남,63세,상해없음,승용,남,53세,경상
2023081800100324,2023년 8월 18일 14시,금요일,충청북도 보은군 수한면,경상사고,0,0,2,0,차대차 - 추돌,안전운전불이행,건조,맑음,기타 - 기타,화물,남,64세,기타불명,화물,남,50세,경상
2023081800100349,2023년 8월 18일 15시,금요일,충청북도 제천시 송학면,중상사고,0,1,0,0,차대차 - 추돌,안전거리미확보,건조,맑음,교차로 - 교차로안,승용,남,85세,상해없음,승용,여,36세,중상
2023081800100350,2023년 8월 18일 15시,금요일,충청북도 증평군 증평읍,중상사고,0,1,0,0,차대차 - 측면충돌,직진우회전진행방해,건조,맑음,교차로 - 교차로안,승용,남,57세,상해없음,이륜,남,81세,중상
2023081800100382,2023년 8월 18일 16시,금요일,충청북도 괴산군 청안면,경상사고,0,0,1,0,차대차 - 측면충돌,안전거리미확보,건조,맑음,교차로 - 교차로안,승용,여,54세,상해없음,화물,남,31세,경상
2023081800100439,2023년 8월 18일 17시,금요일,충청북도 청주시 청원구 우암동,중상사고,0,1,0,0,차대차 - 측면충돌,안전운전불이행,건조,맑음,교차로 - 교차로안,승용,남,53세,상해없음,자전거,여,53세,중상
2023081800100440,2023년 8월 18일 17시,금요일,충청북도 청주시 청원구 율량동,중상사고,0,1,0,0,차대사람 - 횡단중,보행자보호의무위반,건조,맑음,교차로 - 교차로횡단보도내,화물,남,61세,상해없음,보행자,여,38세,중상
2023081800100494,2023년 8월 18일 18시,금요일,충청북도 청주시 청원구 오창읍,중상사고,0,1,0,0,차대차 - 측면충돌,직진우회전진행방해,건조,흐림,교차로 - 교차로안,승용,남,65세,상해없음,이륜,여,67세,중상
2023081800100495,2023년 8월 18일 18시,금요일,충청북도 청주시 흥덕구 가경동,경상사고,0,0,2,0,차대차 - 측면충돌,안전거리미확보,건조,맑음,단일로 - 기타,승용,남,67세,상해없음,화물,남,63세,경상
2023081800100540,2023년 8월 18일 19시,금요일,충청북도 청주시 청원구 사천동,경상사고,0,0,1,0,차대차 - 측면충돌,차로위반,건조,흐림,교차로 - 교차로부근,승용,남,24세,상해없음,승용,여,43세,경상
2023081800100541,2023년 8월 18일 19시,금요일,충청북도 증평군 증평읍,중상사고,0,1,0,0,차대차 - 측면충돌,신호위반,건조,맑음,교차로 - 교차로안,승용,남,70세,상해없음,이륜,남,22세,중상
2023081800100614,2023년 8월 18일 21시,금요일,충청북도 제천시 화산동,경상사고,0,0,1,0,차대차 - 측면충돌,신호위반,건조,맑음,교차로 - 교차로안,승용,남,29세,기타불명,승용,여,66세,경상
2023081800100615,2023년 8월 18일 21시,금요일,충청북도 청주시 서원구 수곡동,경상사고,0,0,1,0,차대차 - 추돌,안전거리미확보,젖음/습기,비,단일로 - 기타,승용,남,67세,상해없음,승용,남,44세,경상
2023081800100641,2023년 8월 18일 22시,금요일,충청북도 청주시 흥덕구 봉명동,부상신고사고,0,0,0,1,차대차 - 측면충돌,안전운전불이행,건조,맑음,단일로 - 기타,승용,남,47세,상해없음,승용,남,25세,부상신고
2023081800100660,2023년 8월 18일 23시,금요일,충청북도 진천군 광혜원면,경상사고,0,0,2,0,차대차 - 측면충돌,중앙선침범,건조,맑음,단일로 - 기타,승용,여,32세,상해없음,승용,남,55세,경상
2023081900100009,2023년 8월 19일 00시,토요일,충청북도 청주시 상당구 가덕면,경상사고,0,0,1,0,차대차 - 추돌,안전운전불이행,건조,맑음,교차로 - 교차로부근,승용,남,36세,상해없음,승용,남,64세,경상
2023081900100056,2023년 8월 19일 05시,토요일,충청북도 청주시 서원구 개신동,중상사고,0,1,0,0,차량단독 - 전도전복 - 전도,안전운전불이행,건조,맑음,교차로 - 교차로안,개인형이동수단(PM),남,22세,중상,,,,
2023081900100066,2023년 8월 19일 06시,토요일,충청북도 증평군 증평읍,중상사고,0,2,1,0,차대차 - 측면충돌,직진우회전진행방해,건조,맑음,교차로 - 교차로안,승용,남,28세,상해없음,화물,남,69세,중상
2023081900100135,2023년 8월 19일 10시,토요일,충청북도 제천시 영천동,경상사고,0,0,2,0,차대차 - 측면충돌,직진우회전진행방해,건조,맑음,교차로 - 교차로안,승용,여,72세,경상,승용,남,58세,경상
2023081900100137,2023년 8월 19일 10시,토요일,충청북도 청주시 흥덕구 비하동,부상신고사고,0,0,0,1,차대사람 - 기타,안전운전불이행,건조,맑음,단일로 - 기타,화물,남,56세,상해없음,보행자,남,32세,부상신고
2023081900100169,2023년 8월 19일 11시,토요일,충청북도 청주시 흥덕구 강서동,경상사고,0,0,1,0,차대차 - 기타,교차로운행방법위반,건조,맑음,교차로 - 교차로안,건설기계,남,65세,상해없음,승용,여,53세,경상
2023081900100210,2023년 8월 19일 12시,토요일,충청북도 제천시 청풍면,중상사고,0,1,2,0,차대차 - 측면충돌,직진우회전진행방해,건조,맑음,교차로 - 교차로안,승용,여,35세,경상,승용,여,30세,중상
2023081900100247,2023년 8월 19일 13시,토요일,충청북도 청주시 흥덕구 복대동,경상사고,0,0,1,0,차대차 - 측면충돌,안전운전불이행,건조,맑음,단일로 - 기타,승용,여,34세,상해없음,개인형이동수단(PM),남,28세,경상
2023081900100278,2023년 8월 19일 14시,토요일,충청북도 영동군 영동읍,중상사고,0,1,0,0,차대차 - 측면충돌,안전운전불이행,건조,맑음,단일로 - 기타,승용,여,64세,상해없음,자전거,남,62세,중상
2023081900100279,2023년 8월 19일 14시,토요일,충청북도 청주시 상당구 북문로1가,경상사고,0,0,1,0,차대사람 - 차도통행중,안전운전불이행,건조,맑음,단일로 - 기타,자전거,남,73세,상해없음,보행자,여,27세,경상
2023081900100310,2023년 8월 19일 15시,토요일,충청북도 제천시 강제동,경상사고,0,0,3,0,차대차 - 측면충돌,중앙선침범,건조,맑음,교차로 - 교차로부근,승용,여,31세,기타불명,승용,남,44세,경상
2023081900100311,2023년 8월 19일 15시,토요일,충청북도 청주시 흥덕구 송정동,경상사고,0,0,1,0,차대차 - 측면충돌,안전운전불이행,건조,맑음,교차로 - 교차로안,화물,남,29세,상해없음,이륜,남,50세,경상
2023081900100312,2023년 8월 19일 15시,토요일,충청북도 청주시 흥덕구 옥산면,부상신고사고,0,0,0,1,차대차 - 측면충돌,기타,건조,맑음,단일로 - 기타,화물,남,69세,부상신고,화물,남,57세,상해없음
2023081900100339,2023년 8월 19일 16시,토요일,충청북도 음성군 대소면,경상사고,0,0,1,0,차대사람 - 횡단중,안전운전불이행,건조,맑음,교차로 - 교차로부근,승용,여,48세,상해없음,보행자,남,48세,경상
2023081900100340,2023년 8월 19일 16시,토요일,충청북도 청주시 상당구 방서동,중상사고,0,1,0,0,차대차 - 측면충돌,안전운전불이행,건조,맑음,교차로 - 교차로안,승용,남,54세,상해없음,원동기,남,31세,중상
2023081900100341,2023년 8월 19일 16시,토요일,충청북도 청주시 서원구 모충동,부상신고사고,0,0,0,2,차대차 - 측면충돌,차로위반,건조,맑음,단일로 - 지하차도(도로)내,승용,여,58세,부상신고,승용,남,77세,부상신고
2023081900100371,2023년 8월 19일 17시,토요일,충청북도 옥천군 동이면,중상사고,0,1,0,0,차대차 - 측면충돌,안전운전불이행,건조,맑음,단일로 - 기타,화물,남,56세,상해없음,이륜,남,66세,중상
2023081900100411,2023년 8월 19일 18시,토요일,충청북도 청주시 청원구 오창읍,중상사고,0,1,0,0,차대차 - 측면충돌,안전거리미확보,건조,맑음,단일로 - 기타,화물,남,52세,중상,건설기계,남,61세,상해없음
2023081900100412,2023년 8월 19일 18시,토요일,충청북도 제천시 남천동,경상사고,0,0,1,0,차대차 - 측면충돌,중앙선침범,건조,맑음,교차로 - 교차로안,자전거,남,12세,경상,승용,여,63세,상해없음
2023081900100413,2023년 8월 19일 18시,토요일,충청북도 청주시 흥덕구 강서동,경상사고,0,0,1,0,차대사람 - 차도통행중,신호위반,건조,맑음,단일로 - 기타,승용,남,21세,상해없음,보행자,여,66세,경상
2023081900100432,2023년 8월 19일 19시,토요일,충청북도 청주시 청원구 율량동,경상사고,0,0,4,0,차대차 - 측면충돌,신호위반,건조,맑음,교차로 - 교차로안,승용,남,52세,상해없음,승용,남,43세,경상
2023081900100485,2023년 8월 19일 21시,토요일,충청북도 충주시 교현동,경상사고,0,0,1,0,차대차 - 추돌,안전거리미확보,건조,맑음,교차로 - 교차로부근,이륜,남,18세,상해없음,승용,남,29세,경상
2023081900100486,2023년 8월 19일 21시,토요일,충청북도 청주시 상당구 용담동,경상사고,0,0,2,0,차대차 - 후진중충돌,안전운전불이행,건조,맑음,교차로 - 교차로부근,승용,남,71세,상해없음,이륜,남,17세,경상
2023081900100509,2023년 8월 19일 22시,토요일,충청북도 제천시 금성면,중상사고,0,1,0,0,차대차 - 측면충돌,안전운전불이행,건조,맑음,단일로 - 기타,승용,남,62세,상해없음,승용,여,28세,중상
2023082000100055,2023년 8월 20일 07시,일요일,충청북도 옥천군 이원면,중상사고,0,1,0,0,차대차 - 추돌,안전운전불이행,건조,맑음,교차로 - 교차로부근,이륜,남,19세,중상,승용,여,56세,기타불명
2023082000100064,2023년 8월 20일 08시,일요일,충청북도 충주시 목행동,중상사고,0,1,0,0,차대차 - 기타,안전운전불이행,건조,맑음,단일로 - 기타,승용,남,21세,상해없음,승용,여,44세,중상
2023082000100136,2023년 8월 20일 12시,일요일,충청북도 괴산군 감물면,경상사고,0,0,2,0,차대차 - 정면충돌,중앙선침범,건조,맑음,단일로 - 기타,승용,여,64세,상해없음,화물,남,55세,경상
2023082000100167,2023년 8월 20일 13시,일요일,충청북도 충주시 충인동,중상사고,0,1,0,0,차대차 - 측면충돌,안전운전불이행,건조,맑음,교차로 - 교차로안,자전거,여,76세,중상,승용,남,83세,상해없음
2023082000100168,2023년 8월 20일 13시,일요일,충청북도 진천군 백곡면,경상사고,0,0,1,0,차대차 - 측면충돌,중앙선침범,건조,맑음,단일로 - 기타,이륜,남,39세,상해없음,승용,남,64세,경상
2023082000100197,2023년 8월 20일 14시,일요일,충청북도 청주시 청원구 오창읍,중상사고,0,1,0,0,차대차 - 추돌,신호위반,건조,맑음,교차로 - 교차로횡단보도내,승용,남,46세,상해없음,자전거,남,11세,중상
2023082000100198,2023년 8월 20일 14시,일요일,충청북도 청주시 청원구 사천동,경상사고,0,0,2,0,차대차 - 측면충돌,중앙선침범,건조,맑음,단일로 - 기타,승용,남,31세,상해없음,승용,남,65세,경상
2023082000100199,2023년 8월 20일 14시,일요일,충청북도 제천시 명지동,중상사고,0,1,1,0,차대차 - 기타,안전운전불이행,건조,맑음,단일로 - 기타,특수,남,71세,중상,승용,남,71세,경상
2023082000100200,2023년 8월 20일 14시,일요일,충청북도 음성군 생극면,경상사고,0,0,1,0,차대차 - 기타,안전거리미확보,건조,맑음,교차로 - 교차로안,특수,남,45세,상해없음,자전거,남,25세,경상
2023082000100235,2023년 8월 20일 15시,일요일,충청북도 청주시 청원구 율량동,경상사고,0,0,1,0,차대차 - 기타,신호위반,건조,맑음,단일로 - 기타,이륜,남,17세,경상,이륜,남,42세,상해없음
2023082000100236,2023년 8월 20일 15시,일요일,충청북도 충주시 단월동,경상사고,0,0,1,0,차대차 - 기타,신호위반,건조,맑음,교차로 - 교차로안,화물,남,68세,상해없음,승용,남,67세,상해없음
2023082000100237,2023년 8월 20일 15시,일요일,충청북도 괴산군 괴산읍,중상사고,0,1,0,0,차대차 - 정면충돌,직진우회전진행방해,건조,맑음,교차로 - 교차로안,승용,남,43세,상해없음,이륜,남,63세,중상
2023082000100238,2023년 8월 20일 15시,일요일,충청북도 청주시 서원구 분평동,경상사고,0,0,1,0,차대차 - 측면충돌,안전운전불이행,건조,맑음,교차로 - 교차로부근,승용,남,30세,상해없음,승용,여,37세,경상
2023082000100294,2023년 8월 20일 17시,일요일,충청북도 청주시 서원구 모충동,경상사고,0,0,1,0,차대차 - 측면충돌,직진우회전진행방해,건조,맑음,교차로 - 교차로안,승용,남,23세,상해없음,자전거,남,10세,경상
2023082000100295,2023년 8월 20일 17시,일요일,충청북도 청주시 상당구 문의면,중상사고,0,1,2,0,차대차 - 기타,안전운전불이행,건조,맑음,단일로 - 기타,승용,남,55세,상해없음,승용,여,48세,중상
2023082000100317,2023년 8월 20일 18시,일요일,충청북도 청주시 청원구 율량동,중상사고,0,1,0,0,차대차 - 추돌,안전거리미확보,건조,맑음,단일로 - 기타,이륜,남,45세,상해없음,이륜,남,60세,중상
2023082000100318,2023년 8월 20일 18시,일요일,충청북도 진천군 덕산읍,경상사고,0,0,1,0,차량단독 - 공작물충돌,안전운전불이행,건조,맑음,단일로 - 기타,승용,여,27세,경상,,,,
2023082000100319,2023년 8월 20일 18시,일요일,충청북도 청주시 서원구 분평동,경상사고,0,0,1,0,차대사람 - 길가장자리구역통행중,안전운전불이행,건조,맑음,단일로 - 지하차도(도로)내,승용,여,30세,상해없음,보행자,남,63세,경상
2023082000100369,2023년 8월 20일 20시,일요일,충청북도 제천시 신백동,경상사고,0,0,5,0,차대차 - 측면충돌,중앙선침범,젖음/습기,흐림,단일로 - 기타,승용,여,61세,상해없음,승용,남,45세,경상
2023082000100370,2023년 8월 20일 20시,일요일,충청북도 청주시 흥덕구 신봉동,경상사고,0,0,1,0,차대차 - 기타,기타,건조,맑음,교차로 - 교차로부근,화물,남,60세,상해없음,승용,남,23세,경상
2023082000100413,2023년 8월 20일 22시,일요일,충청북도 증평군 증평읍,부상신고사고,0,0,0,2,차대사람 - 횡단중,안전운전불이행,건조,맑음,교차로 - 교차로횡단보도내,승용,남,55세,상해없음,보행자,여,41세,부상신고
2023082100100003,2023년 8월 21일 00시,월요일,충청북도 청주시 흥덕구 신촌동,부상신고사고,0,0,0,1,차대차 - 측면충돌,안전운전불이행,건조,맑음,교차로 - 교차로부근,승용,남,48세,상해없음,승용,남,53세,부상신고
2023082100100028,2023년 8월 21일 05시,월요일,충청북도 청주시 흥덕구 석곡동,경상사고,0,0,1,0,차대차 - 추돌,안전운전불이행,건조,맑음,단일로 - 기타,승용,남,29세,상해없음,건설기계,남,37세,경상
2023082100100066,2023년 8월 21일 07시,월요일,충청북도 청주시 청원구 주성동,경상사고,0,0,1,0,차대차 - 추돌,안전운전불이행,건조,맑음,교차로 - 교차로부근,승용,남,55세,상해없음,승용,남,38세,경상