사고번호,사고일시,요일,시군구,사고내용,사망자수,중상자수,경상자수,부상신고자수,사고유형,법규위반,노면상태,기상상태,도로형태,가해운전자 차종,가해운전자 성별,가해운전자 연령,가해운전자 상해정도,피해운전자 차종,피해운전자 성별,피해운전자 연령,피해운전자 상해정도
2023082100100099,2023년 8월 21일 08시,월요일,충청북도 청주시 서원구 수곡동,경상사고,0,0,1,0,차대차 - 기타,안전운전불이행,건조,맑음,단일로 - 기타,화물,남,69세,상해없음,자전거,여,76세,경상
2023082100100144,2023년 8월 21일 09시,월요일,충청북도 음성군 금왕읍,경상사고,0,0,1,0,차대차 - 추돌,안전운전불이행,건조,맑음,교차로 - 교차로부근,승용,남,35세,상해없음,승용,여,64세,경상
2023082100100145,2023년 8월 21일 09시,월요일,충청북도 옥천군 이원면,중상사고,0,1,0,1,차량단독 - 공작물충돌,안전운전불이행,건조,맑음,단일로 - 기타,화물,남,73세,부상신고,,,,
2023082100100146,2023년 8월 21일 09시,월요일,충청북도 충주시 중앙탑면,경상사고,0,0,1,0,차대차 - 추돌,안전운전불이행,건조,맑음,단일로 - 기타,건설기계,남,60세,상해없음,화물,남,63세,경상
2023082100100186,2023년 8월 21일 10시,월요일,충청북도 충주시 성내동,중상사고,0,1,0,0,차대사람 - 길가장자리구역통행중,안전운전불이행,건조,맑음,교차로 - 교차로부근,승용,여,60세,상해없음,보행자,여,55세,중상
2023082100100187,2023년 8월 21일 10시,월요일,충청북도 괴산군 괴산읍,중상사고,0,1,0,0,차대차 - 측면충돌,안전거리미확보,건조,맑음,단일로 - 기타,사륜오토바이(ATV),남,75세,중상,승용,여,31세,상해없음
2023082100100188,2023년 8월 21일 10시,월요일,충청북도 증평군 도안면,중상사고,0,1,0,0,차대차 - 정면충돌,직진우회전진행방해,건조,맑음,교차로 - 교차로안,승용,남,66세,상해없음,이륜,남,79세,중상
2023082100100189,2023년 8월 21일 10시,월요일,충청북도 청주시 흥덕구 가경동,경상사고,0,0,2,0,차대차 - 측면충돌,안전운전불이행,건조,맑음,교차로 - 교차로부근,화물,남,77세,상해없음,승용,남,42세,경상
2023082100100221,2023년 8월 21일 11시,월요일,충청북도 청주시 흥덕구 송절동,경상사고,0,0,1,0,차대차 - 정면충돌,신호위반,건조,맑음,교차로 - 교차로안,승용,남,42세,상해없음,승용,남,59세,경상
2023082100100263,2023년 8월 21일 12시,월요일,충청북도 청주시 흥덕구 봉명동,경상사고,0,0,1,0,차대차 - 기타,안전운전불이행,건조,맑음,교차로 - 교차로안,승용,여,49세,기타불명,승용,남,39세,경상
2023082100100297,2023년 8월 21일 13시,월요일,충청북도 청주시 서원구 산남동,중상사고,0,1,0,0,차대차 - 정면충돌,신호위반,건조,맑음,교차로 - 교차로안,승용,여,39세,상해없음,이륜,남,44세,중상
2023082100100298,2023년 8월 21일 13시,월요일,충청북도 청주시 서원구 미평동,경상사고,0,0,1,0,차대차 - 측면충돌,안전거리미확보,건조,맑음,교차로 - 교차로부근,화물,남,58세,상해없음,승용,남,41세,경상
2023082100100334,2023년 8월 21일 14시,월요일,충청북도 증평군 증평읍,경상사고,0,0,1,0,차대차 - 추돌,안전운전불이행,건조,맑음,단일로 - 기타,이륜,남,22세,경상,승용,남,42세,상해없음
2023082100100335,2023년 8월 21일 14시,월요일,충청북도 진천군 광혜원면,경상사고,0,0,1,0,차대차 - 기타,안전거리미확보,젖음/습기,비,단일로 - 기타,화물,남,66세,상해없음,화물,남,23세,경상
2023082100100403,2023년 8월 21일 16시,월요일,충청북도 제천시 백운면,중상사고,0,1,1,0,차대차 - 측면충돌,안전운전불이행,건조,맑음,기타 - 기타,승합,남,61세,경상,승용,남,25세,중상
2023082100100404,2023년 8월 21일 16시,월요일,충청북도 옥천군 군서면,경상사고,0,0,1,0,차량단독 - 도로외이탈 - 추락,안전운전불이행,건조,맑음,단일로 - 기타,사륜오토바이(ATV),남,73세,경상,,,,
2023082100100447,2023년 8월 21일 17시,월요일,충청북도 청주시 상당구 문의면,부상신고사고,0,0,0,1,차대차 - 추돌,안전거리미확보,건조,맑음,교차로 - 교차로부근,화물,남,31세,상해없음,승용,여,69세,부상신고
2023082100100496,2023년 8월 21일 18시,월요일,충청북도 충주시 교현동,경상사고,0,0,1,0,차대차 - 측면충돌,안전운전불이행,건조,맑음,교차로 - 교차로부근,승용,남,74세,상해없음,승용,남,40세,경상
2023082100100497,2023년 8월 21일 18시,월요일,충청북도 충주시 용산동,경상사고,0,0,1,0,차대차 - 기타,중앙선침범,건조,맑음,단일로 - 기타,승용,여,55세,상해없음,이륜,남,49세,경상
2023082100100498,2023년 8월 21일 18시,월요일,충청북도 충주시 금릉동,경상사고,0,0,1,0,차대차 - 측면충돌,교차로운행방법위반,건조,맑음,교차로 - 교차로부근,승용,남,57세,상해없음,승용,남,42세,경상
2023082100100499,2023년 8월 21일 18시,월요일,충청북도 제천시 명동,경상사고,0,0,1,0,차대차 - 후진중충돌,불법유턴,건조,맑음,단일로 - 기타,승용,남,41세,상해없음,승용,남,44세,경상
2023082100100500,2023년 8월 21일 18시,월요일,충청북도 진천군 광혜원면,경상사고,0,0,2,0,차대차 - 측면충돌,안전운전불이행,건조,맑음,교차로 - 교차로안,승용,남,51세,상해없음,승용,남,58세,경상
2023082100100571,2023년 8월 21일 20시,월요일,충청북도 충주시 교현동,경상사고,0,0,1,0,차대차 - 측면충돌,안전운전불이행,건조,맑음,단일로 - 기타,자전거,남,40세,경상,승용,남,53세,상해없음
2023082100100609,2023년 8월 21일 22시,월요일,충청북도 청주시 청원구 내덕동,경상사고,0,0,1,0,차대차 - 측면충돌,신호위반,건조,맑음,교차로 - 교차로안,승용,남,31세,상해없음,승용,남,50세,경상
2023082100100610,2023년 8월 21일 22시,월요일,충청북도 청주시 청원구 율량동,경상사고,0,0,3,0,차대차 - 측면충돌,신호위반,건조,맑음,교차로 - 교차로부근,승용,남,32세,경상,승용,여,42세,경상
2023082200100006,2023년 8월 22일 00시,화요일,충청북도 괴산군 장연면,중상사고,0,1,0,0,차대차 - 추돌,안전운전불이행,건조,맑음,단일로 - 기타,화물,남,58세,중상,특수,남,53세,기타불명
2023082200100018,2023년 8월 22일 01시,화요일,충청북도 청주시 흥덕구 복대동,중상사고,0,1,1,0,차대차 - 측면충돌,차로위반,건조,맑음,교차로 - 교차로부근,승용,남,40세,상해없음,이륜,남,18세,경상
2023082200100061,2023년 8월 22일 07시,화요일,충청북도 청주시 흥덕구 송정동,경상사고,0,0,1,0,차대차 - 측면충돌,중앙선침범,건조,맑음,교차로 - 교차로부근,승용,남,65세,상해없음,승용,남,44세,경상
2023082200100101,2023년 8월 22일 08시,화요일,충청북도 청주시 청원구 주중동,경상사고,0,0,1,0,차대차 - 추돌,안전운전불이행,건조,맑음,교차로 - 교차로부근,승용,남,67세,상해없음,승용,여,45세,경상
2023082200100102,2023년 8월 22일 08시,화요일,충청북도 진천군 진천읍,경상사고,0,0,1,0,차대차 - 추돌,안전운전불이행,건조,맑음,교차로 - 교차로부근,승용,남,42세,상해없음,승용,여,21세,경상
2023082200100103,2023년 8월 22일 08시,화요일,충청북도 청주시 상당구 영운동,부상신고사고,0,0,0,1,차대차 - 측면충돌,안전운전불이행,건조,맑음,단일로 - 지하차도(도로)내,자전거,남,13세,부상신고,승용,남,63세,상해없음
2023082200100145,2023년 8월 22일 09시,화요일,충청북도 보은군 보은읍,중상사고,0,1,0,0,차대차 - 추돌,안전운전불이행,건조,맑음,단일로 - 기타,승용,여,34세,상해없음,이륜,남,86세,중상
2023082200100146,2023년 8월 22일 09시,화요일,충청북도 청주시 흥덕구 봉명동,부상신고사고,0,0,0,1,차대차 - 기타,기타,건조,맑음,교차로 - 교차로부근,승용,남,57세,상해없음,자전거,남,14세,부상신고
2023082200100170,2023년 8월 22일 10시,화요일,충청북도 청주시 청원구 율량동,경상사고,0,0,1,0,차대차 - 기타,안전운전불이행,건조,맑음,기타 - 기타,승용,남,30세,상해없음,화물,남,27세,경상
2023082200100171,2023년 8월 22일 10시,화요일,충청북도 음성군 삼성면,경상사고,0,0,1,0,차대차 - 측면충돌,중앙선침범,건조,맑음,단일로 - 기타,건설기계,남,50세,상해없음,농기계,남,62세,경상
2023082200100268,2023년 8월 22일 13시,화요일,충청북도 청주시 청원구 오창읍,중상사고,0,1,1,0,차대차 - 기타,신호위반,건조,맑음,교차로 - 교차로횡단보도내,승용,여,48세,상해없음,자전거,여,37세,중상
2023082200100269,2023년 8월 22일 13시,화요일,충청북도 청주시 흥덕구 복대동,경상사고,0,0,1,0,차대차 - 기타,안전운전불이행,건조,맑음,기타 - 기타,승용,남,57세,상해없음,승용,남,65세,경상
2023082200100270,2023년 8월 22일 13시,화요일,충청북도 청주시 상당구 용암동,경상사고,0,0,1,0,차량단독 - 기타,안전운전불이행,건조,맑음,기타 - 기타,승합,남,60세,상해없음,,,,
2023082200100337,2023년 8월 22일 15시,화요일,충청북도 청주시 상당구 금천동,경상사고,0,0,1,0,차대차 - 측면충돌,보행자보호의무위반,건조,맑음,교차로 - 교차로횡단보도내,승용,여,45세,상해없음,자전거,남,10세,경상
2023082200100388,2023년 8월 22일 16시,화요일,충청북도 제천시 장락동,경상사고,0,0,1,1,차대차 - 추돌,안전운전불이행,건조,맑음,교차로 - 교차로부근,승용,남,69세,부상신고,승용,여,55세,경상
2023082200100389,2023년 8월 22일 16시,화요일,충청북도 진천군 진천읍,경상사고,0,0,1,0,차대차 - 측면충돌,안전운전불이행,건조,흐림,교차로 - 교차로안,화물,남,57세,기타불명,화물,남,44세,경상
2023082200100390,2023년 8월 22일 16시,화요일,충청북도 청주시 서원구 모충동,경상사고,0,0,1,0,차대차 - 후진중충돌,안전운전불이행,건조,맑음,기타 - 기타,승용,남,71세,상해없음,승용,여,55세,경상
2023082200100432,2023년 8월 22일 17시,화요일,충청북도 청주시 흥덕구 가경동,경상사고,0,0,1,0,차대차 - 추돌,안전운전불이행,건조,맑음,단일로 - 기타,승용,남,55세,상해없음,승용,여,50세,경상
2023082200100522,2023년 8월 22일 19시,화요일,충청북도 제천시 중앙로2가,부상신고사고,0,0,0,1,차대사람 - 횡단중,안전운전불이행,건조,맑음,교차로 - 교차로안,승용,남,65세,상해없음,보행자,남,52세,부상신고
2023082200100564,2023년 8월 22일 20시,화요일,충청북도 청주시 흥덕구 옥산면,중상사고,0,1,0,0,차대차 - 측면충돌,신호위반,젖음/습기,비,교차로 - 교차로안,승용,여,28세,상해없음,승용,남,33세,중상
2023082200100614,2023년 8월 22일 22시,화요일,충청북도 음성군 대소면,경상사고,0,0,1,0,차대차 - 추돌,안전운전불이행,건조,맑음,단일로 - 기타,승용,남,25세,상해없음,승용,남,37세,경상
2023082300100006,2023년 8월 23일 00시,수요일,충청북도 청주시 흥덕구 봉명동,경상사고,0,0,2,0,차대차 - 측면충돌,직진우회전진행방해,건조,맑음,교차로 - 교차로안,승용,남,23세,기타불명,승용,남,64세,경상
2023082300100125,2023년 8월 23일 09시,수요일,충청북도 제천시 덕산면,경상사고,0,0,1,0,차량단독 - 전도전복 - 전도,안전운전불이행,건조,맑음,교차로 - 교차로부근,원동기,여,57세,상해없음,,,,
2023082300100151,2023년 8월 23일 10시,수요일,충청북도 청주시 흥덕구 가경동,경상사고,0,0,1,0,차대차 - 측면충돌,중앙선침범,건조,맑음,교차로 - 교차로부근,승용,여,68세,상해없음,이륜,남,16세,경상
2023082300100152,2023년 8월 23일 10시,수요일,충청북도 청주시 상당구 용정동,경상사고,0,0,1,0,차대차 - 측면충돌,교차로운행방법위반,건조,맑음,교차로 - 교차로안,원동기,남,79세,경상,승용,남,62세,상해없음
2023082300100180,2023년 8월 23일 11시,수요일,충청북도 충주시 교현동,경상사고,0,0,1,0,차대차 - 추돌,안전운전불이행,건조,맑음,단일로 - 기타,승용,남,73세,상해없음,승용,남,60세,경상
2023082300100181,2023년 8월 23일 11시,수요일,충청북도 청주시 상당구 용암동,경상사고,0,0,1,0,차대차 - 측면충돌,안전운전불이행,건조,맑음,단일로 - 지하차도(도로)내,이륜,남,59세,경상,승용,여,43세,상해없음
2023082300100219,2023년 8월 23일 12시,수요일,충청북도 청주시 청원구 오창읍,경상사고,0,0,4,0,차대차 - 측면충돌,안전운전불이행,젖음/습기,비,교차로 - 교차로안,승용,여,66세,상해없음,승용,남,26세,경상
2023082300100246,2023년 8월 23일 13시,수요일,충청북도 청주시 흥덕구 강서동,경상사고,0,0,1,0,차대사람 - 차도통행중,안전운전불이행,건조,맑음,단일로 - 기타,승용,남,57세,상해없음,보행자,남,66세,경상
2023082300100247,2023년 8월 23일 13시,수요일,충청북도 청주시 상당구 용담동,경상사고,0,0,1,0,차대차 - 측면충돌,안전운전불이행,건조,맑음,단일로 - 기타,승용,남,23세,상해없음,승용,여,62세,경상
2023082300100278,2023년 8월 23일 14시,수요일,충청북도 청주시 청원구 주중동,경상사고,0,0,1,0,차대차 - 정면충돌,신호위반,젖음/습기,맑음,교차로 - 교차로안,승용,남,75세,상해없음,승용,남,48세,경상
2023082300100279,2023년 8월 23일 14시,수요일,충청북도 청주시 서원구 사직동,경상사고,0,0,1,0,차대차 - 측면충돌,안전거리미확보,젖음/습기,흐림,교차로 - 교차로안,화물,남,62세,상해없음,이륜,남,30세,경상
2023082300100280,2023년 8월 23일 14시,수요일,충청북도 청주시 흥덕구 복대동,중상사고,0,1,0,0,차대사람 - 횡단중,안전운전불이행,젖음/습기,비,교차로 - 교차로부근,이륜,남,36세,상해없음,보행자,여,75세,중상
2023082300100339,2023년 8월 23일 16시,수요일,충청북도 청주시 흥덕구 가경동,경상사고,0,0,1,0,차대차 - 측면충돌,안전운전불이행,건조,맑음,교차로 - 교차로부근,승용,남,61세,기타불명,승용,남,44세,경상
2023082300100340,2023년 8월 23일 16시,수요일,충청북도 청주시 상당구 남일면,경상사고,0,0,2,0,차대차 - 측면충돌,직진우회전진행방해,젖음/습기,비,교차로 - 교차로안,화물,남,46세,상해없음,승용,여,39세,경상
2023082300100372,2023년 8월 23일 17시,수요일,충청북도 청주시 청원구 사천동,경상사고,0,0,1,0,차대차 - 측면충돌,교차로운행방법위반,젖음/습기,비,교차로 - 교차로안,승용,여,23세,상해없음,이륜,남,52세,경상
2023082300100373,2023년 8월 23일 17시,수요일,충청북도 청주시 상당구 용암동,경상사고,0,0,3,0,차대차 - 측면충돌,신호위반,젖음/습기,비,교차로 - 교차로안,승용,여,57세,상해없음,승용,여,35세,경상
2023082300100402,2023년 8월 23일 18시,수요일,충청북도 청주시 상당구 수동,경상사고,0,0,1,0,차대차 - 기타,안전운전불이행,젖음/습기,비,교차로 - 교차로안,승용,남,64세,상해없음,승용,여,46세,경상
2023082300100403,2023년 8월 23일 18시,수요일,충청북도 음성군 음성읍,경상사고,0,0,1,0,차대차 - 측면충돌,안전운전불이행,젖음/습기,비,교차로 - 교차로안,자전거,남,78세,경상,승용,남,55세,상해없음
2023082300100452,2023년 8월 23일 19시,수요일,충청북도 충주시 중앙탑면,경상사고,0,0,2,0,차대차 - 기타,신호위반,젖음/습기,비,교차로 - 교차로안,승용,여,65세,상해없음,승용,남,35세,경상
2023082300100453,2023년 8월 23일 19시,수요일,충청북도 제천시 모산동,경상사고,0,0,1,0,차대차 - 측면충돌,교차로운행방법위반,젖음/습기,비,교차로 - 교차로부근,승용,남,50세,상해없음,승용,남,30세,경상
2023082300100454,2023년 8월 23일 19시,수요일,충청북도 진천군 광혜원면,경상사고,0,0,1,0,차대사람 - 횡단중,안전운전불이행,젖음/습기,비,단일로 - 기타,원동기,남,22세,상해없음,보행자,여,52세,경상
2023082300100455,2023년 8월 23일 19시,수요일,충청북도 청주시 흥덕구 봉명동,경상사고,0,0,1,0,차대차 - 기타,안전운전불이행,젖음/습기,비,단일로 - 기타,승용,남,32세,상해없음,원동기,남,31세,경상
2023082300100516,2023년 8월 23일 21시,수요일,충청북도 청주시 청원구 오창읍,중상사고,0,1,0,0,차대차 - 기타,안전거리미확보,젖음/습기,비,교차로 - 교차로부근,승용,남,24세,상해없음,승합,남,62세,상해없음
2023082400100016,2023년 8월 24일 01시,목요일,충청북도 청주시 흥덕구 봉명동,경상사고,0,0,2,0,차대차 - 측면충돌,중앙선침범,젖음/습기,비,단일로 - 기타,승용,남,24세,기타불명,승용,남,26세,경상
2023082400100023,2023년 8월 24일 02시,목요일,충청북도 청주시 상당구 운동동,경상사고,0,0,1,0,차대차 - 기타,안전운전불이행,건조,맑음,단일로 - 기타,승용,남,58세,상해없음,승용,남,55세,경상
2023082400100058,2023년 8월 24일 06시,목요일,충청북도 청주시 서원구 현도면,중상사고,0,1,1,0,차대차 - 측면충돌,중앙선침범,건조,맑음,교차로 - 교차로안,화물,남,60세,경상,승용,남,64세,중상
2023082400100110,2023년 8월 24일 08시,목요일,충청북도 음성군 대소면,경상사고,0,0,2,0,차대차 - 측면충돌,교차로운행방법위반,젖음/습기,비,교차로 - 교차로안,화물,남,40세,경상,화물,남,49세,경상
2023082400100111,2023년 8월 24일 08시,목요일,충청북도 옥천군 옥천읍,경상사고,0,0,3,0,차대차 - 측면충돌,안전운전불이행,건조,맑음,교차로 - 교차로부근,승용,남,67세,상해없음,승용,여,43세,경상
2023082400100112,2023년 8월 24일 08시,목요일,충청북도 청주시 흥덕구 강내면,경상사고,0,0,2,0,차대차 - 추돌,안전운전불이행,젖음/습기,비,단일로 - 기타,승용,여,49세,상해없음,승용,남,41세,경상
2023082400100196,2023년 8월 24일 11시,목요일,충청북도 청주시 상당구 남문로2가,중상사고,0,1,0,0,차대차 - 측면충돌,안전운전불이행,건조,맑음,교차로 - 교차로안,화물,남,40세,상해없음,이륜,남,56세,중상
2023082400100231,2023년 8월 24일 12시,목요일,충청북도 청주시 청원구 우암동,경상사고,0,0,1,0,차대차 - 측면충돌,교차로운행방법위반,건조,맑음,교차로 - 교차로안,승용,남,25세,상해없음,이륜,남,69세,경상
2023082400100232,2023년 8월 24일 12시,목요일,충청북도 진천군 광혜원면,경상사고,0,0,1,0,차대차 - 측면충돌,안전운전불이행,건조,맑음,교차로 - 교차로안,승용,남,40세,상해없음,승용,남,61세,경상
2023082400100257,2023년 8월 24일 13시,목요일,충청북도 청주시 흥덕구 서촌동,경상사고,0,0,3,0,차대차 - 측면충돌,안전운전불이행,건조,맑음,단일로 - 기타,화물,남,57세,상해없음,승용,여,48세,경상
2023082400100403,2023년 8월 24일 17시,목요일,충청북도 청주시 흥덕구 비하동,중상사고,0,1,1,0,차대차 - 정면충돌,직진우회전진행방해,건조,맑음,교차로 - 교차로안,승용,남,36세,경상,이륜,남,43세,중상
2023082400100404,2023년 8월 24일 17시,목요일,충청북도 청주시 흥덕구 옥산면,경상사고,0,0,1,0,차대차 - 측면충돌,기타,건조,맑음,단일로 - 기타,승용,남,62세,상해없음,승용,여,25세,경상
2023082400100575,2023년 8월 24일 22시,목요일,충청북도 청주시 흥덕구 복대동,경상사고,0,0,2,0,차대차 - 추돌,안전운전불이행,건조,맑음,단일로 - 기타,승용,남,38세,상해없음,승용,여,51세,경상
2023082500100010,2023년 8월 25일 00시,금요일,충청북도 충주시 호암동,중상사고,0,1,0,0,차대차 - 측면충돌,신호위반,젖음/습기,비,교차로 - 교차로안,화물,남,63세,상해없음,승용,여,48세,중상
2023082500100042,2023년 8월 25일 05시,금요일,충청북도 청주시 흥덕구 봉명동,경상사고,0,0,2,0,차대차 - 측면충돌,안전운전불이행,건조,맑음,교차로 - 교차로부근,승용,남,26세,경상,화물,남,29세,경상
2023082500100082,2023년 8월 25일 07시,금요일,충청북도 청주시 청원구 오창읍,경상사고,0,0,1,0,차대차 - 기타,교차로운행방법위반,건조,맑음,교차로 - 교차로부근,승용,남,32세,상해없음,승용,남,53세,경상
2023082500100121,2023년 8월 25일 08시,금요일,충청북도 충주시 동량면,중상사고,0,1,0,0,차대사람 - 기타,안전운전불이행,건조,맑음,단일로 - 기타,승용,여,70세,상해없음,보행자,여,84세,중상
2023082500100155,2023년 8월 25일 09시,금요일,충청북도 충주시 대소원면,경상사고,0,0,1,0,차대차 - 후진중충돌,안전운전불이행,건조,맑음,단일로 - 기타,화물,남,74세,상해없음,승용,남,31세,경상
2023082500100156,2023년 8월 25일 09시,금요일,충청북도 청주시 흥덕구 정봉동,경상사고,0,0,1,0,차대차 - 측면충돌,안전운전불이행,건조,맑음,주차장 - 주차장,승용,여,44세,상해없음,승용,남,33세,경상
2023082500100199,2023년 8월 25일 10시,금요일,충청북도 음성군 맹동면,경상사고,0,0,2,0,차대차 - 기타,교차로운행방법위반,건조,맑음,교차로 - 교차로안,승용,남,30세,경상,승용,여,31세,경상
2023082500100200,2023년 8월 25일 10시,금요일,충청북도 청주시 상당구 용암동,경상사고,0,0,1,0,차대차 - 기타,중앙선침범,건조,맑음,교차로 - 교차로부근,승용,여,41세,상해없음,이륜,남,45세,경상
2023082500100237,2023년 8월 25일 11시,금요일,충청북도 진천군 진천읍,경상사고,0,0,2,0,차대차 - 측면충돌,교차로운행방법위반,건조,맑음,교차로 - 교차로안,승용,여,48세,상해없음,사륜오토바이(ATV),남,82세,경상
2023082500100238,2023년 8월 25일 11시,금요일,충청북도 진천군 덕산읍,경상사고,0,0,4,0,차대차 - 기타,안전거리미확보,건조,맑음,단일로 - 기타,승용,여,34세,상해없음,승용,여,51세,경상
2023082500100304,2023년 8월 25일 13시,금요일,충청북도 청주시 청원구 오창읍,중상사고,0,1,0,0,차대차 - 측면충돌,신호위반,건조,맑음,교차로 - 교차로안,승용,남,24세,기타불명,승용,남,60세,중상
2023082500100404,2023년 8월 25일 15시,금요일,충청북도 진천군 진천읍,중상사고,0,1,0,0,차대차 - 측면충돌,안전운전불이행,건조,맑음,단일로 - 기타,승용,남,26세,상해없음,승용,여,52세,중상
2023082500100405,2023년 8월 25일 15시,금요일,충청북도 청주시 흥덕구 가경동,중상사고,0,1,1,0,차대차 - 정면충돌,교차로운행방법위반,건조,맑음,교차로 - 교차로안,승용,남,65세,상해없음,승용,여,45세,중상
2023082500100602,2023년 8월 25일 18시,금요일,충청북도 청주시 상당구 석교동,경상사고,0,0,1,0,차대차 - 기타,안전운전불이행,건조,맑음,교차로 - 교차로부근,승용,여,76세,상해없음,승합,남,44세,경상
2023082500100649,2023년 8월 25일 19시,금요일,충청북도 청주시 흥덕구 신봉동,경상사고,0,0,2,0,차대차 - 측면충돌,교차로운행방법위반,건조,맑음,교차로 - 교차로안,승용,남,61세,경상,이륜,남,27세,경상
2023082500100748,2023년 8월 25일 22시,금요일,충청북도 청주시 흥덕구 송절동,경상사고,0,0,3,0,차대차 - 기타,안전거리미확보,건조,맑음,단일로 - 교량,승용,남,57세,상해없음,승용,남,25세,경상
2023082600100025,2023년 8월 26일 01시,토요일,충청북도 충주시 수안보면,중상사고,0,1,0,0,차량단독 - 기타,안전운전불이행,건조,맑음,단일로 - 기타,이륜,남,27세,중상,,,,
2023082600100080,2023년 8월 26일 07시,토요일,충청북도 청주시 서원구 모충동,경상사고,0,0,1,0,차대사람 - 길가장자리구역통행중,안전운전불이행,건조,맑음,단일로 - 기타,승용,남,89세,상해없음,보행자,남,62세,경상
2023082600100130,2023년 8월 26일 09시,토요일,충청북도 청주시 상당구 용정동,경상사고,0,0,2,0,차대차 - 정면충돌,중앙선침범,건조,맑음,교차로 - 교차로부근,승용,여,52세,경상,승용,여,24세,경상
2023082600100131,2023년 8월 26일 09시,토요일,충청북도 충주시 중앙탑면,경상사고,0,0,3,0,차대차 - 측면충돌,안전운전불이행,건조,맑음,기타 - 기타,승용,여,31세,상해없음,승용,남,43세,경상
2023082600100162,2023년 8월 26일 10시,토요일,충청북도 청주시 청원구 오창읍,경상사고,0,0,1,0,차대차 - 측면충돌,안전거리미확보,건조,맑음,교차로 - 교차로부근,승용,남,69세,상해없음,승용,남,57세,경상
2023082600100163,2023년 8월 26일 10시,토요일,충청북도 제천시 송학면,경상사고,0,0,2,0,차대차 - 측면충돌,안전거리미확보,건조,맑음,단일로 - 기타,승용,남,24세,상해없음,승용,남,70세,경상
2023082600100205,2023년 8월 26일 11시,토요일,충청북도 보은군 보은읍,중상사고,0,1,0,0,차대사람 - 횡단중,안전운전불이행,건조,맑음,기타 - 기타,승용,여,63세,상해없음,보행자,여,73세,중상
2023082600100206,2023년 8월 26일 11시,토요일,충청북도 옥천군 옥천읍,중상사고,0,1,0,0,차대차 - 측면충돌,중앙선침범,건조,맑음,기타 - 기타,화물,남,43세,상해없음,이륜,남,82세,중상
2023082600100207,2023년 8월 26일 11시,토요일,충청북도 단양군 대강면,중상사고,0,1,2,0,차대차 - 추돌,중앙선침범,건조,맑음,기타 - 기타,승용,남,77세,상해없음,승용,남,44세,경상
2023082600100208,2023년 8월 26일 11시,토요일,충청북도 청주시 흥덕구 가경동,경상사고,0,0,1,0,차대차 - 측면충돌,차로위반,건조,맑음,단일로 - 기타,승용,남,42세,상해없음,이륜,남,42세,경상
2023082600100248,2023년 8월 26일 12시,토요일,충청북도 청주시 흥덕구 비하동,부상신고사고,0,0,0,1,차대차 - 측면충돌,교차로운행방법위반,건조,맑음,교차로 - 교차로안,승용,남,27세,상해없음,승용,남,65세,상해없음
2023082600100249,2023년 8월 26일 12시,토요일,충청북도 청주시 상당구 서문동,경상사고,0,0,1,0,차대차 - 측면충돌,안전운전불이행,건조,맑음,교차로 - 교차로안,화물,남,61세,상해없음,이륜,남,24세,경상
2023082600100296,2023년 8월 26일 13시,토요일,충청북도 충주시 교현동,경상사고,0,0,1,0,차대차 - 기타,신호위반,건조,맑음,교차로 - 교차로안,승용,여,32세,상해없음,승용,남,36세,경상
2023082600100297,2023년 8월 26일 13시,토요일,충청북도 충주시 목행동,경상사고,0,0,1,0,차대차 - 측면충돌,안전거리미확보,건조,맑음,단일로 - 기타,승용,남,50세,상해없음,승용,남,45세,경상
2023082600100298,2023년 8월 26일 13시,토요일,충청북도 청주시 서원구 모충동,중상사고,0,1,0,0,차대차 - 측면충돌,교차로운행방법위반,건조,맑음,교차로 - 교차로부근,승용,남,58세,상해없음,이륜,남,43세,중상
2023082600100338,2023년 8월 26일 14시,토요일,충청북도 영동군 심천면,경상사고,0,0,3,0,차대차 - 추돌,안전운전불이행,건조,맑음,교차로 - 교차로부근,화물,남,68세,상해없음,승용,남,54세,경상
2023082600100339,2023년 8월 26일 14시,토요일,충청북도 청주시 흥덕구 강서동,경상사고,0,0,1,0,차대차 - 측면충돌,교차로운행방법위반,건조,맑음,교차로 - 교차로안,승용,여,44세,기타불명,승용,남,45세,경상
2023082600100370,2023년 8월 26일 15시,토요일,충청북도 청주시 청원구 율량동,경상사고,0,0,1,0,차대차 - 추돌,안전운전불이행,건조,맑음,단일로 - 지하차도(도로)내,승용,남,59세,상해없음,승용,여,32세,경상
2023082600100421,2023년 8월 26일 16시,토요일,충청북도 제천시 장락동,경상사고,0,0,1,0,차대사람 - 기타,안전운전불이행,건조,맑음,주차장 - 주차장,승용,남,29세,상해없음,보행자,남,67세,경상
2023082600100422,2023년 8월 26일 16시,토요일,충청북도 보은군 보은읍,경상사고,0,0,2,0,차대차 - 추돌,기타,건조,맑음,단일로 - 기타,화물,남,56세,상해없음,승용,여,67세,경상
2023082600100423,2023년 8월 26일 16시,토요일,충청북도 청주시 흥덕구 송절동,경상사고,0,0,2,0,차대차 - 측면충돌,안전운전불이행,건조,맑음,교차로 - 교차로안,승용,남,39세,상해없음,승용,남,53세,경상
2023082600100424,2023년 8월 26일 16시,토요일,충청북도 청주시 상당구 문화동,경상사고,0,0,1,0,차대사람 - 보도통행중,기타,건조,맑음,단일로 - 기타,승용,남,31세,상해없음,보행자,남,89세,경상