사고번호,사고일시,요일,시군구,사고내용,사망자수,중상자수,경상자수,부상신고자수,사고유형,법규위반,노면상태,기상상태,도로형태,가해운전자 차종,가해운전자 성별,가해운전자 연령,가해운전자 상해정도,피해운전자 차종,피해운전자 성별,피해운전자 연령,피해운전자 상해정도
2023082600100425,2023년 8월 26일 16시,토요일,충청북도 음성군 생극면,중상사고,0,3,0,0,차대차 - 기타,안전운전불이행,건조,맑음,단일로 - 기타,특수,남,67세,상해없음,승용,남,28세,중상
2023082600100460,2023년 8월 26일 17시,토요일,충청북도 옥천군 옥천읍,부상신고사고,0,0,0,1,차량단독 - 공작물충돌,안전운전불이행,건조,맑음,단일로 - 기타,화물,남,70세,부상신고,,,,
2023082600100484,2023년 8월 26일 18시,토요일,충청북도 청주시 흥덕구 송정동,중상사고,0,1,0,0,차대차 - 기타,안전운전불이행,건조,맑음,기타 - 기타,기타불명,기타불명,미분류,기타불명,자전거,남,48세,중상
2023082600100520,2023년 8월 26일 19시,토요일,충청북도 영동군 영동읍,경상사고,0,0,1,0,차대사람 - 기타,안전운전불이행,건조,맑음,교차로 - 교차로안,승용,여,59세,상해없음,보행자,남,37세,경상
2023082600100521,2023년 8월 26일 19시,토요일,충청북도 청주시 상당구 금천동,중상사고,0,1,1,0,차대차 - 기타,안전운전불이행,건조,맑음,교차로 - 교차로안,승용,남,23세,상해없음,이륜,남,52세,중상
2023082700100043,2023년 8월 27일 03시,일요일,충청북도 청주시 서원구 사창동,부상신고사고,0,0,0,1,차량단독 - 전도전복 - 전도,안전운전불이행,건조,맑음,단일로 - 지하차도(도로)내,원동기,남,16세,부상신고,,,,
2023082700100069,2023년 8월 27일 07시,일요일,충청북도 청주시 서원구 현도면,중상사고,0,1,0,0,차대차 - 기타,중앙선침범,건조,맑음,단일로 - 기타,승용,남,24세,상해없음,원동기,남,67세,중상
2023082700100070,2023년 8월 27일 07시,일요일,충청북도 청주시 상당구 탑동,경상사고,0,0,1,0,차대차 - 추돌,안전운전불이행,건조,맑음,교차로 - 교차로부근,승용,남,28세,상해없음,승용,여,44세,경상
2023082700100098,2023년 8월 27일 09시,일요일,충청북도 청주시 흥덕구 신봉동,경상사고,0,0,1,0,차대차 - 정면충돌,신호위반,건조,맑음,교차로 - 교차로안,승용,여,33세,상해없음,승용,남,41세,경상
2023082700100099,2023년 8월 27일 09시,일요일,충청북도 청주시 흥덕구 가경동,경상사고,0,0,1,0,차대차 - 정면충돌,안전운전불이행,건조,맑음,교차로 - 교차로부근,승용,여,62세,상해없음,승용,남,61세,경상
2023082700100117,2023년 8월 27일 10시,일요일,충청북도 진천군 덕산읍,중상사고,0,1,0,0,차대차 - 측면충돌,안전운전불이행,건조,맑음,교차로 - 교차로안,승용,남,50세,상해없음,승용,남,44세,중상
2023082700100177,2023년 8월 27일 12시,일요일,충청북도 청주시 서원구 죽림동,중상사고,0,1,4,0,차대차 - 측면충돌,중앙선침범,건조,맑음,교차로 - 교차로부근,승용,남,78세,경상,승용,여,45세,중상
2023082700100209,2023년 8월 27일 13시,일요일,충청북도 증평군 증평읍,경상사고,0,0,1,0,차대차 - 측면충돌,직진우회전진행방해,건조,맑음,교차로 - 교차로안,승용,여,27세,상해없음,승용,여,57세,경상
2023082700100210,2023년 8월 27일 13시,일요일,충청북도 청주시 흥덕구 옥산면,경상사고,0,0,1,0,차대차 - 기타,교차로운행방법위반,건조,맑음,교차로 - 교차로안,승용,여,62세,상해없음,승용,남,44세,경상
2023082700100239,2023년 8월 27일 14시,일요일,충청북도 청주시 청원구 오창읍,경상사고,0,0,1,0,차대차 - 기타,안전거리미확보,건조,흐림,단일로 - 교량,승용,남,42세,상해없음,승용,남,29세,경상
2023082700100240,2023년 8월 27일 14시,일요일,충청북도 진천군 덕산읍,중상사고,0,1,1,0,차대차 - 측면충돌,신호위반,건조,맑음,교차로 - 교차로안,이륜,남,35세,중상,승용,여,54세,경상
2023082700100241,2023년 8월 27일 14시,일요일,충청북도 청주시 상당구 남일면,경상사고,0,0,2,0,차대차 - 측면충돌,교차로운행방법위반,건조,맑음,교차로 - 교차로안,승용,남,72세,상해없음,승용,남,26세,경상
2023082700100295,2023년 8월 27일 16시,일요일,충청북도 제천시 장락동,경상사고,0,0,1,0,차대차 - 측면충돌,직진우회전진행방해,건조,맑음,교차로 - 교차로안,승용,남,19세,상해없음,이륜,남,22세,경상
2023082700100296,2023년 8월 27일 16시,일요일,충청북도 제천시 청전동,중상사고,0,1,1,0,차대차 - 측면충돌,안전운전불이행,건조,맑음,교차로 - 교차로부근,승용,여,47세,경상,승용,여,52세,중상
2023082700100384,2023년 8월 27일 19시,일요일,충청북도 청주시 청원구 오창읍,경상사고,0,0,1,0,차대차 - 측면충돌,안전운전불이행,건조,맑음,단일로 - 기타,승용,남,41세,경상,화물,남,52세,상해없음
2023082700100385,2023년 8월 27일 19시,일요일,충청북도 청주시 흥덕구 가경동,경상사고,0,0,3,0,차대차 - 측면충돌,안전운전불이행,건조,맑음,교차로 - 교차로부근,승용,여,57세,상해없음,승용,여,55세,경상
2023082700100413,2023년 8월 27일 20시,일요일,충청북도 청주시 흥덕구 오송읍,경상사고,0,0,2,0,차대차 - 측면충돌,중앙선침범,건조,맑음,단일로 - 기타,승용,남,46세,상해없음,승용,여,35세,경상
2023082800100070,2023년 8월 28일 07시,월요일,충청북도 청주시 서원구 사직동,경상사고,0,0,1,0,차대차 - 측면충돌,안전거리미확보,건조,맑음,단일로 - 기타,승용,남,40세,상해없음,승용,남,67세,경상
2023082800100071,2023년 8월 28일 07시,월요일,충청북도 청주시 청원구 내덕동,경상사고,0,0,2,0,차대차 - 측면충돌,안전거리미확보,건조,흐림,교차로 - 교차로부근,승용,남,58세,경상,승용,남,35세,경상
2023082800100104,2023년 8월 28일 08시,월요일,충청북도 제천시 고암동,부상신고사고,0,0,0,1,차대차 - 측면충돌,직진우회전진행방해,건조,맑음,교차로 - 교차로안,승용,남,41세,상해없음,이륜,남,16세,부상신고
2023082800100199,2023년 8월 28일 10시,월요일,충청북도 영동군 학산면,경상사고,0,0,1,0,차대차 - 측면충돌,직진우회전진행방해,건조,맑음,단일로 - 기타,승용,남,62세,상해없음,화물,남,26세,경상
2023082800100231,2023년 8월 28일 11시,월요일,충청북도 충주시 연수동,중상사고,0,1,0,0,차대차 - 기타,안전운전불이행,건조,맑음,단일로 - 기타,승용,여,70세,상해없음,자전거,남,70세,중상
2023082800100232,2023년 8월 28일 11시,월요일,충청북도 청주시 상당구 용암동,경상사고,0,0,1,0,차대차 - 측면충돌,안전운전불이행,건조,맑음,교차로 - 교차로부근,승용,남,51세,상해없음,승용,여,65세,경상
2023082800100263,2023년 8월 28일 12시,월요일,충청북도 음성군 감곡면,사망사고,1,0,0,0,차량단독 - 공작물충돌,안전운전불이행,건조,맑음,단일로 - 기타,이륜,남,42세,사망,,,,
2023082800100285,2023년 8월 28일 13시,월요일,충청북도 청주시 청원구 우암동,중상사고,0,1,0,0,차대차 - 측면충돌,안전운전불이행,젖음/습기,흐림,단일로 - 기타,승용,여,71세,상해없음,이륜,남,74세,중상
2023082800100286,2023년 8월 28일 13시,월요일,충청북도 진천군 진천읍,중상사고,0,1,0,0,차대사람 - 차도통행중,안전운전불이행,건조,맑음,교차로 - 교차로안,승용,여,41세,상해없음,보행자,남,78세,중상
2023082800100287,2023년 8월 28일 13시,월요일,충청북도 진천군 진천읍,중상사고,0,1,1,0,차대차 - 측면충돌,교차로운행방법위반,건조,맑음,교차로 - 교차로안,화물,남,57세,경상,승용,남,65세,중상
2023082800100325,2023년 8월 28일 14시,월요일,충청북도 청주시 청원구 내덕동,중상사고,0,1,0,0,차대차 - 기타,안전운전불이행,건조,맑음,단일로 - 기타,승용,남,62세,상해없음,자전거,남,81세,중상
2023082800100326,2023년 8월 28일 14시,월요일,충청북도 청주시 상당구 남일면,중상사고,0,1,0,0,차대차 - 측면충돌,안전운전불이행,건조,맑음,단일로 - 기타,화물,남,54세,상해없음,자전거,남,70세,중상
2023082800100395,2023년 8월 28일 16시,월요일,충청북도 청주시 서원구 사직동,경상사고,0,0,1,0,차대차 - 측면충돌,안전운전불이행,건조,맑음,교차로 - 교차로안,승용,여,49세,상해없음,승용,여,48세,경상
2023082800100396,2023년 8월 28일 16시,월요일,충청북도 충주시 안림동,중상사고,0,1,0,0,차대차 - 추돌,안전운전불이행,건조,맑음,단일로 - 기타,승용,남,71세,상해없음,승용,여,39세,중상
2023082800100397,2023년 8월 28일 16시,월요일,충청북도 충주시 단월동,경상사고,0,0,5,0,차대차 - 측면충돌,교차로운행방법위반,젖음/습기,맑음,교차로 - 교차로안,승용,여,57세,기타불명,승합,남,48세,경상
2023082800100398,2023년 8월 28일 16시,월요일,충청북도 청주시 흥덕구 옥산면,경상사고,0,0,1,0,차대차 - 측면충돌,기타,건조,맑음,교차로 - 교차로안,승용,남,46세,기타불명,승용,남,33세,경상
2023082800100399,2023년 8월 28일 16시,월요일,충청북도 청주시 흥덕구 서촌동,경상사고,0,0,3,0,차대차 - 측면충돌,안전거리미확보,건조,흐림,단일로 - 고가도로위,승용,남,65세,상해없음,승용,남,31세,경상
2023082800100440,2023년 8월 28일 17시,월요일,충청북도 청주시 흥덕구 운천동,경상사고,0,0,1,0,차대차 - 기타,교차로운행방법위반,건조,맑음,교차로 - 교차로횡단보도내,승용,남,89세,상해없음,승용,남,40세,경상
2023082800100491,2023년 8월 28일 18시,월요일,충청북도 청주시 서원구 산남동,경상사고,0,0,2,0,차대차 - 측면충돌,안전운전불이행,건조,맑음,단일로 - 지하차도(도로)내,승용,여,61세,상해없음,승용,여,51세,경상
2023082800100521,2023년 8월 28일 19시,월요일,충청북도 진천군 덕산읍,경상사고,0,0,1,0,차대차 - 추돌,안전거리미확보,건조,맑음,단일로 - 기타,승용,여,48세,상해없음,이륜,남,47세,경상
2023082800100522,2023년 8월 28일 19시,월요일,충청북도 청주시 서원구 산남동,경상사고,0,0,1,0,차대차 - 측면충돌,안전운전불이행,건조,맑음,교차로 - 교차로부근,승용,여,69세,상해없음,자전거,남,12세,경상
2023082800100545,2023년 8월 28일 20시,월요일,충청북도 충주시 달천동,중상사고,0,1,0,0,차대차 - 측면충돌,신호위반,건조,맑음,교차로 - 교차로안,화물,남,39세,상해없음,승용,남,52세,중상
2023082900100043,2023년 8월 29일 06시,화요일,충청북도 청주시 상당구 문의면,경상사고,0,0,2,0,차대차 - 측면충돌,안전운전불이행,건조,맑음,단일로 - 기타,화물,남,76세,경상,특수,남,62세,경상
2023082900100060,2023년 8월 29일 07시,화요일,충청북도 음성군 삼성면,중상사고,0,1,0,0,차대차 - 측면충돌,차로위반,건조,맑음,단일로 - 기타,건설기계,남,44세,상해없음,승용,남,66세,중상
2023082900100061,2023년 8월 29일 07시,화요일,충청북도 청주시 상당구 용정동,경상사고,0,0,1,0,차대차 - 기타,교차로운행방법위반,건조,맑음,교차로 - 교차로안,승용,남,21세,상해없음,승용,여,35세,경상
2023082900100129,2023년 8월 29일 09시,화요일,충청북도 청주시 상당구 용암동,경상사고,0,0,1,0,차대차 - 측면충돌,교차로운행방법위반,젖음/습기,비,교차로 - 교차로안,승용,남,37세,상해없음,승용,남,49세,경상
2023082900100192,2023년 8월 29일 11시,화요일,충청북도 증평군 증평읍,경상사고,0,0,1,0,차대차 - 측면충돌,중앙선침범,건조,맑음,단일로 - 기타,승용,여,41세,상해없음,승용,남,25세,경상
2023082900100193,2023년 8월 29일 11시,화요일,충청북도 진천군 진천읍,경상사고,0,0,1,0,차대차 - 측면충돌,안전거리미확보,건조,맑음,교차로 - 교차로부근,승용,여,61세,상해없음,승용,여,29세,경상
2023082900100194,2023년 8월 29일 11시,화요일,충청북도 청주시 흥덕구 가경동,경상사고,0,0,1,0,차대차 - 추돌,안전운전불이행,건조,맑음,교차로 - 교차로부근,화물,남,59세,상해없음,승용,여,36세,경상
2023082900100195,2023년 8월 29일 11시,화요일,충청북도 청주시 흥덕구 복대동,중상사고,0,1,0,0,차대차 - 후진중충돌,안전운전불이행,건조,맑음,단일로 - 기타,승용,남,55세,상해없음,승용,여,71세,중상
2023082900100196,2023년 8월 29일 11시,화요일,충청북도 청주시 상당구 남일면,경상사고,0,0,1,0,차대차 - 추돌,안전거리미확보,젖음/습기,비,교차로 - 교차로부근,화물,남,46세,상해없음,승용,여,55세,경상
2023082900100197,2023년 8월 29일 11시,화요일,충청북도 청주시 서원구 산남동,경상사고,0,0,1,0,차대차 - 측면충돌,안전운전불이행,건조,맑음,단일로 - 지하차도(도로)내,승용,남,33세,상해없음,승용,남,57세,경상
2023082900100232,2023년 8월 29일 12시,화요일,충청북도 충주시 봉방동,중상사고,0,2,0,0,차대차 - 기타,안전운전불이행,건조,맑음,단일로 - 기타,승용,여,23세,중상,승용,남,60세,상해없음
2023082900100233,2023년 8월 29일 12시,화요일,충청북도 음성군 원남면,중상사고,0,1,3,0,차대차 - 측면충돌,신호위반,건조,맑음,교차로 - 교차로안,승용,남,57세,경상,승용,남,74세,경상
2023082900100297,2023년 8월 29일 14시,화요일,충청북도 청주시 상당구 용담동,경상사고,0,0,1,0,차대사람 - 기타,안전운전불이행,기타,맑음,단일로 - 지하차도(도로)내,기타불명,기타불명,미분류,기타불명,보행자,여,45세,경상
2023082900100332,2023년 8월 29일 15시,화요일,충청북도 청주시 서원구 사창동,중상사고,0,1,1,0,차대차 - 기타,안전거리미확보,젖음/습기,비,교차로 - 교차로안,승용,남,31세,상해없음,승용,여,37세,중상
2023082900100333,2023년 8월 29일 15시,화요일,충청북도 음성군 감곡면,경상사고,0,0,1,0,차대차 - 측면충돌,안전운전불이행,건조,맑음,단일로 - 기타,승용,남,25세,상해없음,화물,남,34세,경상
2023082900100367,2023년 8월 29일 16시,화요일,충청북도 제천시 장락동,경상사고,0,0,1,0,차대차 - 추돌,안전운전불이행,젖음/습기,흐림,교차로 - 교차로안,승용,남,74세,상해없음,승용,여,52세,경상
2023082900100455,2023년 8월 29일 18시,화요일,충청북도 충주시 문화동,경상사고,0,0,1,0,차대차 - 측면충돌,안전운전불이행,건조,맑음,교차로 - 교차로안,승합,남,57세,상해없음,자전거,남,57세,경상
2023082900100456,2023년 8월 29일 18시,화요일,충청북도 청주시 흥덕구 복대동,중상사고,0,1,0,0,차대차 - 측면충돌,중앙선침범,건조,맑음,교차로 - 교차로안,승용,남,60세,상해없음,이륜,남,17세,중상
2023082900100457,2023년 8월 29일 18시,화요일,충청북도 청주시 흥덕구 오송읍,중상사고,0,1,0,0,차대사람 - 길가장자리구역통행중,안전운전불이행,건조,맑음,단일로 - 기타,승용,남,60세,상해없음,보행자,남,37세,중상
2023082900100458,2023년 8월 29일 18시,화요일,충청북도 청주시 상당구 금천동,경상사고,0,0,1,0,차대사람 - 길가장자리구역통행중,안전운전불이행,건조,맑음,단일로 - 지하차도(도로)내,승용,여,63세,상해없음,보행자,남,29세,경상
2023082900100459,2023년 8월 29일 18시,화요일,충청북도 음성군 생극면,중상사고,0,1,2,0,차대차 - 추돌,안전운전불이행,젖음/습기,비,기타 - 기타,승용,남,58세,기타불명,승용,남,53세,중상
2023082900100503,2023년 8월 29일 19시,화요일,충청북도 제천시 남천동,경상사고,0,0,1,0,차대차 - 정면충돌,직진우회전진행방해,젖음/습기,비,교차로 - 교차로안,승용,남,73세,상해없음,이륜,남,40세,경상
2023082900100504,2023년 8월 29일 19시,화요일,충청북도 증평군 증평읍,경상사고,0,0,1,0,차대차 - 후진중충돌,안전운전불이행,젖음/습기,비,주차장 - 주차장,승용,여,58세,상해없음,승용,여,24세,경상
2023082900100505,2023년 8월 29일 19시,화요일,충청북도 청주시 상당구 용암동,경상사고,0,0,1,0,차대차 - 기타,안전운전불이행,젖음/습기,비,교차로 - 교차로부근,승합,남,47세,상해없음,승용,남,23세,경상
2023082900100544,2023년 8월 29일 20시,화요일,충청북도 청주시 서원구 사창동,부상신고사고,0,0,0,1,차대사람 - 기타,안전운전불이행,건조,흐림,교차로 - 교차로안,승용,남,71세,상해없음,보행자,여,19세,부상신고
2023082900100596,2023년 8월 29일 23시,화요일,충청북도 충주시 연수동,중상사고,0,1,0,0,차대사람 - 기타,안전운전불이행,젖음/습기,흐림,기타 - 기타,승용,여,40세,상해없음,보행자,여,27세,중상
2023083000100045,2023년 8월 30일 04시,수요일,충청북도 음성군 음성읍,사망사고,1,0,0,0,차대차 - 측면충돌,안전운전불이행,건조,맑음,단일로 - 기타,승용,남,47세,사망,특수,남,46세,기타불명
2023083000100108,2023년 8월 30일 08시,수요일,충청북도 청주시 청원구 율량동,경상사고,0,0,2,0,차대차 - 측면충돌,안전운전불이행,젖음/습기,비,교차로 - 교차로부근,승용,남,37세,상해없음,승용,여,41세,경상
2023083000100233,2023년 8월 30일 12시,수요일,충청북도 충주시 단월동,경상사고,0,0,1,0,차대차 - 측면충돌,신호위반,젖음/습기,비,교차로 - 교차로안,승용,여,63세,상해없음,승용,여,53세,경상
2023083000100234,2023년 8월 30일 12시,수요일,충청북도 충주시 엄정면,경상사고,0,0,1,0,차대사람 - 차도통행중,안전운전불이행,젖음/습기,비,단일로 - 기타,승용,남,83세,상해없음,보행자,남,74세,경상
2023083000100235,2023년 8월 30일 12시,수요일,충청북도 옥천군 옥천읍,경상사고,0,0,1,0,차대차 - 후진중충돌,안전운전불이행,건조,맑음,단일로 - 기타,화물,남,55세,상해없음,화물,남,37세,경상
2023083000100266,2023년 8월 30일 13시,수요일,충청북도 충주시 용산동,중상사고,0,1,0,0,차대사람 - 횡단중,안전운전불이행,젖음/습기,비,단일로 - 기타,이륜,남,29세,상해없음,보행자,남,77세,중상
2023083000100267,2023년 8월 30일 13시,수요일,충청북도 청주시 흥덕구 강서동,경상사고,0,0,1,0,차대사람 - 차도통행중,안전운전불이행,젖음/습기,비,단일로 - 기타,승용,남,64세,상해없음,보행자,남,28세,경상
2023083000100272,2023년 8월 30일 13시,수요일,충청북도 괴산군 연풍면,중상사고,0,2,0,0,차대차 - 추돌,안전거리미확보,건조,맑음,단일로 - 터널,승용,남,65세,중상,승용,남,71세,중상
2023083000100372,2023년 8월 30일 16시,수요일,충청북도 제천시 대랑동,중상사고,0,1,1,0,차대차 - 측면충돌,안전운전불이행,건조,맑음,단일로 - 기타,승용,남,62세,중상,건설기계,남,46세,경상
2023083000100373,2023년 8월 30일 16시,수요일,충청북도 청주시 흥덕구 비하동,경상사고,0,0,1,0,차량단독 - 공작물충돌,안전운전불이행,젖음/습기,비,단일로 - 기타,승용,남,29세,상해없음,,,,
2023083000100406,2023년 8월 30일 17시,수요일,충청북도 청주시 흥덕구 옥산면,경상사고,0,0,2,0,차대차 - 정면충돌,안전운전불이행,건조,맑음,교차로 - 교차로안,승용,여,61세,경상,승용,여,39세,경상
2023083000100407,2023년 8월 30일 17시,수요일,충청북도 청주시 흥덕구 비하동,중상사고,0,1,0,0,차대사람 - 횡단중,보행자보호의무위반,건조,맑음,교차로 - 교차로횡단보도내,승용,여,56세,상해없음,보행자,남,51세,중상
2023083000100452,2023년 8월 30일 18시,수요일,충청북도 청주시 흥덕구 가경동,중상사고,0,2,1,0,차대사람 - 보도통행중,기타,건조,맑음,단일로 - 기타,승용,남,68세,기타불명,보행자,남,78세,중상
2023083000100453,2023년 8월 30일 18시,수요일,충청북도 청주시 상당구 명암동,경상사고,0,0,1,0,차량단독 - 공작물충돌,안전운전불이행,젖음/습기,비,단일로 - 터널,승용,남,20세,상해없음,,,,
2023083000100526,2023년 8월 30일 20시,수요일,충청북도 단양군 단양읍,경상사고,0,0,4,0,차대차 - 기타,안전운전불이행,건조,맑음,교차로 - 교차로안,승용,남,29세,경상,화물,남,50세,경상
2023083000100579,2023년 8월 30일 22시,수요일,충청북도 진천군 덕산읍,중상사고,0,1,0,0,차대차 - 측면충돌,안전운전불이행,건조,맑음,단일로 - 기타,승용,남,55세,상해없음,이륜,남,35세,중상
2023083100100054,2023년 8월 31일 06시,목요일,충청북도 진천군 덕산읍,경상사고,0,0,1,0,차대차 - 기타,안전운전불이행,건조,맑음,교차로 - 교차로안,기타불명,기타불명,미분류,기타불명,자전거,남,59세,경상
2023083100100115,2023년 8월 31일 08시,목요일,충청북도 진천군 진천읍,경상사고,0,0,1,0,차대차 - 측면충돌,차로위반,건조,맑음,교차로 - 교차로안,화물,남,61세,상해없음,승용,여,52세,경상
2023083100100186,2023년 8월 31일 10시,목요일,충청북도 청주시 청원구 내덕동,경상사고,0,0,1,0,차대차 - 측면충돌,안전운전불이행,건조,맑음,교차로 - 교차로부근,승용,남,20세,상해없음,승용,여,52세,경상
2023083100100187,2023년 8월 31일 10시,목요일,충청북도 단양군 매포읍,중상사고,0,1,0,0,차대차 - 기타,교차로운행방법위반,건조,맑음,교차로 - 교차로안,특수,남,62세,상해없음,승용,남,59세,중상
2023083100100203,2023년 8월 31일 11시,목요일,충청북도 제천시 청풍면,중상사고,0,1,0,0,차량단독 - 도로외이탈 - 추락,안전운전불이행,건조,맑음,단일로 - 기타,승용,여,68세,중상,,,,
2023083100100235,2023년 8월 31일 12시,목요일,충청북도 음성군 맹동면,중상사고,0,1,1,0,차대차 - 기타,교차로운행방법위반,건조,맑음,교차로 - 교차로안,화물,남,75세,중상,승용,여,37세,경상
2023083100100294,2023년 8월 31일 14시,목요일,충청북도 진천군 문백면,경상사고,0,0,3,0,차대차 - 측면충돌,안전운전불이행,건조,맑음,교차로 - 교차로안,승용,남,74세,상해없음,승용,남,56세,경상
2023083100100295,2023년 8월 31일 14시,목요일,충청북도 청주시 상당구 대성동,경상사고,0,0,1,0,차대차 - 측면충돌,중앙선침범,건조,맑음,교차로 - 교차로안,승용,여,67세,상해없음,화물,남,69세,경상
2023083100100331,2023년 8월 31일 15시,목요일,충청북도 제천시 청전동,경상사고,0,0,1,0,차대차 - 측면충돌,기타,건조,맑음,기타 - 기타,승용,여,39세,상해없음,자전거,남,14세,경상
2023083100100372,2023년 8월 31일 16시,목요일,충청북도 음성군 금왕읍,경상사고,0,0,1,0,차대차 - 측면충돌,안전거리미확보,건조,맑음,교차로 - 교차로안,승용,여,59세,상해없음,화물,남,34세,경상
2023083100100373,2023년 8월 31일 16시,목요일,충청북도 옥천군 군서면,부상신고사고,0,0,0,1,차량단독 - 기타,안전운전불이행,건조,맑음,기타 - 기타,이륜,남,67세,부상신고,,,,
2023083100100374,2023년 8월 31일 16시,목요일,충청북도 청주시 상당구 용암동,경상사고,0,0,2,1,차대차 - 측면충돌,직진우회전진행방해,건조,맑음,교차로 - 교차로부근,승용,여,63세,경상,이륜,남,31세,경상
2023083100100375,2023년 8월 31일 16시,목요일,충청북도 청주시 상당구 영동,중상사고,0,1,0,0,차대차 - 측면충돌,신호위반,건조,맑음,단일로 - 지하차도(도로)내,이륜,남,18세,상해없음,자전거,여,42세,중상
2023083100100423,2023년 8월 31일 17시,목요일,충청북도 청주시 청원구 사천동,중상사고,0,1,0,0,차대차 - 추돌,안전거리미확보,건조,맑음,단일로 - 기타,승용,여,65세,상해없음,화물,남,59세,중상
2023083100100424,2023년 8월 31일 17시,목요일,충청북도 충주시 대소원면,중상사고,0,1,0,0,차대차 - 측면충돌,신호위반,건조,맑음,교차로 - 교차로안,승용,남,23세,상해없음,이륜,남,31세,중상
2023083100100425,2023년 8월 31일 17시,목요일,충청북도 제천시 장락동,중상사고,0,1,0,0,차대차 - 측면충돌,안전거리미확보,건조,맑음,단일로 - 기타,승용,남,52세,상해없음,자전거,여,71세,중상
2023083100100426,2023년 8월 31일 17시,목요일,충청북도 청주시 상당구 금천동,경상사고,0,0,3,0,차대차 - 추돌,안전거리미확보,건조,맑음,교차로 - 교차로부근,승용,남,65세,상해없음,화물,남,26세,경상
2023083100100508,2023년 8월 31일 19시,목요일,충청북도 충주시 교현동,경상사고,0,0,4,0,차대차 - 측면충돌,안전운전불이행,건조,흐림,교차로 - 교차로안,승용,남,30세,경상,승용,남,28세,경상
2023083100100509,2023년 8월 31일 19시,목요일,충청북도 청주시 흥덕구 봉명동,경상사고,0,0,2,0,차대차 - 추돌,안전운전불이행,건조,맑음,교차로 - 교차로부근,승용,남,66세,상해없음,승합,남,43세,경상
2023083100100547,2023년 8월 31일 20시,목요일,충청북도 청주시 흥덕구 복대동,경상사고,0,0,1,0,차대차 - 기타,안전운전불이행,건조,맑음,교차로 - 교차로부근,이륜,남,29세,경상,승용,남,36세,상해없음
2023083100100548,2023년 8월 31일 20시,목요일,충청북도 옥천군 옥천읍,중상사고,0,1,0,0,차대차 - 추돌,안전운전불이행,건조,맑음,단일로 - 기타,화물,남,52세,상해없음,화물,남,63세,중상
2023083100100602,2023년 8월 31일 22시,목요일,충청북도 청주시 청원구 오창읍,중상사고,0,1,0,0,차대차 - 정면충돌,신호위반,건조,맑음,교차로 - 교차로안,승합,남,21세,상해없음,이륜,남,55세,중상
2023083100100603,2023년 8월 31일 22시,목요일,충청북도 청주시 서원구 사창동,경상사고,0,0,1,0,차대차 - 추돌,교차로운행방법위반,건조,맑음,교차로 - 교차로부근,승용,남,57세,기타불명,개인형이동수단(PM),남,52세,경상
2023090100100085,2023년 9월 1일 07시,금요일,충청북도 음성군 금왕읍,경상사고,0,0,1,0,차대차 - 측면충돌,신호위반,건조,흐림,교차로 - 교차로부근,승용,여,60세,상해없음,승용,남,36세,경상
2023090100100086,2023년 9월 1일 07시,금요일,충청북도 청주시 상당구 금천동,경상사고,0,0,1,0,차대사람 - 차도통행중,안전운전불이행,건조,맑음,단일로 - 지하차도(도로)내,승용,여,29세,상해없음,보행자,여,52세,경상
2023090100100134,2023년 9월 1일 08시,금요일,충청북도 음성군 음성읍,중상사고,0,1,0,0,차대차 - 기타,안전거리미확보,건조,맑음,단일로 - 기타,건설기계,남,60세,상해없음,승용,여,48세,중상
2023090100100196,2023년 9월 1일 10시,금요일,충청북도 충주시 연수동,중상사고,0,1,0,0,차대사람 - 횡단중,보행자보호의무위반,건조,맑음,교차로 - 교차로부근,화물,남,61세,상해없음,보행자,여,57세,중상
2023090100100235,2023년 9월 1일 11시,금요일,충청북도 음성군 맹동면,경상사고,0,0,1,0,차대차 - 측면충돌,교차로운행방법위반,건조,맑음,교차로 - 교차로안,개인형이동수단(PM),남,28세,경상,승용,남,31세,상해없음
2023090100100236,2023년 9월 1일 11시,금요일,충청북도 청주시 상당구 탑동,중상사고,0,1,0,0,차대사람 - 횡단중,보행자보호의무위반,건조,맑음,교차로 - 교차로횡단보도내,승용,여,74세,상해없음,보행자,남,64세,중상
2023090100100275,2023년 9월 1일 12시,금요일,충청북도 청주시 청원구 율량동,경상사고,0,0,1,0,차대차 - 기타,안전거리미확보,건조,맑음,교차로 - 교차로부근,승용,남,26세,상해없음,승용,여,30세,경상
2023090100100310,2023년 9월 1일 13시,금요일,충청북도 진천군 진천읍,경상사고,0,0,1,0,차대차 - 측면충돌,안전운전불이행,건조,맑음,단일로 - 기타,승용,여,59세,상해없음,승용,남,19세,경상
2023090100100311,2023년 9월 1일 13시,금요일,충청북도 청주시 흥덕구 복대동,경상사고,0,0,1,0,차대차 - 기타,안전운전불이행,건조,맑음,단일로 - 기타,승용,남,72세,상해없음,이륜,여,66세,경상
2023090100100351,2023년 9월 1일 14시,금요일,충청북도 충주시 연수동,경상사고,0,0,1,0,차대사람 - 길가장자리구역통행중,안전운전불이행,건조,맑음,단일로 - 기타,승용,여,48세,상해없음,보행자,남,12세,경상
2023090100100352,2023년 9월 1일 14시,금요일,충청북도 충주시 문화동,경상사고,0,0,1,0,차대차 - 기타,안전운전불이행,건조,맑음,단일로 - 기타,승용,남,66세,상해없음,승용,여,60세,경상