사고번호,사고일시,요일,시군구,사고내용,사망자수,중상자수,경상자수,부상신고자수,사고유형,법규위반,노면상태,기상상태,도로형태,가해운전자 차종,가해운전자 성별,가해운전자 연령,가해운전자 상해정도,피해운전자 차종,피해운전자 성별,피해운전자 연령,피해운전자 상해정도
2023091600100113,2023년 9월 16일 09시,토요일,충청북도 청주시 흥덕구 신촌동,경상사고,0,0,1,0,차대차 - 추돌,안전운전불이행,건조,맑음,교차로 - 교차로부근,승용,남,21세,상해없음,승용,남,51세,경상
2023091600100114,2023년 9월 16일 09시,토요일,충청북도 청주시 흥덕구 옥산면,경상사고,0,0,2,0,차대차 - 추돌,안전운전불이행,건조,맑음,단일로 - 기타,승용,여,48세,상해없음,승용,남,75세,경상
2023091600100139,2023년 9월 16일 10시,토요일,충청북도 청주시 청원구 주중동,중상사고,0,1,0,0,차대차 - 측면충돌,신호위반,건조,맑음,교차로 - 교차로안,승용,여,55세,상해없음,승용,여,43세,중상
2023091600100140,2023년 9월 16일 10시,토요일,충청북도 청주시 청원구 주성동,경상사고,0,0,1,0,차대차 - 측면충돌,교차로운행방법위반,건조,맑음,교차로 - 교차로안,승용,남,23세,상해없음,승용,여,46세,경상
2023091600100141,2023년 9월 16일 10시,토요일,충청북도 청주시 흥덕구 강내면,중상사고,0,3,2,0,차대차 - 추돌,안전운전불이행,건조,맑음,단일로 - 기타,승용,남,30세,기타불명,승용,여,50세,기타불명
2023091600100170,2023년 9월 16일 11시,토요일,충청북도 충주시 용산동,경상사고,0,0,1,3,차대차 - 기타,안전운전불이행,건조,맑음,기타 - 기타,승용,남,48세,기타불명,승용,남,45세,경상
2023091600100171,2023년 9월 16일 11시,토요일,충청북도 충주시 연수동,경상사고,0,0,1,0,차대차 - 측면충돌,안전운전불이행,건조,맑음,단일로 - 기타,승용,남,26세,상해없음,승용,남,59세,경상
2023091600100172,2023년 9월 16일 11시,토요일,충청북도 제천시 중앙로2가,경상사고,0,0,1,0,차대차 - 정면충돌,안전운전불이행,건조,맑음,단일로 - 기타,화물,남,68세,상해없음,승용,남,30세,기타불명
2023091600100173,2023년 9월 16일 11시,토요일,충청북도 청주시 흥덕구 봉명동,경상사고,0,0,1,0,차대차 - 측면충돌,안전거리미확보,건조,맑음,단일로 - 기타,승용,여,56세,기타불명,승용,여,28세,경상
2023091600100174,2023년 9월 16일 11시,토요일,충청북도 청주시 서원구 수곡동,경상사고,0,0,1,0,차대차 - 추돌,안전거리미확보,건조,맑음,교차로 - 교차로부근,승용,남,54세,상해없음,승용,남,56세,경상
2023091600100175,2023년 9월 16일 11시,토요일,충청북도 괴산군 장연면,경상사고,0,0,1,0,차대차 - 측면충돌,안전거리미확보,건조,맑음,단일로 - 기타,승용,남,77세,상해없음,승용,남,30세,경상
2023091600100217,2023년 9월 16일 12시,토요일,충청북도 청주시 서원구 사직동,경상사고,0,0,1,0,차대차 - 후진중충돌,안전운전불이행,건조,맑음,단일로 - 기타,승용,남,28세,상해없음,이륜,여,81세,경상
2023091600100218,2023년 9월 16일 12시,토요일,충청북도 청주시 흥덕구 봉명동,경상사고,0,0,1,0,차대차 - 기타,안전운전불이행,건조,맑음,단일로 - 기타,승용,남,71세,기타불명,자전거,남,29세,경상
2023091600100219,2023년 9월 16일 12시,토요일,충청북도 청주시 상당구 용암동,경상사고,0,0,2,0,차대차 - 측면충돌,안전거리미확보,건조,맑음,교차로 - 교차로부근,이륜,남,29세,경상,승용,남,29세,경상
2023091600100257,2023년 9월 16일 13시,토요일,충청북도 청주시 상당구 용담동,부상신고사고,0,0,0,1,차대차 - 측면충돌,기타,건조,맑음,교차로 - 교차로안,이륜,남,26세,부상신고,승용,남,64세,상해없음
2023091600100296,2023년 9월 16일 14시,토요일,충청북도 청주시 청원구 오동동,경상사고,0,0,3,0,차대차 - 추돌,안전운전불이행,젖음/습기,흐림,단일로 - 지하차도(도로)내,승용,남,69세,상해없음,승용,남,61세,경상
2023091600100297,2023년 9월 16일 14시,토요일,충청북도 보은군 수한면,중상사고,0,1,1,2,차대차 - 측면충돌,안전운전불이행,건조,맑음,교차로 - 교차로부근,승용,남,31세,상해없음,승용,여,46세,중상
2023091600100327,2023년 9월 16일 15시,토요일,충청북도 청주시 서원구 사창동,경상사고,0,0,1,0,차대차 - 측면충돌,안전거리미확보,젖음/습기,비,단일로 - 기타,화물,남,53세,상해없음,이륜,남,16세,경상
2023091600100328,2023년 9월 16일 15시,토요일,충청북도 청주시 상당구 남문로1가,경상사고,0,0,2,0,차대차 - 측면충돌,교차로운행방법위반,젖음/습기,비,교차로 - 교차로부근,승용,남,55세,경상,이륜,남,23세,경상
2023091600100362,2023년 9월 16일 16시,토요일,충청북도 청주시 청원구 내수읍,경상사고,0,0,1,0,차대사람 - 기타,안전운전불이행,젖음/습기,비,단일로 - 기타,승용,남,71세,상해없음,보행자,여,22세,경상
2023091600100363,2023년 9월 16일 16시,토요일,충청북도 충주시 산척면,중상사고,0,1,0,0,차대사람 - 길가장자리구역통행중,안전운전불이행,젖음/습기,비,단일로 - 기타,화물,남,71세,상해없음,보행자,여,69세,중상
2023091600100364,2023년 9월 16일 16시,토요일,충청북도 청주시 상당구 문화동,중상사고,0,1,0,0,차대사람 - 보도통행중,안전운전불이행,젖음/습기,비,주차장 - 주차장,승용,남,34세,상해없음,보행자,여,52세,중상
2023091600100365,2023년 9월 16일 16시,토요일,충청북도 청주시 상당구 남일면,경상사고,0,0,2,0,차대차 - 측면충돌,안전운전불이행,젖음/습기,비,교차로 - 교차로안,승합,남,59세,상해없음,승용,여,48세,경상
2023091600100406,2023년 9월 16일 17시,토요일,충청북도 충주시 문화동,경상사고,0,0,4,0,차대차 - 측면충돌,교차로운행방법위반,젖음/습기,비,교차로 - 교차로안,화물,남,53세,상해없음,승용,남,41세,경상
2023091600100407,2023년 9월 16일 17시,토요일,충청북도 제천시 하소동,부상신고사고,0,0,0,1,차대차 - 측면충돌,교차로운행방법위반,건조,흐림,교차로 - 교차로부근,승용,남,66세,상해없음,승용,남,33세,부상신고
2023091600100408,2023년 9월 16일 17시,토요일,충청북도 단양군 단양읍,경상사고,0,0,1,0,차대차 - 추돌,안전운전불이행,건조,맑음,기타 - 기타,승용,여,42세,상해없음,승용,여,26세,경상
2023091600100409,2023년 9월 16일 17시,토요일,충청북도 청주시 서원구 현도면,경상사고,0,0,1,0,차대사람 - 기타,안전운전불이행,젖음/습기,흐림,주차장 - 주차장,승용,여,39세,상해없음,보행자,여,44세,경상
2023091600100446,2023년 9월 16일 18시,토요일,충청북도 청주시 상당구 북문로2가,경상사고,0,0,3,0,차대차 - 추돌,안전거리미확보,젖음/습기,비,교차로 - 교차로안,승용,남,24세,상해없음,승용,남,37세,경상
2023091600100447,2023년 9월 16일 18시,토요일,충청북도 청주시 상당구 금천동,경상사고,0,0,1,0,차대사람 - 기타,안전운전불이행,젖음/습기,비,교차로 - 교차로안,승용,여,68세,상해없음,보행자,여,54세,경상
2023091600100486,2023년 9월 16일 19시,토요일,충청북도 청주시 서원구 산남동,중상사고,0,1,0,0,차량단독 - 기타,기타,젖음/습기,흐림,단일로 - 기타,개인형이동수단(PM),남,51세,중상,,,,
2023091600100524,2023년 9월 16일 20시,토요일,충청북도 청주시 청원구 율량동,경상사고,0,0,1,0,차대사람 - 차도통행중,안전운전불이행,젖음/습기,흐림,교차로 - 교차로안,승용,남,25세,상해없음,보행자,여,29세,경상
2023091600100554,2023년 9월 16일 21시,토요일,충청북도 청주시 서원구 성화동,경상사고,0,0,3,0,차대차 - 측면충돌,안전운전불이행,건조,맑음,기타 - 기타,승용,남,47세,상해없음,승용,남,37세,경상
2023091600100579,2023년 9월 16일 22시,토요일,충청북도 청주시 흥덕구 외북동,경상사고,0,0,2,0,차대차 - 정면충돌,신호위반,젖음/습기,맑음,교차로 - 교차로안,승용,여,53세,기타불명,승용,남,50세,경상
2023091600100580,2023년 9월 16일 22시,토요일,충청북도 청주시 흥덕구 송절동,경상사고,0,0,1,0,차대차 - 측면충돌,안전운전불이행,건조,맑음,단일로 - 기타,승용,여,47세,상해없음,승용,남,23세,경상
2023091600100599,2023년 9월 16일 23시,토요일,충청북도 청주시 서원구 산남동,경상사고,0,0,5,0,차대차 - 측면충돌,안전거리미확보,젖음/습기,비,교차로 - 교차로부근,승용,남,20세,경상,승용,여,47세,경상
2023091700100097,2023년 9월 17일 09시,일요일,충청북도 영동군 영동읍,사망사고,1,0,0,0,차량단독 - 도로외이탈 - 추락,안전운전불이행,건조,맑음,단일로 - 기타,화물,남,64세,사망,,,,
2023091700100145,2023년 9월 17일 11시,일요일,충청북도 음성군 음성읍,경상사고,0,0,1,0,차대차 - 측면충돌,안전운전불이행,건조,맑음,교차로 - 교차로안,이륜,남,90세,경상,승용,여,63세,상해없음
2023091700100166,2023년 9월 17일 12시,일요일,충청북도 충주시 대소원면,경상사고,0,0,1,0,차대차 - 기타,안전거리미확보,건조,맑음,교차로 - 교차로안,화물,남,79세,상해없음,승용,남,37세,경상
2023091700100195,2023년 9월 17일 13시,일요일,충청북도 충주시 성남동,중상사고,0,1,0,0,차대차 - 측면충돌,신호위반,건조,맑음,교차로 - 교차로안,화물,남,39세,상해없음,이륜,여,48세,중상
2023091700100196,2023년 9월 17일 13시,일요일,충청북도 청주시 서원구 산남동,경상사고,0,0,1,0,차대차 - 기타,안전운전불이행,건조,맑음,단일로 - 지하차도(도로)내,기타불명,기타불명,미분류,기타불명,자전거,남,11세,경상
2023091700100239,2023년 9월 17일 14시,일요일,충청북도 충주시 연수동,경상사고,0,0,1,0,차대차 - 측면충돌,안전운전불이행,건조,맑음,교차로 - 교차로안,승용,여,54세,기타불명,승용,여,27세,경상
2023091700100276,2023년 9월 17일 15시,일요일,충청북도 청주시 서원구 죽림동,경상사고,0,0,1,0,차대차 - 추돌,안전운전불이행,건조,맑음,단일로 - 기타,승용,남,27세,기타불명,승용,여,48세,경상
2023091700100308,2023년 9월 17일 16시,일요일,충청북도 청주시 청원구 내덕동,경상사고,0,0,1,0,차대차 - 기타,안전운전불이행,건조,맑음,단일로 - 기타,승용,남,18세,상해없음,이륜,남,25세,경상
2023091700100309,2023년 9월 17일 16시,일요일,충청북도 청주시 흥덕구 평동,사망사고,1,0,0,0,차량단독 - 공작물충돌,안전운전불이행,건조,맑음,단일로 - 기타,농기계,남,75세,사망,,,,
2023091700100328,2023년 9월 17일 17시,일요일,충청북도 청주시 청원구 오창읍,중상사고,0,2,0,0,차대차 - 측면충돌,교차로운행방법위반,건조,맑음,교차로 - 교차로안,승용,남,37세,상해없음,승용,남,45세,중상
2023091700100449,2023년 9월 17일 21시,일요일,충청북도 청주시 흥덕구 복대동,경상사고,0,0,5,0,차대차 - 측면충돌,신호위반,젖음/습기,비,교차로 - 교차로부근,승용,여,41세,상해없음,승합,남,39세,경상
2023091800100016,2023년 9월 18일 04시,월요일,충청북도 청주시 상당구 대성동,중상사고,0,1,3,0,차대차 - 정면충돌,안전운전불이행,젖음/습기,맑음,단일로 - 기타,이륜,남,42세,중상,화물,남,49세,경상
2023091800100017,2023년 9월 18일 04시,월요일,충청북도 음성군 감곡면,경상사고,0,0,1,0,차대차 - 추돌,안전운전불이행,건조,맑음,기타 - 기타,승용,남,55세,상해없음,화물,남,62세,상해없음
2023091800100021,2023년 9월 18일 05시,월요일,충청북도 청주시 서원구 개신동,사망사고,1,0,0,0,차대사람 - 차도통행중,안전운전불이행,건조,맑음,교차로 - 교차로안,승용,남,68세,상해없음,보행자,여,85세,사망
2023091800100064,2023년 9월 18일 07시,월요일,충청북도 충주시 살미면,중상사고,0,1,0,0,차량단독 - 도로외이탈 - 기타,교차로운행방법위반,건조,맑음,단일로 - 기타,승용,남,51세,상해없음,,,,
2023091800100098,2023년 9월 18일 08시,월요일,충청북도 청주시 청원구 우암동,경상사고,0,0,1,0,차대차 - 기타,안전운전불이행,건조,맑음,교차로 - 교차로부근,자전거,남,15세,경상,승용,남,66세,상해없음
2023091800100099,2023년 9월 18일 08시,월요일,충청북도 청주시 상당구 금천동,경상사고,0,0,1,0,차대차 - 측면충돌,차로위반,건조,맑음,단일로 - 지하차도(도로)내,승용,여,54세,상해없음,승용,남,33세,경상
2023091800100144,2023년 9월 18일 09시,월요일,충청북도 청주시 청원구 오동동,경상사고,0,0,1,0,차대차 - 추돌,안전운전불이행,건조,맑음,교차로 - 교차로부근,승용,남,47세,기타불명,승용,남,36세,경상
2023091800100145,2023년 9월 18일 09시,월요일,충청북도 제천시 하소동,중상사고,0,1,1,0,차대차 - 측면충돌,안전운전불이행,건조,맑음,단일로 - 기타,화물,남,53세,경상,화물,남,49세,중상
2023091800100179,2023년 9월 18일 10시,월요일,충청북도 청주시 흥덕구 강서동,부상신고사고,0,0,0,1,차대차 - 기타,안전운전불이행,건조,맑음,교차로 - 교차로안,승용,남,65세,상해없음,승용,남,58세,기타불명
2023091800100210,2023년 9월 18일 11시,월요일,충청북도 청주시 청원구 율량동,중상사고,0,1,0,0,차대사람 - 보도통행중,기타,건조,맑음,교차로 - 교차로부근,승용,남,48세,상해없음,보행자,남,60세,중상
2023091800100245,2023년 9월 18일 12시,월요일,충청북도 청주시 서원구 사창동,경상사고,0,0,1,0,차대차 - 측면충돌,직진우회전진행방해,건조,맑음,교차로 - 교차로안,승용,여,68세,상해없음,이륜,남,32세,경상
2023091800100246,2023년 9월 18일 12시,월요일,충청북도 괴산군 장연면,경상사고,0,0,1,0,차대차 - 기타,안전거리미확보,건조,맑음,단일로 - 교량,승합,남,29세,상해없음,승용,여,36세,상해없음
2023091800100277,2023년 9월 18일 13시,월요일,충청북도 영동군 용산면,중상사고,0,2,1,0,차대차 - 정면충돌,직진우회전진행방해,건조,맑음,단일로 - 기타,승용,여,53세,경상,승용,여,54세,중상
2023091800100312,2023년 9월 18일 14시,월요일,충청북도 충주시 문화동,중상사고,0,1,0,0,차대차 - 기타,안전운전불이행,건조,맑음,단일로 - 기타,승용,남,78세,상해없음,자전거,남,69세,중상
2023091800100349,2023년 9월 18일 15시,월요일,충청북도 청주시 청원구 내덕동,경상사고,0,0,2,0,차대차 - 측면충돌,안전거리미확보,건조,맑음,단일로 - 기타,이륜,남,60세,경상,승용,여,45세,경상
2023091800100399,2023년 9월 18일 16시,월요일,충청북도 청주시 청원구 사천동,경상사고,0,0,2,0,차대차 - 추돌,안전운전불이행,건조,맑음,단일로 - 기타,승용,여,42세,상해없음,승용,남,74세,경상
2023091800100400,2023년 9월 18일 16시,월요일,충청북도 제천시 동현동,경상사고,0,0,1,0,차대차 - 측면충돌,안전운전불이행,건조,맑음,단일로 - 기타,승용,여,48세,기타불명,승용,여,57세,경상
2023091800100453,2023년 9월 18일 17시,월요일,충청북도 단양군 매포읍,중상사고,0,1,0,0,차대차 - 측면충돌,신호위반,건조,맑음,교차로 - 교차로안,승용,남,68세,상해없음,승용,남,63세,중상
2023091800100454,2023년 9월 18일 17시,월요일,충청북도 단양군 매포읍,경상사고,0,0,1,0,차대차 - 추돌,안전운전불이행,건조,맑음,단일로 - 기타,승용,남,59세,상해없음,승용,남,60세,상해없음
2023091800100455,2023년 9월 18일 17시,월요일,충청북도 청주시 흥덕구 복대동,경상사고,0,0,1,0,차대차 - 후진중충돌,안전운전불이행,건조,맑음,단일로 - 기타,화물,남,67세,상해없음,승용,여,30세,경상
2023091800100456,2023년 9월 18일 17시,월요일,충청북도 영동군 용산면,경상사고,0,0,2,0,차대차 - 기타,안전운전불이행,건조,맑음,단일로 - 기타,기타불명,기타불명,미분류,기타불명,승용,남,32세,경상
2023091800100510,2023년 9월 18일 18시,월요일,충청북도 제천시 수산면,경상사고,0,0,2,0,차대차 - 측면충돌,교차로운행방법위반,건조,맑음,교차로 - 교차로안,승용,여,59세,상해없음,승용,남,42세,경상
2023091800100511,2023년 9월 18일 18시,월요일,충청북도 보은군 속리산면,경상사고,0,0,1,0,차대차 - 추돌,안전운전불이행,건조,맑음,단일로 - 기타,승용,남,69세,상해없음,자전거,여,76세,경상
2023091800100592,2023년 9월 18일 20시,월요일,충청북도 청주시 서원구 사직동,경상사고,0,0,1,0,차대사람 - 기타,기타,건조,맑음,단일로 - 기타,승용,남,58세,상해없음,보행자,남,63세,경상
2023091800100593,2023년 9월 18일 20시,월요일,충청북도 진천군 진천읍,경상사고,0,0,1,0,차대차 - 추돌,안전운전불이행,건조,맑음,단일로 - 기타,승용,남,44세,상해없음,승용,남,67세,경상
2023091800100617,2023년 9월 18일 21시,월요일,충청북도 음성군 맹동면,경상사고,0,0,1,0,차대차 - 측면충돌,안전운전불이행,건조,맑음,교차로 - 교차로안,승용,남,39세,상해없음,이륜,남,28세,경상
2023091800100643,2023년 9월 18일 22시,월요일,충청북도 청주시 흥덕구 수의동,경상사고,0,0,1,0,차대차 - 측면충돌,안전운전불이행,건조,맑음,교차로 - 교차로부근,승용,남,63세,상해없음,승용,남,38세,경상
2023091900100013,2023년 9월 19일 01시,화요일,충청북도 청주시 상당구 월오동,부상신고사고,0,0,0,1,차량단독 - 공작물충돌,안전운전불이행,건조,맑음,단일로 - 기타,승용,남,49세,부상신고,,,,
2023091900100016,2023년 9월 19일 02시,화요일,충청북도 청주시 흥덕구 옥산면,경상사고,0,0,4,0,차대차 - 기타,안전운전불이행,건조,맑음,단일로 - 기타,화물,남,52세,상해없음,승용,남,30세,경상
2023091900100020,2023년 9월 19일 03시,화요일,충청북도 제천시 신월동,중상사고,0,1,1,0,차대차 - 정면충돌,신호위반,건조,맑음,교차로 - 교차로안,승용,남,68세,중상,화물,남,39세,경상
2023091900100033,2023년 9월 19일 05시,화요일,충청북도 청주시 서원구 모충동,경상사고,0,0,3,0,차대차 - 측면충돌,안전거리미확보,건조,맑음,단일로 - 기타,승용,남,68세,상해없음,승용,남,21세,경상
2023091900100065,2023년 9월 19일 07시,화요일,충청북도 청주시 흥덕구 오송읍,중상사고,0,1,0,0,차대차 - 정면충돌,중앙선침범,건조,맑음,단일로 - 기타,자전거,여,71세,기타불명,개인형이동수단(PM),남,38세,중상
2023091900100107,2023년 9월 19일 08시,화요일,충청북도 청주시 상당구 탑동,부상신고사고,0,0,0,1,차량단독 - 공작물충돌,안전운전불이행,건조,맑음,단일로 - 기타,승용,여,69세,부상신고,,,,
2023091900100140,2023년 9월 19일 09시,화요일,충청북도 청주시 서원구 사창동,경상사고,0,0,2,0,차대차 - 측면충돌,신호위반,건조,맑음,교차로 - 교차로안,원동기,남,70세,상해없음,승용,남,67세,경상
2023091900100141,2023년 9월 19일 09시,화요일,충청북도 청주시 청원구 북이면,경상사고,0,0,1,0,차대차 - 기타,안전거리미확보,건조,맑음,단일로 - 기타,승용,남,62세,기타불명,승용,남,33세,경상
2023091900100142,2023년 9월 19일 09시,화요일,충청북도 충주시 금릉동,경상사고,0,0,1,0,차대차 - 기타,안전거리미확보,건조,맑음,교차로 - 교차로안,승용,남,76세,상해없음,승용,남,40세,경상
2023091900100143,2023년 9월 19일 09시,화요일,충청북도 제천시 신월동,경상사고,0,0,1,0,차대차 - 기타,안전운전불이행,건조,맑음,교차로 - 교차로안,승용,남,36세,상해없음,승용,남,23세,경상
2023091900100213,2023년 9월 19일 11시,화요일,충청북도 청주시 상당구 금천동,중상사고,0,1,0,0,차대차 - 기타,안전운전불이행,건조,맑음,교차로 - 교차로횡단보도내,승용,남,66세,상해없음,자전거,여,61세,중상
2023091900100247,2023년 9월 19일 12시,화요일,충청북도 제천시 고명동,경상사고,0,0,1,0,차대차 - 측면충돌,신호위반,건조,맑음,교차로 - 교차로안,승용,남,58세,기타불명,화물,남,61세,경상
2023091900100248,2023년 9월 19일 12시,화요일,충청북도 보은군 회남면,중상사고,0,1,0,0,차대차 - 기타,중앙선침범,건조,맑음,단일로 - 기타,화물,남,47세,상해없음,승용,남,42세,중상
2023091900100305,2023년 9월 19일 14시,화요일,충청북도 충주시 신니면,경상사고,0,0,1,0,차대차 - 기타,중앙선침범,건조,맑음,단일로 - 기타,승합,여,70세,상해없음,화물,남,21세,경상
2023091900100306,2023년 9월 19일 14시,화요일,충청북도 제천시 고명동,경상사고,0,0,1,0,차대차 - 추돌,안전거리미확보,건조,흐림,교차로 - 교차로부근,화물,남,52세,상해없음,승용,남,60세,경상
2023091900100307,2023년 9월 19일 14시,화요일,충청북도 보은군 보은읍,중상사고,0,2,2,0,차대차 - 측면충돌,기타,건조,맑음,단일로 - 기타,화물,남,61세,경상,화물,남,35세,중상
2023091900100308,2023년 9월 19일 14시,화요일,충청북도 영동군 추풍령면,사망사고,1,2,0,0,차대차 - 기타,기타,건조,흐림,단일로 - 기타,화물,남,43세,상해없음,승용,여,63세,중상
2023091900100309,2023년 9월 19일 14시,화요일,충청북도 청주시 청원구 오창읍,중상사고,0,1,0,0,차대차 - 측면충돌,신호위반,건조,맑음,단일로 - 기타,화물,남,55세,상해없음,승용,여,39세,중상
2023091900100373,2023년 9월 19일 16시,화요일,충청북도 청주시 상당구 남문로1가,경상사고,0,0,1,0,차대사람 - 차도통행중,안전운전불이행,건조,맑음,단일로 - 지하차도(도로)내,승용,여,52세,상해없음,보행자,남,74세,경상
2023091900100411,2023년 9월 19일 17시,화요일,충청북도 충주시 용두동,경상사고,0,0,1,0,차대차 - 기타,신호위반,건조,맑음,교차로 - 교차로안,승용,남,25세,상해없음,승용,남,21세,경상
2023091900100412,2023년 9월 19일 17시,화요일,충청북도 음성군 금왕읍,경상사고,0,0,1,0,차대차 - 측면충돌,신호위반,건조,맑음,교차로 - 교차로안,승용,여,56세,상해없음,원동기,남,67세,경상
2023091900100413,2023년 9월 19일 17시,화요일,충청북도 단양군 매포읍,경상사고,0,0,4,0,차대차 - 추돌,안전운전불이행,건조,맑음,주차장 - 주차장,건설기계,남,51세,상해없음,승용,남,60세,경상
2023091900100414,2023년 9월 19일 17시,화요일,충청북도 청주시 서원구 수곡동,경상사고,0,0,1,0,차대차 - 측면충돌,안전운전불이행,건조,맑음,교차로 - 교차로안,승용,여,25세,상해없음,이륜,남,36세,경상
2023091900100452,2023년 9월 19일 18시,화요일,충청북도 청주시 서원구 사직동,경상사고,0,0,1,0,차대차 - 추돌,신호위반,건조,맑음,교차로 - 교차로안,승용,남,28세,상해없음,이륜,남,20세,경상
2023091900100453,2023년 9월 19일 18시,화요일,충청북도 충주시 칠금동,중상사고,0,1,1,0,차대차 - 기타,안전운전불이행,건조,맑음,단일로 - 기타,승용,여,25세,기타불명,승용,남,53세,경상
2023091900100454,2023년 9월 19일 18시,화요일,충청북도 옥천군 안내면,중상사고,0,1,0,0,차대사람 - 차도통행중,안전운전불이행,건조,맑음,단일로 - 기타,화물,남,49세,상해없음,보행자,여,64세,중상
2023091900100455,2023년 9월 19일 18시,화요일,충청북도 청주시 흥덕구 오송읍,경상사고,0,0,1,0,차대차 - 기타,안전운전불이행,건조,맑음,교차로 - 교차로안,승용,여,55세,상해없음,승합,여,25세,경상
2023091900100549,2023년 9월 19일 21시,화요일,충청북도 충주시 칠금동,경상사고,0,0,1,0,차대차 - 측면충돌,교차로운행방법위반,건조,맑음,교차로 - 교차로안,승용,남,28세,상해없음,자전거,남,12세,경상
2023091900100550,2023년 9월 19일 21시,화요일,충청북도 제천시 장락동,경상사고,0,0,2,0,차대차 - 측면충돌,안전운전불이행,건조,맑음,교차로 - 교차로안,화물,남,59세,상해없음,승용,남,52세,경상
2023091900100580,2023년 9월 19일 23시,화요일,충청북도 청주시 청원구 내덕동,경상사고,0,0,1,0,차량단독 - 공작물충돌,안전운전불이행,건조,맑음,교차로 - 교차로부근,승용,남,22세,경상,,,,
2023092000100065,2023년 9월 20일 07시,수요일,충청북도 진천군 진천읍,경상사고,0,0,1,0,차대차 - 측면충돌,안전거리미확보,건조,맑음,단일로 - 기타,이륜,남,64세,상해없음,승용,여,53세,경상
2023092000100113,2023년 9월 20일 08시,수요일,충청북도 진천군 진천읍,경상사고,0,0,1,0,차대차 - 측면충돌,직진우회전진행방해,건조,맑음,교차로 - 교차로안,승용,여,75세,상해없음,승용,여,48세,경상
2023092000100114,2023년 9월 20일 08시,수요일,충청북도 청주시 흥덕구 강내면,경상사고,0,0,2,0,차대차 - 정면충돌,중앙선침범,젖음/습기,비,단일로 - 기타,승용,남,57세,상해없음,화물,남,63세,경상
2023092000100115,2023년 9월 20일 08시,수요일,충청북도 청주시 흥덕구 복대동,경상사고,0,0,1,0,차대차 - 후진중충돌,안전운전불이행,건조,맑음,기타 - 기타,승용,남,56세,상해없음,승용,여,49세,경상
2023092000100233,2023년 9월 20일 11시,수요일,충청북도 충주시 동량면,경상사고,0,0,4,0,차대차 - 측면충돌,직진우회전진행방해,젖음/습기,비,교차로 - 교차로안,승용,남,71세,상해없음,화물,남,65세,경상
2023092000100234,2023년 9월 20일 11시,수요일,충청북도 제천시 중앙로2가,경상사고,0,0,1,0,차대차 - 측면충돌,직진우회전진행방해,젖음/습기,비,교차로 - 교차로안,이륜,남,41세,경상,승용,남,66세,상해없음
2023092000100297,2023년 9월 20일 13시,수요일,충청북도 제천시 화산동,경상사고,0,0,2,0,차대차 - 측면충돌,직진우회전진행방해,건조,맑음,교차로 - 교차로안,승용,여,48세,경상,승용,여,68세,경상
2023092000100335,2023년 9월 20일 14시,수요일,충청북도 청주시 청원구 내덕동,경상사고,0,0,1,0,차대차 - 측면충돌,교차로운행방법위반,젖음/습기,비,교차로 - 교차로안,승용,남,73세,상해없음,승용,여,43세,경상
2023092000100336,2023년 9월 20일 14시,수요일,충청북도 청주시 서원구 사창동,경상사고,0,0,1,0,차대사람 - 차도통행중,안전운전불이행,젖음/습기,비,단일로 - 기타,승용,남,34세,상해없음,보행자,남,21세,경상
2023092000100337,2023년 9월 20일 14시,수요일,충청북도 청주시 흥덕구 석소동,경상사고,0,0,1,0,차대차 - 측면충돌,안전운전불이행,젖음/습기,비,단일로 - 기타,승용,남,60세,상해없음,화물,남,34세,경상
2023092000100371,2023년 9월 20일 15시,수요일,충청북도 제천시 고암동,경상사고,0,0,1,0,차대차 - 후진중충돌,안전운전불이행,건조,맑음,주차장 - 주차장,승용,남,50세,상해없음,승용,여,67세,경상
2023092000100372,2023년 9월 20일 15시,수요일,충청북도 음성군 금왕읍,경상사고,0,0,5,0,차대차 - 추돌,안전거리미확보,젖음/습기,비,교차로 - 교차로안,승용,남,71세,상해없음,승용,여,62세,경상
2023092000100373,2023년 9월 20일 15시,수요일,충청북도 청주시 흥덕구 지동동,중상사고,0,1,1,0,차대차 - 측면충돌,신호위반,젖음/습기,비,교차로 - 교차로부근,승용,남,59세,중상,승용,남,49세,경상
2023092000100418,2023년 9월 20일 16시,수요일,충청북도 옥천군 청성면,부상신고사고,0,0,0,1,차량단독 - 전도전복 - 전도,안전운전불이행,젖음/습기,비,단일로 - 기타,이륜,여,59세,부상신고,,,,
2023092000100419,2023년 9월 20일 16시,수요일,충청북도 진천군 문백면,중상사고,0,1,0,0,차대사람 - 횡단중,중앙선침범,젖음/습기,비,교차로 - 교차로안,화물,남,55세,상해없음,보행자,여,70세,중상
2023092000100476,2023년 9월 20일 17시,수요일,충청북도 청주시 청원구 내수읍,경상사고,0,0,2,0,차대차 - 측면충돌,직진우회전진행방해,젖음/습기,비,단일로 - 기타,승용,여,54세,경상,승용,여,60세,경상
2023092000100477,2023년 9월 20일 17시,수요일,충청북도 청주시 흥덕구 서촌동,경상사고,0,0,1,0,차대차 - 추돌,안전거리미확보,젖음/습기,비,교차로 - 교차로부근,승용,남,34세,경상,화물,남,67세,상해없음