사고번호,사고일시,요일,시군구,사고내용,사망자수,중상자수,경상자수,부상신고자수,사고유형,법규위반,노면상태,기상상태,도로형태,가해운전자 차종,가해운전자 성별,가해운전자 연령,가해운전자 상해정도,피해운전자 차종,피해운전자 성별,피해운전자 연령,피해운전자 상해정도
2023092000100478,2023년 9월 20일 17시,수요일,충청북도 청주시 흥덕구 송정동,경상사고,0,0,1,0,차대차 - 측면충돌,안전거리미확보,젖음/습기,비,교차로 - 교차로부근,화물,남,72세,기타불명,승용,남,18세,경상
2023092000100529,2023년 9월 20일 18시,수요일,충청북도 제천시 청전동,경상사고,0,0,1,0,차대차 - 기타,안전거리미확보,젖음/습기,비,교차로 - 교차로부근,화물,남,66세,상해없음,승용,여,46세,경상
2023092000100530,2023년 9월 20일 18시,수요일,충청북도 청주시 흥덕구 가경동,경상사고,0,0,1,0,차대사람 - 횡단중,안전운전불이행,젖음/습기,비,교차로 - 교차로안,승용,남,64세,상해없음,보행자,남,8세,경상
2023092000100531,2023년 9월 20일 18시,수요일,충청북도 청주시 흥덕구 복대동,경상사고,0,0,1,0,차대차 - 추돌,안전운전불이행,젖음/습기,비,교차로 - 교차로안,승용,여,43세,상해없음,이륜,남,35세,경상
2023092000100532,2023년 9월 20일 18시,수요일,충청북도 청주시 흥덕구 옥산면,경상사고,0,0,1,0,차대차 - 측면충돌,안전운전불이행,젖음/습기,비,단일로 - 기타,승합,남,65세,기타불명,승용,남,48세,경상
2023092000100598,2023년 9월 20일 19시,수요일,충청북도 충주시 대소원면,중상사고,0,1,0,0,차대사람 - 횡단중,안전운전불이행,젖음/습기,비,교차로 - 교차로안,승용,남,23세,상해없음,보행자,남,65세,중상
2023092000100599,2023년 9월 20일 19시,수요일,충청북도 충주시 앙성면,경상사고,0,0,1,0,차대차 - 추돌,안전운전불이행,젖음/습기,비,교차로 - 교차로부근,승용,여,54세,상해없음,승용,여,53세,경상
2023092000100600,2023년 9월 20일 19시,수요일,충청북도 청주시 흥덕구 복대동,경상사고,0,0,1,0,차대차 - 후진중충돌,안전운전불이행,젖음/습기,비,교차로 - 교차로부근,승용,남,64세,상해없음,이륜,남,37세,경상
2023092000100646,2023년 9월 20일 20시,수요일,충청북도 진천군 덕산읍,경상사고,0,0,2,0,차대차 - 측면충돌,안전운전불이행,건조,맑음,교차로 - 교차로부근,화물,남,61세,상해없음,승용,남,40세,경상
2023092000100647,2023년 9월 20일 20시,수요일,충청북도 청주시 상당구 용암동,중상사고,0,1,0,0,차대사람 - 횡단중,보행자보호의무위반,젖음/습기,비,기타 - 기타,이륜,남,37세,상해없음,보행자,여,51세,중상
2023092000100682,2023년 9월 20일 21시,수요일,충청북도 청주시 청원구 율량동,경상사고,0,0,2,0,차대차 - 추돌,안전운전불이행,젖음/습기,비,교차로 - 교차로부근,승합,남,30세,상해없음,화물,남,31세,경상
2023092000100683,2023년 9월 20일 21시,수요일,충청북도 청주시 서원구 수곡동,부상신고사고,0,0,0,1,차대사람 - 횡단중,안전운전불이행,젖음/습기,비,교차로 - 교차로횡단보도내,기타불명,기타불명,미분류,기타불명,보행자,여,71세,부상신고
2023092000100711,2023년 9월 20일 22시,수요일,충청북도 청주시 청원구 율량동,중상사고,0,1,0,0,차량단독 - 기타,안전운전불이행,건조,맑음,단일로 - 기타,승합,남,57세,상해없음,,,,
2023092000100712,2023년 9월 20일 22시,수요일,충청북도 청주시 흥덕구 화계동,경상사고,0,0,1,0,차대차 - 측면충돌,안전운전불이행,젖음/습기,기타,교차로 - 교차로부근,승용,남,30세,상해없음,승용,남,27세,경상
2023092000100732,2023년 9월 20일 23시,수요일,충청북도 청주시 청원구 주성동,경상사고,0,0,2,0,차대차 - 정면충돌,중앙선침범,젖음/습기,비,교차로 - 교차로부근,승용,남,49세,상해없음,승용,남,43세,경상
2023092100100009,2023년 9월 21일 01시,목요일,충청북도 청주시 흥덕구 봉명동,중상사고,0,1,0,0,차대차 - 측면충돌,중앙선침범,젖음/습기,비,단일로 - 기타,이륜,남,42세,상해없음,이륜,남,33세,중상
2023092100100019,2023년 9월 21일 04시,목요일,충청북도 청주시 상당구 명암동,중상사고,0,2,0,0,차량단독 - 공작물충돌,안전운전불이행,젖음/습기,비,단일로 - 기타,승용,남,16세,기타불명,,,,
2023092100100061,2023년 9월 21일 07시,목요일,충청북도 청주시 상당구 남일면,경상사고,0,0,3,0,차대차 - 측면충돌,안전운전불이행,건조,맑음,교차로 - 교차로안,승용,여,49세,경상,승용,여,49세,경상
2023092100100099,2023년 9월 21일 08시,목요일,충청북도 청주시 청원구 오창읍,경상사고,0,0,1,0,차대차 - 측면충돌,중앙선침범,건조,맑음,교차로 - 교차로부근,승용,남,30세,상해없음,승용,남,63세,경상
2023092100100100,2023년 9월 21일 08시,목요일,충청북도 청주시 흥덕구 강내면,경상사고,0,0,1,0,차대차 - 기타,중앙선침범,건조,맑음,단일로 - 기타,승용,남,55세,상해없음,화물,남,58세,경상
2023092100100143,2023년 9월 21일 09시,목요일,충청북도 청주시 서원구 남이면,경상사고,0,0,1,0,차대차 - 후진중충돌,안전운전불이행,젖음/습기,비,단일로 - 기타,승용,여,35세,상해없음,승용,남,27세,경상
2023092100100188,2023년 9월 21일 10시,목요일,충청북도 청주시 서원구 남이면,경상사고,0,0,1,0,차대차 - 기타,안전거리미확보,건조,맑음,단일로 - 기타,승용,남,40세,상해없음,화물,남,37세,경상
2023092100100189,2023년 9월 21일 10시,목요일,충청북도 청주시 상당구 문의면,경상사고,0,0,2,0,차대차 - 추돌,안전거리미확보,젖음/습기,비,교차로 - 교차로부근,승용,남,62세,상해없음,화물,남,61세,경상
2023092100100233,2023년 9월 21일 11시,목요일,충청북도 청주시 서원구 사직동,경상사고,0,0,2,0,차대차 - 기타,신호위반,건조,맑음,교차로 - 교차로부근,승용,여,54세,기타불명,승용,여,48세,경상
2023092100100234,2023년 9월 21일 11시,목요일,충청북도 충주시 금가면,경상사고,0,0,1,0,차대차 - 추돌,안전운전불이행,건조,맑음,교차로 - 교차로부근,승용,남,48세,상해없음,승용,남,32세,경상
2023092100100261,2023년 9월 21일 12시,목요일,충청북도 충주시 안림동,중상사고,0,1,0,0,차대사람 - 횡단중,안전운전불이행,건조,맑음,단일로 - 기타,승용,남,30세,상해없음,보행자,여,79세,중상
2023092100100262,2023년 9월 21일 12시,목요일,충청북도 청주시 흥덕구 강서동,중상사고,0,1,0,0,차대차 - 기타,신호위반,건조,맑음,교차로 - 교차로부근,승용,남,54세,상해없음,승용,남,36세,중상
2023092100100324,2023년 9월 21일 14시,목요일,충청북도 청주시 흥덕구 가경동,중상사고,0,1,1,0,차대차 - 측면충돌,신호위반,건조,맑음,교차로 - 교차로안,승용,여,45세,상해없음,승용,남,30세,경상
2023092100100325,2023년 9월 21일 14시,목요일,충청북도 청주시 흥덕구 비하동,경상사고,0,0,1,0,차대차 - 측면충돌,안전운전불이행,건조,맑음,단일로 - 기타,화물,남,41세,상해없음,승용,여,66세,경상
2023092100100350,2023년 9월 21일 15시,목요일,충청북도 보은군 회인면,중상사고,0,2,0,0,차대사람 - 기타,안전운전불이행,건조,맑음,단일로 - 기타,화물,남,60세,상해없음,보행자,여,70세,중상
2023092100100381,2023년 9월 21일 16시,목요일,충청북도 청주시 흥덕구 비하동,경상사고,0,0,3,0,차대차 - 기타,신호위반,건조,맑음,교차로 - 교차로안,승용,남,62세,기타불명,승용,남,63세,경상
2023092100100423,2023년 9월 21일 17시,목요일,충청북도 충주시 중앙탑면,경상사고,0,0,2,0,차대차 - 측면충돌,안전거리미확보,건조,맑음,단일로 - 기타,승용,남,38세,상해없음,이륜,남,22세,경상
2023092100100424,2023년 9월 21일 17시,목요일,충청북도 음성군 맹동면,경상사고,0,0,2,0,차대차 - 측면충돌,신호위반,건조,맑음,교차로 - 교차로안,승용,남,26세,상해없음,이륜,남,26세,경상
2023092100100464,2023년 9월 21일 18시,목요일,충청북도 음성군 원남면,중상사고,0,1,2,0,차대차 - 추돌,안전운전불이행,건조,맑음,단일로 - 기타,승용,남,48세,경상,승합,남,51세,중상
2023092100100465,2023년 9월 21일 18시,목요일,충청북도 청주시 청원구 오창읍,중상사고,0,3,13,0,차대차 - 추돌,안전거리미확보,건조,맑음,단일로 - 기타,승합,남,61세,중상,화물,남,40세,경상
2023092100100509,2023년 9월 21일 19시,목요일,충청북도 청주시 흥덕구 휴암동,경상사고,0,0,2,0,차대차 - 추돌,안전거리미확보,건조,맑음,단일로 - 기타,승용,남,28세,상해없음,승용,남,24세,경상
2023092100100510,2023년 9월 21일 19시,목요일,충청북도 청주시 상당구 용암동,중상사고,0,1,1,0,차대차 - 측면충돌,교차로운행방법위반,건조,맑음,교차로 - 교차로안,승용,남,27세,경상,이륜,남,19세,중상
2023092100100596,2023년 9월 21일 22시,목요일,충청북도 청주시 서원구 미평동,경상사고,0,0,1,0,차대차 - 측면충돌,중앙선침범,건조,맑음,단일로 - 지하차도(도로)내,승용,남,28세,상해없음,이륜,남,42세,경상
2023092100100617,2023년 9월 21일 23시,목요일,충청북도 음성군 대소면,경상사고,0,0,2,0,차량단독 - 공작물충돌,안전운전불이행,건조,맑음,단일로 - 기타,승용,남,35세,경상,,,,
2023092100100618,2023년 9월 21일 23시,목요일,충청북도 청주시 흥덕구 복대동,경상사고,0,0,1,0,차대차 - 측면충돌,신호위반,건조,맑음,교차로 - 교차로부근,이륜,남,31세,경상,승용,남,26세,상해없음
2023092200100042,2023년 9월 22일 05시,금요일,충청북도 진천군 진천읍,중상사고,0,1,1,0,차대차 - 측면충돌,안전거리미확보,건조,맑음,교차로 - 교차로부근,이륜,남,90세,중상,승용,여,62세,경상
2023092200100056,2023년 9월 22일 06시,금요일,충청북도 제천시 장락동,중상사고,0,1,0,0,차대차 - 기타,안전운전불이행,건조,맑음,교차로 - 교차로안,승용,남,28세,상해없음,화물,남,74세,상해없음
2023092200100057,2023년 9월 22일 06시,금요일,충청북도 청주시 흥덕구 가경동,경상사고,0,0,1,0,차대차 - 후진중충돌,안전운전불이행,건조,맑음,단일로 - 기타,화물,남,42세,상해없음,화물,남,57세,경상
2023092200100083,2023년 9월 22일 07시,금요일,충청북도 청주시 흥덕구 복대동,부상신고사고,0,0,0,1,차대차 - 기타,교차로운행방법위반,건조,맑음,교차로 - 교차로안,기타불명,기타불명,미분류,기타불명,개인형이동수단(PM),여,27세,부상신고
2023092200100084,2023년 9월 22일 07시,금요일,충청북도 청주시 상당구 금천동,중상사고,0,1,0,0,차대사람 - 기타,안전운전불이행,건조,맑음,기타 - 기타,자전거,남,17세,상해없음,보행자,여,62세,중상
2023092200100128,2023년 9월 22일 08시,금요일,충청북도 청주시 청원구 내덕동,경상사고,0,0,1,0,차대차 - 측면충돌,안전운전불이행,건조,맑음,단일로 - 기타,승용,남,45세,상해없음,자전거,여,49세,경상
2023092200100173,2023년 9월 22일 09시,금요일,충청북도 청주시 청원구 오창읍,경상사고,0,0,1,0,차대차 - 기타,교차로운행방법위반,건조,맑음,교차로 - 교차로안,승용,남,49세,상해없음,승용,여,43세,경상
2023092200100174,2023년 9월 22일 09시,금요일,충청북도 진천군 광혜원면,경상사고,0,0,2,0,차대차 - 측면충돌,안전운전불이행,건조,맑음,단일로 - 기타,승용,남,61세,경상,화물,남,65세,경상
2023092200100213,2023년 9월 22일 10시,금요일,충청북도 청주시 상당구 석교동,부상신고사고,0,0,0,1,차대사람 - 기타,안전운전불이행,건조,맑음,단일로 - 지하차도(도로)내,자전거,남,66세,상해없음,보행자,남,51세,부상신고
2023092200100250,2023년 9월 22일 11시,금요일,충청북도 청주시 서원구 개신동,경상사고,0,0,1,0,차대차 - 측면충돌,교차로운행방법위반,건조,맑음,교차로 - 교차로안,승용,여,62세,상해없음,자전거,남,23세,경상
2023092200100251,2023년 9월 22일 11시,금요일,충청북도 청주시 상당구 용암동,중상사고,0,1,0,0,차대사람 - 횡단중,보행자보호의무위반,건조,맑음,단일로 - 기타,승합,남,50세,상해없음,보행자,여,81세,중상
2023092200100323,2023년 9월 22일 13시,금요일,충청북도 청주시 청원구 내덕동,중상사고,0,1,0,0,차대차 - 기타,교차로운행방법위반,건조,맑음,교차로 - 교차로안,개인형이동수단(PM),여,19세,중상,승용,남,82세,상해없음
2023092200100324,2023년 9월 22일 13시,금요일,충청북도 충주시 노은면,경상사고,0,0,1,0,차대차 - 추돌,안전운전불이행,건조,맑음,단일로 - 기타,승용,남,23세,상해없음,승용,남,41세,경상
2023092200100357,2023년 9월 22일 14시,금요일,충청북도 충주시 주덕읍,중상사고,0,1,0,0,차대차 - 측면충돌,중앙선침범,건조,맑음,단일로 - 기타,승용,남,24세,상해없음,이륜,남,61세,중상
2023092200100358,2023년 9월 22일 14시,금요일,충청북도 청주시 상당구 용암동,중상사고,0,1,0,0,차대차 - 정면충돌,중앙선침범,건조,맑음,교차로 - 교차로안,승용,여,57세,상해없음,승용,여,18세,중상
2023092200100404,2023년 9월 22일 15시,금요일,충청북도 충주시 문화동,경상사고,0,0,1,0,차대차 - 기타,안전거리미확보,건조,맑음,교차로 - 교차로안,이륜,여,61세,경상,승용,남,32세,상해없음
2023092200100405,2023년 9월 22일 15시,금요일,충청북도 제천시 고암동,중상사고,0,3,1,0,차대차 - 추돌,안전운전불이행,건조,맑음,교차로 - 교차로부근,승용,여,53세,상해없음,승용,남,60세,경상
2023092200100459,2023년 9월 22일 16시,금요일,충청북도 음성군 음성읍,중상사고,0,1,0,0,차대사람 - 차도통행중,안전운전불이행,건조,맑음,단일로 - 기타,승용,남,68세,상해없음,보행자,여,84세,중상
2023092200100460,2023년 9월 22일 16시,금요일,충청북도 청주시 흥덕구 운천동,경상사고,0,0,1,0,차대차 - 기타,안전운전불이행,건조,맑음,단일로 - 기타,승용,남,64세,기타불명,이륜,남,20세,경상
2023092200100461,2023년 9월 22일 16시,금요일,충청북도 청주시 서원구 산남동,경상사고,0,0,2,0,차량단독 - 기타,안전운전불이행,건조,맑음,교차로 - 교차로안,승용,남,73세,상해없음,,,,
2023092200100519,2023년 9월 22일 17시,금요일,충청북도 제천시 신동,경상사고,0,0,2,0,차대차 - 추돌,안전거리미확보,건조,맑음,기타 - 기타,화물,남,52세,상해없음,승용,남,28세,경상
2023092200100520,2023년 9월 22일 17시,금요일,충청북도 보은군 보은읍,중상사고,0,1,1,0,차대차 - 측면충돌,교차로운행방법위반,건조,맑음,교차로 - 교차로안,승용,여,39세,중상,승용,남,54세,경상
2023092200100584,2023년 9월 22일 18시,금요일,충청북도 청주시 상당구 용정동,중상사고,0,1,0,0,차대차 - 기타,안전운전불이행,건조,맑음,교차로 - 교차로안,승용,남,33세,상해없음,이륜,남,52세,중상
2023092200100656,2023년 9월 22일 19시,금요일,충청북도 청주시 청원구 북이면,경상사고,0,0,4,0,차대차 - 추돌,안전운전불이행,건조,맑음,단일로 - 기타,승용,남,30세,상해없음,승용,남,40세,경상
2023092200100657,2023년 9월 22일 19시,금요일,충청북도 청주시 서원구 사창동,경상사고,0,0,1,0,차대차 - 기타,안전거리미확보,건조,맑음,교차로 - 교차로안,이륜,남,54세,상해없음,승용,남,26세,경상
2023092200100658,2023년 9월 22일 19시,금요일,충청북도 증평군 증평읍,부상신고사고,0,0,0,1,차대사람 - 횡단중,보행자보호의무위반,건조,맑음,교차로 - 교차로횡단보도내,이륜,남,46세,상해없음,보행자,여,6세,부상신고
2023092200100693,2023년 9월 22일 20시,금요일,충청북도 제천시 중앙로1가,중상사고,0,1,2,0,차대차 - 측면충돌,신호위반,건조,맑음,교차로 - 교차로안,승용,여,27세,기타불명,화물,남,58세,중상
2023092200100694,2023년 9월 22일 20시,금요일,충청북도 청주시 흥덕구 송정동,경상사고,0,0,2,0,차대차 - 측면충돌,신호위반,젖음/습기,비,교차로 - 교차로안,승용,남,58세,상해없음,승용,남,55세,경상
2023092200100749,2023년 9월 22일 22시,금요일,충청북도 충주시 봉방동,경상사고,0,0,1,0,차대차 - 측면충돌,신호위반,건조,맑음,교차로 - 교차로안,승용,남,64세,상해없음,승용,여,27세,경상
2023092200100778,2023년 9월 22일 23시,금요일,충청북도 충주시 호암동,중상사고,0,1,1,0,차대사람 - 횡단중,보행자보호의무위반,건조,맑음,단일로 - 기타,승용,남,19세,상해없음,보행자,여,46세,중상
2023092300100011,2023년 9월 23일 00시,토요일,충청북도 충주시 호암동,경상사고,0,0,2,0,차대차 - 추돌,안전운전불이행,건조,맑음,기타 - 기타,승용,남,40세,상해없음,승용,여,26세,경상
2023092300100040,2023년 9월 23일 02시,토요일,충청북도 진천군 진천읍,경상사고,0,0,1,0,차대사람 - 차도통행중,안전운전불이행,건조,맑음,단일로 - 기타,승용,남,22세,상해없음,보행자,남,20세,경상
2023092300100105,2023년 9월 23일 08시,토요일,충청북도 괴산군 감물면,중상사고,0,2,0,0,차대차 - 추돌,직진우회전진행방해,건조,맑음,교차로 - 교차로안,화물,남,68세,상해없음,승용,남,61세,상해없음
2023092300100132,2023년 9월 23일 09시,토요일,충청북도 제천시 하소동,중상사고,0,1,0,0,차대차 - 기타,안전운전불이행,건조,맑음,교차로 - 교차로안,자전거,남,58세,중상,승용,남,80세,상해없음
2023092300100171,2023년 9월 23일 10시,토요일,충청북도 괴산군 문광면,중상사고,0,1,0,0,차량단독 - 전도전복 - 전도,안전운전불이행,건조,맑음,단일로 - 기타,이륜,남,31세,중상,,,,
2023092300100172,2023년 9월 23일 10시,토요일,충청북도 음성군 금왕읍,경상사고,0,0,1,0,차대차 - 추돌,안전운전불이행,건조,맑음,단일로 - 기타,승용,여,65세,상해없음,승용,여,56세,경상
2023092300100173,2023년 9월 23일 10시,토요일,충청북도 단양군 매포읍,경상사고,0,0,2,0,차대차 - 기타,안전운전불이행,건조,맑음,교차로 - 교차로안,승용,남,63세,상해없음,승용,남,80세,경상
2023092300100174,2023년 9월 23일 10시,토요일,충청북도 진천군 진천읍,경상사고,0,0,4,0,차대차 - 측면충돌,차로위반,건조,맑음,단일로 - 기타,승합,남,56세,상해없음,승용,남,51세,경상
2023092300100175,2023년 9월 23일 10시,토요일,충청북도 청주시 흥덕구 지동동,경상사고,0,0,1,0,차대차 - 측면충돌,안전거리미확보,건조,맑음,교차로 - 교차로부근,승용,여,60세,상해없음,승용,남,43세,경상
2023092300100265,2023년 9월 23일 12시,토요일,충청북도 청주시 서원구 사창동,경상사고,0,0,1,0,차대차 - 추돌,안전운전불이행,건조,맑음,단일로 - 기타,승용,남,31세,상해없음,승용,여,52세,경상
2023092300100266,2023년 9월 23일 12시,토요일,충청북도 진천군 덕산읍,경상사고,0,0,1,0,차대차 - 측면충돌,신호위반,건조,맑음,교차로 - 교차로안,화물,남,72세,상해없음,승용,남,40세,경상
2023092300100301,2023년 9월 23일 13시,토요일,충청북도 진천군 진천읍,중상사고,0,1,0,0,차대차 - 측면충돌,기타,건조,맑음,단일로 - 기타,승합,남,55세,상해없음,자전거,남,85세,중상
2023092300100329,2023년 9월 23일 14시,토요일,충청북도 청주시 상당구 북문로2가,경상사고,0,0,1,0,차대차 - 기타,안전거리미확보,건조,맑음,교차로 - 교차로부근,이륜,남,83세,상해없음,승용,여,53세,경상
2023092300100330,2023년 9월 23일 14시,토요일,충청북도 청주시 상당구 영동,경상사고,0,0,1,0,차대차 - 측면충돌,안전운전불이행,건조,맑음,기타 - 기타,자전거,남,74세,경상,화물,기타불명,미분류,기타불명
2023092300100331,2023년 9월 23일 14시,토요일,충청북도 청주시 청원구 내덕동,경상사고,0,0,1,0,차대차 - 추돌,교차로운행방법위반,건조,맑음,교차로 - 교차로안,자전거,남,12세,경상,승용,남,62세,상해없음
2023092300100332,2023년 9월 23일 14시,토요일,충청북도 진천군 진천읍,경상사고,0,0,1,0,차대차 - 측면충돌,교차로운행방법위반,건조,맑음,교차로 - 교차로안,승용,남,68세,상해없음,승용,남,38세,경상
2023092300100333,2023년 9월 23일 14시,토요일,충청북도 청주시 흥덕구 옥산면,중상사고,0,1,0,0,차대차 - 측면충돌,중앙선침범,건조,맑음,단일로 - 기타,승용,남,20세,상해없음,승용,남,33세,중상
2023092300100496,2023년 9월 23일 18시,토요일,충청북도 청주시 서원구 사창동,경상사고,0,0,1,0,차대차 - 기타,신호위반,건조,맑음,교차로 - 교차로부근,승용,남,30세,상해없음,이륜,남,27세,경상
2023092300100497,2023년 9월 23일 18시,토요일,충청북도 청주시 서원구 사직동,경상사고,0,0,3,0,차대차 - 기타,차로위반,건조,맑음,교차로 - 교차로부근,이륜,남,38세,경상,승용,남,62세,경상
2023092300100536,2023년 9월 23일 19시,토요일,충청북도 충주시 지현동,경상사고,0,0,1,0,차대차 - 기타,직진우회전진행방해,건조,맑음,교차로 - 교차로안,승용,남,71세,상해없음,자전거,남,62세,경상
2023092300100568,2023년 9월 23일 20시,토요일,충청북도 청주시 서원구 산남동,경상사고,0,0,1,0,차대차 - 측면충돌,안전운전불이행,건조,흐림,교차로 - 교차로부근,승용,남,66세,상해없음,승용,여,59세,경상
2023092300100595,2023년 9월 23일 21시,토요일,충청북도 청주시 청원구 율량동,경상사고,0,0,1,0,차대차 - 후진중충돌,안전운전불이행,건조,맑음,단일로 - 기타,승용,남,50세,상해없음,승용,남,22세,경상
2023092300100596,2023년 9월 23일 21시,토요일,충청북도 청주시 상당구 금천동,경상사고,0,0,1,0,차대차 - 기타,안전운전불이행,건조,맑음,교차로 - 교차로부근,이륜,남,27세,경상,승합,여,58세,상해없음
2023092400100007,2023년 9월 24일 00시,일요일,충청북도 괴산군 청안면,사망사고,1,0,0,0,차량단독 - 공작물충돌,안전운전불이행,건조,맑음,단일로 - 기타,이륜,남,27세,사망,,,,
2023092400100084,2023년 9월 24일 08시,일요일,충청북도 충주시 목행동,경상사고,0,0,1,0,차대차 - 추돌,안전운전불이행,건조,맑음,단일로 - 기타,승용,남,62세,상해없음,승용,남,30세,경상
2023092400100152,2023년 9월 24일 11시,일요일,충청북도 청주시 청원구 율량동,중상사고,0,1,11,0,차대차 - 추돌,안전운전불이행,건조,맑음,교차로 - 교차로부근,승용,남,52세,경상,승용,남,27세,경상
2023092400100153,2023년 9월 24일 11시,일요일,충청북도 제천시 의림동,경상사고,0,0,3,0,차대차 - 후진중충돌,안전운전불이행,건조,맑음,기타 - 기타,승용,남,61세,상해없음,승용,여,60세,경상
2023092400100187,2023년 9월 24일 12시,일요일,충청북도 청주시 청원구 주중동,중상사고,0,1,1,0,차대차 - 추돌,안전운전불이행,건조,맑음,교차로 - 교차로부근,이륜,남,37세,중상,승용,남,59세,경상
2023092400100188,2023년 9월 24일 12시,일요일,충청북도 청주시 상당구 산성동,경상사고,0,0,3,0,차대차 - 측면충돌,안전운전불이행,건조,맑음,교차로 - 교차로안,승용,남,63세,상해없음,승용,남,54세,경상
2023092400100286,2023년 9월 24일 15시,일요일,충청북도 충주시 문화동,중상사고,0,1,0,0,차대차 - 기타,안전운전불이행,건조,맑음,단일로 - 기타,자전거,남,69세,상해없음,자전거,남,85세,중상
2023092400100287,2023년 9월 24일 15시,일요일,충청북도 청주시 서원구 수곡동,경상사고,0,0,3,0,차대차 - 후진중충돌,안전운전불이행,건조,맑음,교차로 - 교차로부근,화물,남,65세,상해없음,승용,남,22세,경상
2023092400100315,2023년 9월 24일 16시,일요일,충청북도 청주시 흥덕구 봉명동,경상사고,0,0,3,0,차대차 - 측면충돌,안전운전불이행,건조,맑음,교차로 - 교차로안,이륜,남,19세,기타불명,승용,여,46세,경상
2023092400100316,2023년 9월 24일 16시,일요일,충청북도 청주시 상당구 북문로1가,중상사고,0,1,0,0,차대차 - 측면충돌,안전운전불이행,건조,맑음,교차로 - 교차로안,승용,남,22세,상해없음,이륜,남,35세,중상
2023092400100341,2023년 9월 24일 17시,일요일,충청북도 청주시 청원구 율량동,중상사고,0,1,0,0,차대차 - 측면충돌,기타,건조,맑음,교차로 - 교차로부근,승용,남,71세,상해없음,이륜,남,42세,중상
2023092400100342,2023년 9월 24일 17시,일요일,충청북도 충주시 연수동,중상사고,0,1,0,0,차대사람 - 기타,안전운전불이행,건조,맑음,기타 - 기타,승용,남,79세,상해없음,보행자,남,10세,중상
2023092400100343,2023년 9월 24일 17시,일요일,충청북도 청주시 흥덕구 운천동,경상사고,0,0,1,0,차량단독 - 기타,안전운전불이행,건조,맑음,단일로 - 기타,개인형이동수단(PM),남,43세,경상,,,,
2023092400100370,2023년 9월 24일 18시,일요일,충청북도 청주시 서원구 현도면,중상사고,0,1,0,0,차대사람 - 횡단중,안전운전불이행,건조,맑음,교차로 - 교차로부근,승용,남,59세,기타불명,보행자,남,51세,중상
2023092400100371,2023년 9월 24일 18시,일요일,충청북도 청주시 흥덕구 복대동,경상사고,0,0,1,0,차대차 - 측면충돌,중앙선침범,건조,맑음,교차로 - 교차로부근,승용,남,38세,상해없음,승용,남,42세,경상
2023092400100426,2023년 9월 24일 20시,일요일,충청북도 청주시 서원구 개신동,경상사고,0,0,3,0,차대차 - 측면충돌,중앙선침범,건조,맑음,교차로 - 교차로부근,승용,여,55세,상해없음,승용,여,22세,경상
2023092500100006,2023년 9월 25일 00시,월요일,충청북도 충주시 칠금동,경상사고,0,0,4,0,차대차 - 측면충돌,안전운전불이행,건조,맑음,교차로 - 교차로안,승용,여,32세,상해없음,승용,남,20세,경상
2023092500100027,2023년 9월 25일 05시,월요일,충청북도 제천시 수산면,중상사고,0,1,1,0,차량단독 - 공작물충돌,안전운전불이행,건조,맑음,교차로 - 교차로안,승용,남,60세,경상,,,,
2023092500100092,2023년 9월 25일 08시,월요일,충청북도 청주시 서원구 사직동,경상사고,0,0,1,0,차대차 - 측면충돌,신호위반,건조,맑음,교차로 - 교차로안,승용,여,54세,상해없음,승용,남,50세,경상
2023092500100093,2023년 9월 25일 08시,월요일,충청북도 충주시 용두동,중상사고,0,1,2,0,차대차 - 추돌,안전운전불이행,건조,맑음,단일로 - 기타,승용,여,49세,상해없음,승용,여,67세,중상
2023092500100094,2023년 9월 25일 08시,월요일,충청북도 청주시 서원구 분평동,경상사고,0,0,1,0,차대사람 - 길가장자리구역통행중,기타,건조,맑음,단일로 - 지하차도(도로)내,개인형이동수단(PM),남,16세,상해없음,보행자,여,24세,경상
2023092500100146,2023년 9월 25일 09시,월요일,충청북도 증평군 증평읍,경상사고,0,0,4,0,차대차 - 추돌,안전거리미확보,건조,맑음,단일로 - 기타,화물,남,33세,상해없음,승용,남,42세,경상
2023092500100147,2023년 9월 25일 09시,월요일,충청북도 음성군 금왕읍,중상사고,0,1,1,0,차대차 - 측면충돌,안전운전불이행,건조,맑음,교차로 - 교차로안,승합,남,54세,경상,승용,남,47세,중상
2023092500100148,2023년 9월 25일 09시,월요일,충청북도 청주시 흥덕구 봉명동,경상사고,0,0,1,0,차대차 - 측면충돌,안전거리미확보,건조,맑음,단일로 - 기타,승용,여,59세,상해없음,승용,남,59세,경상
2023092500100229,2023년 9월 25일 11시,월요일,충청북도 청주시 청원구 우암동,중상사고,0,1,0,0,차대차 - 기타,차로위반,건조,맑음,단일로 - 기타,자전거,남,83세,중상,승용,여,25세,상해없음
2023092500100230,2023년 9월 25일 11시,월요일,충청북도 청주시 흥덕구 신봉동,경상사고,0,0,1,0,차대차 - 측면충돌,안전운전불이행,건조,맑음,교차로 - 교차로부근,이륜,남,75세,경상,승용,여,52세,상해없음
2023092500100309,2023년 9월 25일 13시,월요일,충청북도 충주시 용산동,경상사고,0,0,1,0,차대차 - 기타,안전운전불이행,건조,맑음,기타 - 기타,승용,남,79세,상해없음,개인형이동수단(PM),남,18세,경상