사고번호,사고일시,요일,시군구,사고내용,사망자수,중상자수,경상자수,부상신고자수,사고유형,법규위반,노면상태,기상상태,도로형태,가해운전자 차종,가해운전자 성별,가해운전자 연령,가해운전자 상해정도,피해운전자 차종,피해운전자 성별,피해운전자 연령,피해운전자 상해정도
2023101100100233,2023년 10월 11일 12시,수요일,충청북도 진천군 덕산읍,경상사고,0,0,1,0,차대차 - 측면충돌,교차로운행방법위반,건조,맑음,교차로 - 교차로안,승용,남,40세,상해없음,승용,여,43세,경상
2023101100100234,2023년 10월 11일 12시,수요일,충청북도 청주시 상당구 용암동,부상신고사고,0,0,0,1,차대사람 - 기타,안전운전불이행,건조,맑음,단일로 - 지하차도(도로)내,기타불명,기타불명,미분류,기타불명,보행자,여,81세,부상신고
2023101100100275,2023년 10월 11일 13시,수요일,충청북도 옥천군 옥천읍,중상사고,0,1,0,0,차대차 - 측면충돌,안전운전불이행,건조,맑음,교차로 - 교차로안,화물,남,46세,상해없음,승용,여,61세,중상
2023101100100276,2023년 10월 11일 13시,수요일,충청북도 옥천군 옥천읍,중상사고,0,1,3,0,차대차 - 측면충돌,중앙선침범,건조,맑음,교차로 - 교차로안,승용,여,57세,상해없음,승용,남,33세,중상
2023101100100277,2023년 10월 11일 13시,수요일,충청북도 제천시 봉양읍,경상사고,0,0,2,0,차대차 - 추돌,안전운전불이행,건조,맑음,단일로 - 기타,화물,남,37세,상해없음,화물,남,50세,상해없음
2023101100100305,2023년 10월 11일 14시,수요일,충청북도 증평군 증평읍,중상사고,0,1,0,0,차대사람 - 길가장자리구역통행중,안전운전불이행,건조,맑음,단일로 - 기타,승용,남,75세,상해없음,보행자,남,72세,중상
2023101100100384,2023년 10월 11일 16시,수요일,충청북도 청주시 청원구 오창읍,경상사고,0,0,4,0,차대차 - 측면충돌,교차로운행방법위반,건조,맑음,교차로 - 교차로안,승용,남,69세,상해없음,승용,여,36세,경상
2023101100100415,2023년 10월 11일 17시,수요일,충청북도 진천군 초평면,중상사고,0,1,1,0,차대차 - 측면충돌,교차로운행방법위반,건조,맑음,교차로 - 교차로안,화물,남,59세,상해없음,화물,남,75세,중상
2023101100100485,2023년 10월 11일 18시,수요일,충청북도 충주시 연수동,경상사고,0,0,1,0,차대차 - 측면충돌,교차로운행방법위반,건조,맑음,교차로 - 교차로안,승용,남,60세,상해없음,이륜,남,60세,경상
2023101100100486,2023년 10월 11일 18시,수요일,충청북도 옥천군 옥천읍,중상사고,0,1,0,0,차대사람 - 차도통행중,안전운전불이행,건조,맑음,단일로 - 기타,화물,남,60세,상해없음,보행자,여,46세,중상
2023101100100487,2023년 10월 11일 18시,수요일,충청북도 청주시 서원구 죽림동,경상사고,0,0,1,0,차대차 - 추돌,안전운전불이행,건조,맑음,단일로 - 기타,승용,남,51세,상해없음,승용,남,59세,경상
2023101100100552,2023년 10월 11일 19시,수요일,충청북도 청주시 청원구 율량동,중상사고,0,1,0,0,차대사람 - 횡단중,보행자보호의무위반,건조,맑음,교차로 - 교차로안,화물,여,44세,상해없음,보행자,남,18세,중상
2023101100100594,2023년 10월 11일 20시,수요일,충청북도 음성군 대소면,중상사고,0,1,2,0,차대차 - 측면충돌,중앙선침범,건조,맑음,교차로 - 교차로부근,승용,남,49세,상해없음,승용,남,63세,경상
2023101100100595,2023년 10월 11일 20시,수요일,충청북도 청주시 상당구 용정동,경상사고,0,0,1,0,차대차 - 측면충돌,중앙선침범,건조,맑음,단일로 - 기타,이륜,남,47세,상해없음,이륜,남,28세,경상
2023101100100629,2023년 10월 11일 21시,수요일,충청북도 충주시 연수동,경상사고,0,0,1,0,차대사람 - 횡단중,보행자보호의무위반,건조,기타,교차로 - 교차로부근,승용,여,52세,상해없음,보행자,여,43세,경상
2023101100100630,2023년 10월 11일 21시,수요일,충청북도 음성군 음성읍,중상사고,0,1,0,0,차대차 - 추돌,안전운전불이행,건조,맑음,단일로 - 기타,화물,남,51세,상해없음,화물,남,76세,중상
2023101100100655,2023년 10월 11일 22시,수요일,충청북도 청주시 청원구 내덕동,중상사고,0,1,0,0,차대사람 - 횡단중,안전운전불이행,건조,맑음,단일로 - 기타,이륜,남,19세,상해없음,보행자,남,12세,중상
2023101100100670,2023년 10월 11일 23시,수요일,충청북도 충주시 문화동,경상사고,0,0,2,0,차대차 - 측면충돌,신호위반,건조,맑음,교차로 - 교차로안,승용,남,46세,상해없음,승용,여,46세,경상
2023101100100671,2023년 10월 11일 23시,수요일,충청북도 청주시 상당구 금천동,경상사고,0,0,3,0,차대차 - 측면충돌,교차로운행방법위반,건조,맑음,교차로 - 교차로안,승용,남,18세,상해없음,승합,남,56세,경상
2023101200100004,2023년 10월 12일 00시,목요일,충청북도 음성군 감곡면,사망사고,1,0,1,0,차대차 - 추돌,안전운전불이행,건조,맑음,기타 - 기타,승용,남,26세,사망,특수,남,45세,경상
2023101200100005,2023년 10월 12일 00시,목요일,충청북도 음성군 감곡면,중상사고,0,2,0,0,차대차 - 추돌,안전운전불이행,건조,맑음,단일로 - 기타,화물,남,64세,중상,특수,남,48세,중상
2023101200100029,2023년 10월 12일 03시,목요일,충청북도 청주시 청원구 오창읍,경상사고,0,0,1,0,차대차 - 기타,안전운전불이행,건조,맑음,교차로 - 교차로부근,승용,남,46세,상해없음,승용,남,31세,경상
2023101200100052,2023년 10월 12일 06시,목요일,충청북도 증평군 증평읍,사망사고,1,0,0,0,차대차 - 기타,안전운전불이행,건조,맑음,기타 - 기타,화물,남,70세,상해없음,자전거,남,55세,사망
2023101200100101,2023년 10월 12일 08시,목요일,충청북도 음성군 음성읍,경상사고,0,0,1,0,차대차 - 측면충돌,교차로운행방법위반,건조,맑음,교차로 - 교차로안,승용,남,54세,상해없음,승용,여,29세,경상
2023101200100149,2023년 10월 12일 09시,목요일,충청북도 청주시 서원구 사직동,경상사고,0,0,1,0,차대사람 - 횡단중,보행자보호의무위반,건조,맑음,교차로 - 교차로횡단보도내,승용,남,83세,상해없음,보행자,남,75세,경상
2023101200100150,2023년 10월 12일 09시,목요일,충청북도 보은군 보은읍,중상사고,0,1,0,0,차대사람 - 횡단중,안전운전불이행,건조,맑음,교차로 - 교차로안,화물,남,73세,상해없음,보행자,남,64세,중상
2023101200100186,2023년 10월 12일 10시,목요일,충청북도 청주시 청원구 내덕동,경상사고,0,0,1,0,차대차 - 기타,신호위반,건조,맑음,단일로 - 기타,승용,여,68세,상해없음,자전거,남,81세,경상
2023101200100187,2023년 10월 12일 10시,목요일,충청북도 청주시 서원구 개신동,경상사고,0,0,1,0,차대차 - 측면충돌,교차로운행방법위반,건조,맑음,교차로 - 교차로부근,이륜,남,34세,경상,화물,남,31세,상해없음
2023101200100188,2023년 10월 12일 10시,목요일,충청북도 청주시 서원구 수곡동,중상사고,0,1,0,0,차대차 - 기타,직진우회전진행방해,건조,맑음,교차로 - 교차로안,승용,남,44세,상해없음,원동기,여,66세,중상
2023101200100189,2023년 10월 12일 10시,목요일,충청북도 청주시 상당구 용암동,중상사고,0,1,0,0,차대사람 - 보도통행중,기타,건조,맑음,단일로 - 기타,승용,남,40세,상해없음,보행자,남,58세,중상
2023101200100216,2023년 10월 12일 11시,목요일,충청북도 제천시 신백동,경상사고,0,0,1,0,차대사람 - 길가장자리구역통행중,안전운전불이행,건조,맑음,단일로 - 기타,승용,남,25세,상해없음,보행자,남,64세,경상
2023101200100217,2023년 10월 12일 11시,목요일,충청북도 청주시 흥덕구 복대동,경상사고,0,0,1,0,차대사람 - 횡단중,보행자보호의무위반,건조,맑음,교차로 - 교차로안,승용,여,63세,상해없음,보행자,여,31세,경상
2023101200100284,2023년 10월 12일 13시,목요일,충청북도 청주시 흥덕구 가경동,경상사고,0,0,1,0,차대차 - 측면충돌,안전운전불이행,건조,맑음,교차로 - 교차로안,승용,여,43세,상해없음,승용,여,35세,경상
2023101200100286,2023년 10월 12일 13시,목요일,충청북도 청주시 상당구 남일면,중상사고,0,1,0,0,차대사람 - 횡단중,안전운전불이행,건조,맑음,교차로 - 교차로안,승합,남,82세,상해없음,보행자,여,66세,중상
2023101200100324,2023년 10월 12일 14시,목요일,충청북도 청주시 청원구 주중동,경상사고,0,0,1,0,차대차 - 측면충돌,신호위반,건조,맑음,교차로 - 교차로안,승용,남,62세,상해없음,승용,남,37세,경상
2023101200100325,2023년 10월 12일 14시,목요일,충청북도 음성군 맹동면,경상사고,0,0,2,0,차대차 - 후진중충돌,안전운전불이행,건조,맑음,주차장 - 주차장,건설기계,남,48세,상해없음,승용,남,58세,경상
2023101200100326,2023년 10월 12일 14시,목요일,충청북도 청주시 흥덕구 상신동,경상사고,0,0,1,0,차대차 - 기타,안전운전불이행,건조,맑음,단일로 - 기타,승용,여,38세,상해없음,승용,여,44세,경상
2023101200100327,2023년 10월 12일 14시,목요일,충청북도 청주시 상당구 가덕면,중상사고,0,1,0,0,차대차 - 기타,안전운전불이행,건조,맑음,단일로 - 기타,화물,남,25세,상해없음,자전거,남,68세,중상
2023101200100328,2023년 10월 12일 14시,목요일,충청북도 청주시 상당구 남일면,중상사고,0,1,0,0,차대차 - 추돌,안전운전불이행,건조,맑음,단일로 - 지하차도(도로)내,화물,남,41세,상해없음,건설기계,남,51세,중상
2023101200100364,2023년 10월 12일 15시,목요일,충청북도 제천시 청전동,경상사고,0,0,1,0,차대차 - 측면충돌,안전거리미확보,건조,맑음,교차로 - 교차로부근,승용,남,69세,상해없음,승용,남,27세,경상
2023101200100403,2023년 10월 12일 16시,목요일,충청북도 청주시 서원구 성화동,경상사고,0,0,1,0,차대차 - 측면충돌,안전운전불이행,건조,맑음,교차로 - 교차로부근,승용,남,68세,상해없음,승용,남,21세,상해없음
2023101200100434,2023년 10월 12일 17시,목요일,충청북도 제천시 송학면,경상사고,0,0,1,0,차대차 - 기타,기타,건조,맑음,단일로 - 기타,승용,여,55세,경상,특수,남,60세,상해없음
2023101200100476,2023년 10월 12일 18시,목요일,충청북도 충주시 동량면,경상사고,0,0,1,0,차대차 - 측면충돌,안전운전불이행,건조,흐림,단일로 - 기타,자전거,남,78세,경상,특수,남,64세,상해없음
2023101200100477,2023년 10월 12일 18시,목요일,충청북도 증평군 증평읍,경상사고,0,0,1,0,차대차 - 측면충돌,안전운전불이행,건조,맑음,기타 - 기타,승용,남,52세,상해없음,승용,여,26세,상해없음
2023101200100478,2023년 10월 12일 18시,목요일,충청북도 진천군 진천읍,경상사고,0,0,1,0,차대차 - 측면충돌,안전운전불이행,건조,흐림,교차로 - 교차로안,화물,남,75세,상해없음,승용,남,32세,경상
2023101200100543,2023년 10월 12일 19시,목요일,충청북도 청주시 청원구 오창읍,중상사고,0,1,0,0,차대차 - 기타,신호위반,건조,맑음,교차로 - 교차로안,승용,남,58세,상해없음,승용,여,39세,중상
2023101200100605,2023년 10월 12일 21시,목요일,충청북도 충주시 연수동,경상사고,0,0,1,0,차대차 - 기타,직진우회전진행방해,건조,맑음,교차로 - 교차로안,승용,남,47세,상해없음,승용,남,25세,경상
2023101200100622,2023년 10월 12일 22시,목요일,충청북도 제천시 신백동,경상사고,0,0,1,0,차대차 - 측면충돌,안전운전불이행,건조,맑음,교차로 - 교차로부근,승용,여,53세,기타불명,승용,여,46세,경상
2023101300100027,2023년 10월 13일 04시,금요일,충청북도 청주시 상당구 문화동,경상사고,0,0,2,0,차대차 - 측면충돌,안전운전불이행,건조,맑음,교차로 - 교차로안,이륜,남,16세,경상,승용,남,63세,경상
2023101300100066,2023년 10월 13일 07시,금요일,충청북도 음성군 맹동면,경상사고,0,0,1,0,차대차 - 정면충돌,교차로운행방법위반,건조,맑음,교차로 - 교차로안,승용,남,30세,상해없음,승용,남,41세,경상
2023101300100067,2023년 10월 13일 07시,금요일,충청북도 진천군 광혜원면,경상사고,0,0,5,0,차대차 - 추돌,안전운전불이행,건조,흐림,단일로 - 기타,원동기,남,58세,상해없음,화물,남,54세,경상
2023101300100068,2023년 10월 13일 07시,금요일,충청북도 청주시 상당구 용암동,경상사고,0,0,2,0,차대차 - 측면충돌,신호위반,건조,맑음,교차로 - 교차로안,승용,여,64세,상해없음,승용,남,65세,경상
2023101300100100,2023년 10월 13일 08시,금요일,충청북도 제천시 명지동,경상사고,0,0,2,0,차대차 - 측면충돌,안전운전불이행,건조,맑음,교차로 - 교차로안,승용,여,56세,경상,승용,남,58세,상해없음
2023101300100101,2023년 10월 13일 08시,금요일,충청북도 음성군 맹동면,경상사고,0,0,1,0,차대차 - 후진중충돌,안전운전불이행,건조,맑음,교차로 - 교차로안,승용,남,34세,상해없음,승용,여,41세,경상
2023101300100102,2023년 10월 13일 08시,금요일,충청북도 진천군 광혜원면,경상사고,0,0,1,0,차대차 - 정면충돌,안전운전불이행,건조,맑음,단일로 - 기타,화물,남,62세,상해없음,화물,남,55세,경상
2023101300100103,2023년 10월 13일 08시,금요일,충청북도 청주시 상당구 지북동,경상사고,0,0,1,0,차대차 - 측면충돌,안전운전불이행,건조,맑음,교차로 - 교차로부근,승용,여,63세,상해없음,자전거,여,66세,경상
2023101300100142,2023년 10월 13일 09시,금요일,충청북도 청주시 흥덕구 송절동,경상사고,0,0,2,0,차대차 - 측면충돌,신호위반,건조,맑음,교차로 - 교차로안,승용,여,38세,상해없음,승합,여,44세,경상
2023101300100187,2023년 10월 13일 10시,금요일,충청북도 음성군 금왕읍,중상사고,0,2,0,0,차대차 - 기타,신호위반,건조,맑음,교차로 - 교차로안,승용,남,76세,상해없음,화물,남,60세,중상
2023101300100232,2023년 10월 13일 11시,금요일,충청북도 청주시 상당구 북문로2가,경상사고,0,0,2,0,차대차 - 정면충돌,교차로운행방법위반,건조,맑음,교차로 - 교차로안,승용,남,18세,경상,승용,여,25세,경상
2023101300100273,2023년 10월 13일 12시,금요일,충청북도 청주시 서원구 사직동,경상사고,0,0,1,0,차대차 - 기타,교차로운행방법위반,건조,맑음,교차로 - 교차로안,승용,여,26세,상해없음,승용,여,57세,경상
2023101300100274,2023년 10월 13일 12시,금요일,충청북도 진천군 이월면,중상사고,0,1,1,0,차대차 - 정면충돌,신호위반,건조,맑음,교차로 - 교차로안,화물,남,57세,경상,이륜,남,47세,중상
2023101300100307,2023년 10월 13일 13시,금요일,충청북도 제천시 중앙로1가,중상사고,0,1,0,0,차대사람 - 기타,불법유턴,건조,맑음,교차로 - 교차로부근,승용,여,75세,상해없음,보행자,여,76세,중상
2023101300100332,2023년 10월 13일 14시,금요일,충청북도 제천시 중앙로1가,부상신고사고,0,0,0,1,차대차 - 후진중충돌,안전운전불이행,건조,맑음,교차로 - 교차로부근,화물,남,69세,상해없음,자전거,남,53세,부상신고
2023101300100333,2023년 10월 13일 14시,금요일,충청북도 청주시 서원구 분평동,중상사고,0,1,0,0,차대차 - 정면충돌,직진우회전진행방해,건조,맑음,교차로 - 교차로안,화물,남,45세,상해없음,자전거,남,85세,중상
2023101300100366,2023년 10월 13일 15시,금요일,충청북도 청주시 서원구 수곡동,경상사고,0,0,1,0,차대차 - 측면충돌,교차로운행방법위반,건조,맑음,교차로 - 교차로안,이륜,남,26세,상해없음,이륜,남,19세,경상
2023101300100367,2023년 10월 13일 15시,금요일,충청북도 청주시 상당구 방서동,경상사고,0,0,1,0,차대차 - 측면충돌,안전운전불이행,건조,맑음,단일로 - 지하차도(도로)내,승용,남,30세,상해없음,승용,남,73세,경상
2023101300100368,2023년 10월 13일 15시,금요일,충청북도 제천시 금성면,경상사고,0,0,2,0,차대차 - 추돌,안전운전불이행,건조,맑음,단일로 - 기타,승용,남,62세,상해없음,승용,남,67세,경상
2023101300100407,2023년 10월 13일 16시,금요일,충청북도 청주시 청원구 율량동,경상사고,0,0,1,0,차대사람 - 보도통행중,기타,건조,맑음,기타 - 기타,승용,남,46세,상해없음,보행자,여,21세,경상
2023101300100408,2023년 10월 13일 16시,금요일,충청북도 충주시 칠금동,경상사고,0,0,1,0,차대차 - 기타,안전운전불이행,건조,맑음,단일로 - 기타,화물,남,65세,상해없음,승용,여,59세,경상
2023101300100409,2023년 10월 13일 16시,금요일,충청북도 진천군 광혜원면,중상사고,0,1,0,0,차대사람 - 차도통행중,안전운전불이행,건조,맑음,단일로 - 기타,승용,남,50세,상해없음,보행자,여,76세,중상
2023101300100410,2023년 10월 13일 16시,금요일,충청북도 괴산군 연풍면,경상사고,0,0,1,0,차대차 - 추돌,안전운전불이행,건조,맑음,단일로 - 기타,승용,남,30세,상해없음,승용,남,31세,경상
2023101300100507,2023년 10월 13일 18시,금요일,충청북도 보은군 보은읍,경상사고,0,0,1,0,차대차 - 측면충돌,불법유턴,건조,맑음,단일로 - 기타,농기계,여,35세,상해없음,승용,여,56세,경상
2023101300100508,2023년 10월 13일 18시,금요일,충청북도 보은군 보은읍,중상사고,0,2,0,0,차대차 - 추돌,안전운전불이행,건조,기타,단일로 - 기타,화물,남,75세,중상,농기계,남,58세,상해없음
2023101300100509,2023년 10월 13일 18시,금요일,충청북도 음성군 감곡면,중상사고,0,1,2,0,차대차 - 측면충돌,차로위반,건조,맑음,단일로 - 기타,화물,남,61세,상해없음,승용,여,67세,중상
2023101300100510,2023년 10월 13일 18시,금요일,충청북도 단양군 매포읍,경상사고,0,0,1,0,차대차 - 추돌,안전운전불이행,건조,맑음,단일로 - 기타,승용,여,52세,상해없음,승용,남,30세,경상
2023101300100511,2023년 10월 13일 18시,금요일,충청북도 청주시 상당구 북문로1가,경상사고,0,0,1,0,차대사람 - 보도통행중,안전운전불이행,건조,맑음,단일로 - 지하차도(도로)내,화물,남,63세,상해없음,보행자,여,25세,경상
2023101300100512,2023년 10월 13일 18시,금요일,충청북도 청주시 상당구 수동,중상사고,0,1,0,0,차대사람 - 횡단중,보행자보호의무위반,건조,맑음,교차로 - 교차로횡단보도내,승용,남,54세,상해없음,보행자,여,66세,중상
2023101300100593,2023년 10월 13일 19시,금요일,충청북도 청주시 흥덕구 신봉동,부상신고사고,0,0,0,2,차대차 - 추돌,안전운전불이행,건조,맑음,교차로 - 교차로부근,승용,여,68세,상해없음,승용,남,49세,부상신고
2023101300100594,2023년 10월 13일 19시,금요일,충청북도 청주시 흥덕구 복대동,경상사고,0,0,1,0,차대차 - 추돌,안전운전불이행,건조,맑음,교차로 - 교차로부근,승용,남,21세,상해없음,승용,여,46세,경상
2023101300100631,2023년 10월 13일 20시,금요일,충청북도 청주시 청원구 오창읍,중상사고,0,1,1,0,차대차 - 추돌,안전거리미확보,건조,맑음,교차로 - 교차로부근,화물,남,44세,경상,승용,여,51세,중상
2023101300100632,2023년 10월 13일 20시,금요일,충청북도 진천군 광혜원면,중상사고,0,1,0,0,차대사람 - 횡단중,안전운전불이행,건조,맑음,단일로 - 기타,원동기,남,21세,상해없음,보행자,남,51세,중상
2023101300100655,2023년 10월 13일 21시,금요일,충청북도 청주시 흥덕구 운천동,경상사고,0,0,1,0,차대차 - 측면충돌,안전운전불이행,건조,맑음,단일로 - 기타,승용,여,44세,상해없음,승용,여,49세,경상
2023101400100025,2023년 10월 14일 02시,토요일,충청북도 청주시 청원구 오창읍,경상사고,0,0,1,0,차대차 - 정면충돌,신호위반,건조,맑음,교차로 - 교차로안,승용,남,32세,상해없음,화물,남,64세,경상
2023101400100075,2023년 10월 14일 07시,토요일,충청북도 괴산군 청천면,경상사고,0,0,3,0,차대차 - 측면충돌,기타,젖음/습기,안개,교차로 - 교차로안,승용,남,61세,상해없음,화물,남,26세,경상
2023101400100089,2023년 10월 14일 08시,토요일,충청북도 음성군 대소면,부상신고사고,0,0,0,1,차대차 - 기타,안전운전불이행,건조,맑음,단일로 - 기타,이륜,남,27세,부상신고,승용,남,66세,상해없음
2023101400100090,2023년 10월 14일 08시,토요일,충청북도 청주시 서원구 남이면,경상사고,0,0,1,0,차대차 - 추돌,안전운전불이행,건조,맑음,기타 - 기타,화물,남,44세,상해없음,승용,여,66세,경상
2023101400100112,2023년 10월 14일 09시,토요일,충청북도 진천군 백곡면,경상사고,0,0,2,0,차대차 - 측면충돌,안전운전불이행,건조,맑음,단일로 - 기타,승용,남,70세,경상,이륜,남,36세,경상
2023101400100139,2023년 10월 14일 10시,토요일,충청북도 충주시 수안보면,경상사고,0,0,4,0,차대차 - 기타,안전운전불이행,건조,맑음,교차로 - 교차로부근,승용,남,70세,상해없음,승용,남,52세,경상
2023101400100166,2023년 10월 14일 11시,토요일,충청북도 제천시 장락동,경상사고,0,0,2,0,차대차 - 정면충돌,직진우회전진행방해,건조,맑음,교차로 - 교차로안,승용,여,66세,경상,승용,여,49세,경상
2023101400100210,2023년 10월 14일 12시,토요일,충청북도 제천시 신백동,중상사고,0,1,0,0,차대사람 - 기타,안전운전불이행,건조,맑음,기타 - 기타,화물,남,36세,상해없음,보행자,남,80세,중상
2023101400100250,2023년 10월 14일 13시,토요일,충청북도 제천시 봉양읍,경상사고,0,0,2,0,차대차 - 측면충돌,신호위반,건조,맑음,교차로 - 교차로안,승용,남,62세,기타불명,승용,남,29세,경상
2023101400100284,2023년 10월 14일 14시,토요일,충청북도 보은군 산외면,경상사고,0,0,2,0,차대차 - 측면충돌,안전운전불이행,건조,맑음,교차로 - 교차로안,승용,남,52세,상해없음,승용,남,65세,경상
2023101400100322,2023년 10월 14일 15시,토요일,충청북도 괴산군 소수면,중상사고,0,1,0,0,차대차 - 정면충돌,중앙선침범,건조,맑음,단일로 - 기타,승용,여,66세,상해없음,승용,여,62세,중상
2023101400100351,2023년 10월 14일 16시,토요일,충청북도 제천시 모산동,경상사고,0,0,2,0,차대차 - 추돌,안전거리미확보,젖음/습기,비,단일로 - 기타,승용,남,29세,기타불명,승용,남,19세,상해없음
2023101400100352,2023년 10월 14일 16시,토요일,충청북도 진천군 이월면,경상사고,0,0,1,0,차대차 - 추돌,안전운전불이행,건조,맑음,단일로 - 기타,화물,남,69세,상해없음,승용,남,35세,경상
2023101400100353,2023년 10월 14일 16시,토요일,충청북도 청주시 흥덕구 옥산면,경상사고,0,0,2,0,차대차 - 측면충돌,안전거리미확보,건조,맑음,단일로 - 기타,승용,남,30세,경상,승용,남,52세,상해없음
2023101400100424,2023년 10월 14일 18시,토요일,충청북도 충주시 금릉동,경상사고,0,0,2,0,차대차 - 추돌,안전거리미확보,건조,맑음,단일로 - 기타,승용,남,73세,상해없음,승용,남,68세,상해없음
2023101400100425,2023년 10월 14일 18시,토요일,충청북도 제천시 두학동,중상사고,0,1,0,0,차대차 - 추돌,안전운전불이행,젖음/습기,비,단일로 - 기타,화물,남,69세,중상,건설기계,남,62세,기타불명
2023101400100426,2023년 10월 14일 18시,토요일,충청북도 청주시 상당구 석교동,경상사고,0,0,1,0,차대사람 - 횡단중,보행자보호의무위반,젖음/습기,비,단일로 - 기타,승용,여,45세,상해없음,보행자,남,67세,경상
2023101400100460,2023년 10월 14일 19시,토요일,충청북도 청주시 서원구 산남동,중상사고,0,1,0,0,차대차 - 측면충돌,안전거리미확보,젖음/습기,비,교차로 - 교차로부근,승용,여,32세,상해없음,이륜,남,55세,중상
2023101400100496,2023년 10월 14일 20시,토요일,충청북도 청주시 흥덕구 비하동,경상사고,0,0,2,0,차대차 - 추돌,안전운전불이행,건조,맑음,기타 - 기타,이륜,남,17세,상해없음,승용,남,34세,경상
2023101400100531,2023년 10월 14일 21시,토요일,충청북도 청주시 상당구 용암동,경상사고,0,0,1,0,차량단독 - 기타,안전운전불이행,건조,맑음,단일로 - 지하차도(도로)내,승합,남,59세,상해없음,,,,
2023101500100007,2023년 10월 15일 00시,일요일,충청북도 청주시 흥덕구 오송읍,중상사고,0,1,0,0,차대차 - 측면충돌,신호위반,젖음/습기,안개,교차로 - 교차로안,승용,남,41세,상해없음,승용,남,59세,중상
2023101500100030,2023년 10월 15일 02시,일요일,충청북도 청주시 청원구 내수읍,경상사고,0,0,2,0,차대차 - 추돌,안전운전불이행,건조,맑음,교차로 - 교차로부근,승용,여,57세,상해없음,승용,남,52세,경상
2023101500100106,2023년 10월 15일 10시,일요일,충청북도 청주시 청원구 오창읍,경상사고,0,0,1,0,차대차 - 기타,안전운전불이행,건조,맑음,교차로 - 교차로안,승합,남,37세,상해없음,승용,남,42세,경상
2023101500100107,2023년 10월 15일 10시,일요일,충청북도 제천시 신동,사망사고,1,4,0,0,차대차 - 측면충돌,차로위반,건조,맑음,단일로 - 기타,승용,남,63세,상해없음,승합,남,64세,중상
2023101500100128,2023년 10월 15일 11시,일요일,충청북도 충주시 중앙탑면,경상사고,0,0,2,0,차대차 - 후진중충돌,안전운전불이행,건조,맑음,단일로 - 기타,승용,남,29세,상해없음,승용,남,41세,상해없음
2023101500100129,2023년 10월 15일 11시,일요일,충청북도 영동군 심천면,중상사고,0,1,0,0,차대차 - 측면충돌,직진우회전진행방해,건조,맑음,교차로 - 교차로안,승용,여,62세,상해없음,승용,남,45세,중상
2023101500100180,2023년 10월 15일 13시,일요일,충청북도 진천군 광혜원면,경상사고,0,0,2,0,차대차 - 추돌,안전거리미확보,건조,맑음,단일로 - 기타,승용,남,37세,상해없음,승용,남,55세,경상
2023101500100262,2023년 10월 15일 15시,일요일,충청북도 청주시 흥덕구 복대동,경상사고,0,0,1,0,차대차 - 측면충돌,안전운전불이행,건조,맑음,교차로 - 교차로횡단보도내,승용,남,26세,상해없음,자전거,남,21세,경상
2023101500100314,2023년 10월 15일 17시,일요일,충청북도 단양군 대강면,경상사고,0,0,1,0,차대차 - 기타,안전운전불이행,건조,맑음,교차로 - 교차로안,승용,여,72세,상해없음,화물,남,56세,경상
2023101500100315,2023년 10월 15일 17시,일요일,충청북도 진천군 덕산읍,경상사고,0,0,1,0,차대차 - 측면충돌,안전운전불이행,건조,맑음,단일로 - 기타,승용,남,80세,상해없음,이륜,남,59세,경상
2023101500100344,2023년 10월 15일 18시,일요일,충청북도 제천시 하소동,경상사고,0,0,3,0,차대차 - 측면충돌,교차로운행방법위반,건조,맑음,교차로 - 교차로안,이륜,남,22세,기타불명,승용,남,46세,경상
2023101500100374,2023년 10월 15일 19시,일요일,충청북도 청주시 상당구 용암동,경상사고,0,0,2,0,차대차 - 기타,신호위반,건조,맑음,교차로 - 교차로안,승용,남,62세,상해없음,승용,남,51세,경상
2023101500100375,2023년 10월 15일 19시,일요일,충청북도 괴산군 연풍면,경상사고,0,0,1,0,차대차 - 추돌,안전운전불이행,건조,맑음,단일로 - 기타,승용,남,40세,상해없음,승용,남,37세,경상
2023101600100008,2023년 10월 16일 00시,월요일,충청북도 제천시 봉양읍,중상사고,0,1,0,0,차대차 - 추돌,안전운전불이행,건조,맑음,단일로 - 기타,화물,남,67세,상해없음,승용,여,59세,중상
2023101600100037,2023년 10월 16일 05시,월요일,충청북도 청주시 서원구 사창동,중상사고,0,1,0,0,차대사람 - 기타,안전운전불이행,건조,맑음,교차로 - 교차로부근,승용,남,47세,상해없음,보행자,남,43세,중상
2023101600100063,2023년 10월 16일 07시,월요일,충청북도 청주시 청원구 오동동,경상사고,0,0,1,0,차대차 - 기타,신호위반,건조,맑음,교차로 - 교차로안,화물,남,67세,상해없음,승용,남,43세,경상
2023101600100064,2023년 10월 16일 07시,월요일,충청북도 충주시 문화동,경상사고,0,0,1,0,차대차 - 측면충돌,신호위반,건조,맑음,단일로 - 기타,승용,여,54세,상해없음,승용,여,44세,경상