사고번호,사고일시,요일,시군구,사고내용,사망자수,중상자수,경상자수,부상신고자수,사고유형,법규위반,노면상태,기상상태,도로형태,가해운전자 차종,가해운전자 성별,가해운전자 연령,가해운전자 상해정도,피해운전자 차종,피해운전자 성별,피해운전자 연령,피해운전자 상해정도
2023101600100065,2023년 10월 16일 07시,월요일,충청북도 청주시 흥덕구 외북동,경상사고,0,0,1,0,차대차 - 기타,교차로운행방법위반,건조,맑음,교차로 - 교차로부근,승용,남,56세,상해없음,승용,남,39세,경상
2023101600100066,2023년 10월 16일 07시,월요일,충청북도 청주시 서원구 분평동,중상사고,0,1,0,0,차대사람 - 횡단중,안전운전불이행,건조,맑음,단일로 - 지하차도(도로)내,승용,여,54세,상해없음,보행자,여,84세,중상
2023101600100226,2023년 10월 16일 11시,월요일,충청북도 청주시 청원구 내덕동,중상사고,0,1,0,0,차대차 - 측면충돌,직진우회전진행방해,건조,맑음,교차로 - 교차로안,승용,남,69세,상해없음,개인형이동수단(PM),남,80세,중상
2023101600100227,2023년 10월 16일 11시,월요일,충청북도 진천군 이월면,중상사고,0,1,1,0,차대차 - 후진중충돌,안전운전불이행,건조,맑음,단일로 - 기타,승용,여,71세,경상,승용,여,61세,중상
2023101600100228,2023년 10월 16일 11시,월요일,충청북도 청주시 상당구 용담동,경상사고,0,0,1,0,차대차 - 측면충돌,안전운전불이행,건조,맑음,단일로 - 기타,승용,남,72세,상해없음,승합,여,55세,경상
2023101600100251,2023년 10월 16일 12시,월요일,충청북도 제천시 송학면,부상신고사고,0,0,0,3,차대차 - 추돌,안전운전불이행,건조,맑음,단일로 - 기타,승용,여,58세,상해없음,승용,남,37세,상해없음
2023101600100287,2023년 10월 16일 13시,월요일,충청북도 청주시 흥덕구 화계동,중상사고,0,1,0,0,차대사람 - 차도통행중,안전운전불이행,건조,맑음,교차로 - 교차로안,승용,여,40세,상해없음,보행자,남,64세,중상
2023101600100288,2023년 10월 16일 13시,월요일,충청북도 청주시 흥덕구 신봉동,경상사고,0,0,1,0,차대차 - 측면충돌,안전거리미확보,건조,맑음,단일로 - 기타,승용,남,71세,상해없음,승용,여,28세,경상
2023101600100289,2023년 10월 16일 13시,월요일,충청북도 청주시 상당구 용암동,중상사고,0,1,0,0,차대차 - 측면충돌,신호위반,건조,맑음,교차로 - 교차로안,승용,여,52세,상해없음,이륜,남,43세,중상
2023101600100290,2023년 10월 16일 13시,월요일,충청북도 청주시 상당구 금천동,경상사고,0,0,1,0,차대차 - 측면충돌,신호위반,건조,맑음,교차로 - 교차로안,이륜,남,70세,경상,승용,남,66세,상해없음
2023101600100367,2023년 10월 16일 15시,월요일,충청북도 청주시 서원구 사직동,경상사고,0,0,1,0,차대차 - 측면충돌,중앙선침범,건조,맑음,단일로 - 기타,자전거,여,67세,경상,화물,남,62세,상해없음
2023101600100368,2023년 10월 16일 15시,월요일,충청북도 충주시 달천동,경상사고,0,0,1,0,차대차 - 측면충돌,안전거리미확보,건조,맑음,단일로 - 기타,기타불명,기타불명,미분류,기타불명,승용,남,68세,상해없음
2023101600100411,2023년 10월 16일 16시,월요일,충청북도 영동군 용산면,중상사고,0,1,0,0,차대차 - 기타,불법유턴,건조,맑음,교차로 - 교차로부근,건설기계,남,56세,상해없음,승용,여,62세,중상
2023101600100412,2023년 10월 16일 16시,월요일,충청북도 청주시 흥덕구 강내면,경상사고,0,0,1,0,차대차 - 측면충돌,차로위반,건조,맑음,교차로 - 교차로부근,승용,여,59세,상해없음,승용,남,64세,경상
2023101600100466,2023년 10월 16일 17시,월요일,충청북도 충주시 교현동,경상사고,0,0,2,0,차대사람 - 보도통행중,기타,건조,맑음,교차로 - 교차로부근,자전거,남,61세,경상,보행자,남,14세,경상
2023101600100467,2023년 10월 16일 17시,월요일,충청북도 청주시 흥덕구 봉명동,경상사고,0,0,1,0,차대차 - 측면충돌,안전운전불이행,건조,맑음,단일로 - 기타,승용,남,45세,상해없음,승용,남,48세,경상
2023101600100468,2023년 10월 16일 17시,월요일,충청북도 청주시 서원구 미평동,경상사고,0,0,2,0,차대차 - 측면충돌,신호위반,건조,맑음,교차로 - 교차로안,승용,남,60세,상해없음,승용,남,54세,경상
2023101600100516,2023년 10월 16일 18시,월요일,충청북도 청주시 흥덕구 강내면,경상사고,0,0,1,0,차대차 - 측면충돌,안전운전불이행,건조,맑음,교차로 - 교차로안,승용,남,62세,기타불명,승용,남,35세,경상
2023101600100566,2023년 10월 16일 19시,월요일,충청북도 단양군 단양읍,경상사고,0,0,1,0,차대차 - 추돌,안전운전불이행,기타,기타,기타 - 기타,이륜,남,17세,상해없음,화물,남,26세,경상
2023101600100597,2023년 10월 16일 20시,월요일,충청북도 청주시 청원구 율량동,경상사고,0,0,2,0,차대차 - 기타,교차로운행방법위반,건조,맑음,교차로 - 교차로안,승용,여,57세,상해없음,화물,남,32세,경상
2023101600100598,2023년 10월 16일 20시,월요일,충청북도 청주시 흥덕구 복대동,중상사고,0,1,1,0,차대차 - 측면충돌,신호위반,건조,맑음,교차로 - 교차로안,승용,남,64세,상해없음,승용,남,63세,중상
2023101700100005,2023년 10월 17일 00시,화요일,충청북도 제천시 청전동,경상사고,0,0,1,0,차대차 - 측면충돌,신호위반,건조,맑음,교차로 - 교차로안,이륜,남,40세,경상,승용,남,65세,상해없음
2023101700100066,2023년 10월 17일 07시,화요일,충청북도 진천군 이월면,경상사고,0,0,1,0,차대차 - 측면충돌,안전운전불이행,건조,맑음,교차로 - 교차로안,이륜,여,54세,상해없음,승용,여,66세,경상
2023101700100067,2023년 10월 17일 07시,화요일,충청북도 진천군 진천읍,경상사고,0,0,1,0,차대차 - 후진중충돌,안전운전불이행,건조,맑음,교차로 - 교차로안,승용,여,55세,상해없음,승용,남,46세,경상
2023101700100110,2023년 10월 17일 08시,화요일,충청북도 충주시 교현동,중상사고,0,1,0,0,차대차 - 기타,안전거리미확보,건조,맑음,단일로 - 기타,승용,여,65세,상해없음,승용,여,47세,중상
2023101700100111,2023년 10월 17일 08시,화요일,충청북도 청주시 서원구 성화동,부상신고사고,0,0,0,1,차대사람 - 차도통행중,안전운전불이행,건조,맑음,교차로 - 교차로부근,화물,남,37세,상해없음,보행자,남,62세,부상신고
2023101700100154,2023년 10월 17일 09시,화요일,충청북도 제천시 신동,경상사고,0,0,1,0,차대차 - 추돌,안전거리미확보,건조,맑음,단일로 - 기타,화물,남,56세,상해없음,승용,여,68세,경상
2023101700100197,2023년 10월 17일 10시,화요일,충청북도 증평군 증평읍,경상사고,0,0,2,0,차대차 - 추돌,안전거리미확보,건조,맑음,교차로 - 교차로부근,이륜,남,21세,경상,승용,여,58세,경상
2023101700100347,2023년 10월 17일 14시,화요일,충청북도 청주시 청원구 내덕동,중상사고,0,1,0,0,차대차 - 추돌,안전운전불이행,건조,맑음,교차로 - 교차로부근,화물,남,67세,상해없음,승용,여,61세,중상
2023101700100348,2023년 10월 17일 14시,화요일,충청북도 증평군 증평읍,중상사고,0,1,0,0,차대사람 - 횡단중,보행자보호의무위반,건조,맑음,교차로 - 교차로부근,승용,여,58세,상해없음,보행자,여,63세,중상
2023101700100349,2023년 10월 17일 14시,화요일,충청북도 음성군 금왕읍,경상사고,0,0,1,0,차대차 - 측면충돌,교차로운행방법위반,건조,맑음,교차로 - 교차로안,승용,남,79세,상해없음,화물,남,37세,경상
2023101700100350,2023년 10월 17일 14시,화요일,충청북도 청주시 흥덕구 운천동,중상사고,0,1,0,0,차대사람 - 횡단중,교차로운행방법위반,건조,맑음,교차로 - 교차로부근,화물,남,44세,상해없음,보행자,여,72세,중상
2023101700100393,2023년 10월 17일 15시,화요일,충청북도 충주시 문화동,경상사고,0,0,1,0,차대차 - 측면충돌,안전거리미확보,건조,맑음,교차로 - 교차로부근,화물,남,52세,상해없음,이륜,남,41세,경상
2023101700100394,2023년 10월 17일 15시,화요일,충청북도 보은군 보은읍,중상사고,0,1,0,0,차대차 - 측면충돌,안전운전불이행,건조,맑음,단일로 - 기타,화물,남,65세,상해없음,자전거,여,76세,중상
2023101700100437,2023년 10월 17일 16시,화요일,충청북도 청주시 흥덕구 봉명동,경상사고,0,0,1,0,차대차 - 기타,안전운전불이행,건조,맑음,기타 - 기타,승용,남,57세,상해없음,승용,여,46세,경상
2023101700100438,2023년 10월 17일 16시,화요일,충청북도 청주시 서원구 죽림동,경상사고,0,0,1,0,차대차 - 측면충돌,안전운전불이행,기타,맑음,기타 - 기타,건설기계,남,56세,상해없음,승용,남,41세,경상
2023101700100439,2023년 10월 17일 16시,화요일,충청북도 청주시 서원구 산남동,경상사고,0,0,2,0,차대차 - 정면충돌,신호위반,건조,맑음,교차로 - 교차로횡단보도내,자전거,남,13세,경상,승용,여,50세,경상
2023101700100530,2023년 10월 17일 18시,화요일,충청북도 옥천군 옥천읍,중상사고,0,1,2,0,차대차 - 정면충돌,안전운전불이행,건조,맑음,교차로 - 교차로안,승용,여,56세,상해없음,승용,여,38세,경상
2023101700100531,2023년 10월 17일 18시,화요일,충청북도 청주시 서원구 남이면,중상사고,0,1,1,0,차대차 - 기타,교차로운행방법위반,건조,맑음,교차로 - 교차로안,승용,남,63세,상해없음,화물,남,33세,중상
2023101700100532,2023년 10월 17일 18시,화요일,충청북도 청주시 흥덕구 송정동,경상사고,0,0,1,0,차대차 - 추돌,안전운전불이행,건조,맑음,교차로 - 교차로안,승용,여,63세,상해없음,승용,여,50세,경상
2023101700100533,2023년 10월 17일 18시,화요일,충청북도 청주시 서원구 분평동,경상사고,0,0,1,0,차대차 - 측면충돌,안전운전불이행,건조,맑음,교차로 - 교차로부근,승용,여,62세,상해없음,승용,남,28세,경상
2023101700100596,2023년 10월 17일 19시,화요일,충청북도 충주시 봉방동,중상사고,0,1,1,0,차대차 - 기타,안전운전불이행,건조,맑음,교차로 - 교차로부근,이륜,남,28세,경상,자전거,여,81세,중상
2023101700100597,2023년 10월 17일 19시,화요일,충청북도 청주시 흥덕구 상신동,경상사고,0,0,1,0,차대차 - 추돌,안전거리미확보,건조,맑음,단일로 - 기타,승용,남,62세,상해없음,승용,남,47세,경상
2023101700100598,2023년 10월 17일 19시,화요일,충청북도 청주시 흥덕구 옥산면,경상사고,0,0,1,0,차대차 - 기타,안전거리미확보,건조,맑음,단일로 - 기타,승합,남,68세,상해없음,승용,남,38세,경상
2023101700100646,2023년 10월 17일 21시,화요일,충청북도 청주시 서원구 사창동,경상사고,0,0,1,0,차대차 - 측면충돌,신호위반,건조,맑음,교차로 - 교차로안,승용,남,22세,상해없음,이륜,남,24세,경상
2023101700100647,2023년 10월 17일 21시,화요일,충청북도 충주시 대소원면,경상사고,0,0,1,0,차대차 - 후진중충돌,안전운전불이행,건조,맑음,교차로 - 교차로부근,이륜,남,37세,상해없음,승용,남,30세,경상
2023101700100683,2023년 10월 17일 23시,화요일,충청북도 음성군 음성읍,사망사고,1,0,0,0,차대사람 - 차도통행중,기타,건조,맑음,단일로 - 기타,승용,여,39세,상해없음,보행자,남,71세,사망
2023101700100684,2023년 10월 17일 23시,화요일,충청북도 청주시 흥덕구 가경동,부상신고사고,0,0,0,1,차대사람 - 기타,안전운전불이행,건조,맑음,단일로 - 기타,승용,남,48세,상해없음,보행자,남,42세,부상신고
2023101800100007,2023년 10월 18일 00시,수요일,충청북도 청주시 청원구 율량동,중상사고,0,1,0,0,차대사람 - 기타,안전운전불이행,건조,맑음,단일로 - 기타,승용,남,60세,상해없음,보행자,남,45세,중상
2023101800100008,2023년 10월 18일 00시,수요일,충청북도 충주시 목행동,경상사고,0,0,2,0,차대차 - 측면충돌,직진우회전진행방해,건조,맑음,교차로 - 교차로안,승용,남,57세,상해없음,승용,남,36세,경상
2023101800100077,2023년 10월 18일 07시,수요일,충청북도 증평군 증평읍,부상신고사고,0,0,0,1,차대차 - 기타,안전거리미확보,건조,맑음,교차로 - 교차로부근,승용,남,46세,상해없음,자전거,남,82세,부상신고
2023101800100078,2023년 10월 18일 07시,수요일,충청북도 청주시 흥덕구 신봉동,경상사고,0,0,1,0,차대차 - 기타,안전운전불이행,건조,맑음,단일로 - 기타,승용,여,44세,상해없음,자전거,남,34세,경상
2023101800100114,2023년 10월 18일 08시,수요일,충청북도 영동군 용산면,중상사고,0,1,0,0,차대차 - 측면충돌,안전운전불이행,건조,맑음,교차로 - 교차로부근,승용,여,25세,상해없음,승용,남,76세,중상
2023101800100115,2023년 10월 18일 08시,수요일,충청북도 청주시 흥덕구 강서동,경상사고,0,0,1,0,차대차 - 기타,안전운전불이행,건조,맑음,단일로 - 기타,승용,여,40세,상해없음,승용,남,53세,경상
2023101800100152,2023년 10월 18일 09시,수요일,충청북도 진천군 진천읍,경상사고,0,0,1,0,차대차 - 측면충돌,안전운전불이행,건조,맑음,단일로 - 기타,승용,남,72세,상해없음,승용,여,28세,경상
2023101800100153,2023년 10월 18일 09시,수요일,충청북도 청주시 서원구 수곡동,중상사고,0,1,1,0,차대차 - 측면충돌,교차로운행방법위반,건조,맑음,교차로 - 교차로부근,개인형이동수단(PM),여,18세,경상,승합,남,52세,상해없음
2023101800100192,2023년 10월 18일 10시,수요일,충청북도 청주시 상당구 낭성면,중상사고,0,2,0,0,차대차 - 측면충돌,중앙선침범,건조,맑음,교차로 - 교차로부근,승용,남,71세,상해없음,화물,남,56세,중상
2023101800100256,2023년 10월 18일 12시,수요일,충청북도 청주시 서원구 남이면,경상사고,0,0,3,0,차대차 - 추돌,안전운전불이행,건조,맑음,단일로 - 기타,승용,남,52세,상해없음,승용,여,38세,경상
2023101800100299,2023년 10월 18일 13시,수요일,충청북도 충주시 교현동,경상사고,0,0,2,0,차대차 - 추돌,안전운전불이행,건조,맑음,단일로 - 기타,승용,남,58세,상해없음,승용,여,52세,경상
2023101800100300,2023년 10월 18일 13시,수요일,충청북도 진천군 백곡면,중상사고,0,2,0,0,차량단독 - 도로외이탈 - 추락,안전운전불이행,건조,맑음,교차로 - 교차로부근,승용,남,66세,중상,,,,
2023101800100374,2023년 10월 18일 15시,수요일,충청북도 제천시 중앙로2가,경상사고,0,0,1,1,차대차 - 추돌,안전운전불이행,건조,맑음,단일로 - 기타,이륜,남,29세,경상,승용,여,55세,부상신고
2023101800100375,2023년 10월 18일 15시,수요일,충청북도 청주시 흥덕구 복대동,경상사고,0,0,1,0,차대사람 - 기타,안전운전불이행,건조,맑음,기타 - 기타,승용,남,38세,상해없음,보행자,남,41세,경상
2023101800100417,2023년 10월 18일 16시,수요일,충청북도 제천시 하소동,중상사고,0,2,0,0,차대차 - 추돌,안전운전불이행,건조,맑음,단일로 - 기타,이륜,남,44세,중상,기타불명,여,66세,중상
2023101800100418,2023년 10월 18일 16시,수요일,충청북도 제천시 청전동,경상사고,0,0,2,0,차대차 - 추돌,안전거리미확보,건조,맑음,교차로 - 교차로안,승용,남,64세,기타불명,승용,여,47세,경상
2023101800100514,2023년 10월 18일 18시,수요일,충청북도 증평군 증평읍,경상사고,0,0,1,0,차대차 - 추돌,안전거리미확보,건조,맑음,교차로 - 교차로안,승용,여,34세,상해없음,승용,남,42세,경상
2023101800100515,2023년 10월 18일 18시,수요일,충청북도 청주시 흥덕구 오송읍,경상사고,0,0,2,0,차대차 - 측면충돌,안전운전불이행,건조,맑음,기타 - 기타,승용,남,27세,상해없음,승용,남,29세,경상
2023101800100560,2023년 10월 18일 19시,수요일,충청북도 제천시 장락동,경상사고,0,0,1,0,차대차 - 측면충돌,안전운전불이행,건조,맑음,교차로 - 교차로부근,특수,남,40세,상해없음,승용,여,64세,경상
2023101800100648,2023년 10월 18일 22시,수요일,충청북도 청주시 흥덕구 복대동,부상신고사고,0,0,0,1,차대차 - 측면충돌,안전운전불이행,건조,맑음,교차로 - 교차로부근,개인형이동수단(PM),여,13세,부상신고,이륜,남,29세,상해없음
2023101900100004,2023년 10월 19일 00시,목요일,충청북도 청주시 상당구 용정동,경상사고,0,0,1,0,차대차 - 추돌,안전운전불이행,건조,맑음,단일로 - 지하차도(도로)내,이륜,남,17세,상해없음,이륜,남,17세,상해없음
2023101900100105,2023년 10월 19일 08시,목요일,충청북도 청주시 청원구 우암동,경상사고,0,0,1,0,차대차 - 기타,안전운전불이행,건조,맑음,교차로 - 교차로안,승용,여,66세,상해없음,승용,남,62세,경상
2023101900100106,2023년 10월 19일 08시,목요일,충청북도 제천시 장락동,경상사고,0,0,3,0,차대차 - 측면충돌,신호위반,건조,맑음,교차로 - 교차로안,승용,남,53세,경상,승용,남,45세,경상
2023101900100240,2023년 10월 19일 12시,목요일,충청북도 청주시 서원구 산남동,경상사고,0,0,1,0,차대차 - 기타,안전운전불이행,젖음/습기,비,단일로 - 기타,이륜,남,34세,상해없음,승합,남,39세,상해없음
2023101900100241,2023년 10월 19일 12시,목요일,충청북도 청주시 상당구 북문로1가,경상사고,0,0,1,0,차량단독 - 기타,안전운전불이행,건조,맑음,단일로 - 지하차도(도로)내,승합,남,39세,상해없음,,,,
2023101900100262,2023년 10월 19일 13시,목요일,충청북도 청주시 흥덕구 송절동,경상사고,0,0,1,0,차대차 - 측면충돌,안전운전불이행,젖음/습기,맑음,교차로 - 교차로안,화물,남,34세,기타불명,화물,남,30세,경상
2023101900100289,2023년 10월 19일 14시,목요일,충청북도 보은군 수한면,중상사고,0,2,0,0,차대차 - 후진중충돌,불법유턴,건조,맑음,단일로 - 기타,승용,남,70세,상해없음,이륜,남,80세,중상
2023101900100351,2023년 10월 19일 16시,목요일,충청북도 보은군 보은읍,중상사고,0,1,0,0,차대차 - 측면충돌,신호위반,젖음/습기,비,교차로 - 교차로안,화물,남,62세,상해없음,승용,여,69세,중상
2023101900100353,2023년 10월 19일 16시,목요일,충청북도 청주시 상당구 용정동,경상사고,0,0,1,1,차대차 - 측면충돌,교차로운행방법위반,젖음/습기,비,교차로 - 교차로안,승용,남,70세,부상신고,승용,여,54세,경상
2023101900100398,2023년 10월 19일 17시,목요일,충청북도 증평군 증평읍,중상사고,0,1,0,0,차대사람 - 기타,안전운전불이행,젖음/습기,비,교차로 - 교차로부근,승용,남,58세,상해없음,보행자,여,69세,중상
2023101900100399,2023년 10월 19일 17시,목요일,충청북도 청주시 흥덕구 송정동,경상사고,0,0,1,0,차대차 - 기타,안전운전불이행,젖음/습기,흐림,단일로 - 기타,승용,남,51세,상해없음,자전거,남,31세,경상
2023101900100445,2023년 10월 19일 18시,목요일,충청북도 충주시 호암동,경상사고,0,0,1,0,차대차 - 정면충돌,신호위반,건조,맑음,교차로 - 교차로안,승용,남,52세,상해없음,승용,남,61세,경상
2023101900100446,2023년 10월 19일 18시,목요일,충청북도 청주시 흥덕구 복대동,경상사고,0,0,1,0,차대차 - 추돌,안전운전불이행,젖음/습기,흐림,교차로 - 교차로부근,이륜,남,21세,상해없음,승용,남,62세,상해없음
2023101900100488,2023년 10월 19일 19시,목요일,충청북도 청주시 청원구 율량동,경상사고,0,0,1,0,차대사람 - 횡단중,보행자보호의무위반,건조,맑음,교차로 - 교차로횡단보도내,승용,여,58세,상해없음,보행자,남,33세,경상
2023101900100489,2023년 10월 19일 19시,목요일,충청북도 제천시 왕암동,경상사고,0,0,2,1,차대차 - 측면충돌,직진우회전진행방해,젖음/습기,비,교차로 - 교차로안,승용,남,28세,부상신고,승용,남,68세,경상
2023101900100490,2023년 10월 19일 19시,목요일,충청북도 진천군 덕산읍,중상사고,0,1,0,0,차대차 - 측면충돌,중앙선침범,건조,맑음,단일로 - 기타,승용,여,45세,상해없음,이륜,남,22세,중상
2023101900100525,2023년 10월 19일 20시,목요일,충청북도 청주시 흥덕구 옥산면,부상신고사고,0,0,0,1,차대차 - 기타,안전운전불이행,건조,맑음,단일로 - 기타,기타불명,기타불명,미분류,기타불명,이륜,남,42세,부상신고
2023102000100073,2023년 10월 20일 07시,금요일,충청북도 제천시 대랑동,경상사고,0,0,1,0,차대차 - 기타,안전거리미확보,건조,맑음,단일로 - 기타,화물,남,69세,기타불명,승용,남,32세,경상
2023102000100160,2023년 10월 20일 09시,금요일,충청북도 청주시 청원구 오창읍,중상사고,0,1,0,0,차대차 - 기타,신호위반,건조,맑음,기타 - 기타,승용,남,38세,상해없음,승용,여,71세,중상
2023102000100161,2023년 10월 20일 09시,금요일,충청북도 충주시 교현동,경상사고,0,0,2,0,차대차 - 측면충돌,안전운전불이행,건조,맑음,교차로 - 교차로부근,승합,남,58세,경상,승용,여,60세,경상
2023102000100192,2023년 10월 20일 10시,금요일,충청북도 음성군 맹동면,경상사고,0,0,3,0,차대차 - 기타,신호위반,건조,맑음,교차로 - 교차로안,승용,남,71세,경상,화물,남,68세,경상
2023102000100224,2023년 10월 20일 11시,금요일,충청북도 청주시 흥덕구 봉명동,경상사고,0,0,1,0,차대차 - 측면충돌,안전운전불이행,건조,맑음,교차로 - 교차로부근,화물,남,48세,상해없음,승용,여,57세,경상
2023102000100310,2023년 10월 20일 13시,금요일,충청북도 제천시 서부동,중상사고,0,1,0,0,차대사람 - 횡단중,안전운전불이행,건조,맑음,교차로 - 교차로안,승용,남,79세,상해없음,보행자,남,16세,중상
2023102000100311,2023년 10월 20일 13시,금요일,충청북도 제천시 고암동,경상사고,0,0,1,0,차대차 - 기타,신호위반,건조,맑음,교차로 - 교차로부근,승용,남,43세,기타불명,화물,남,66세,경상
2023102000100355,2023년 10월 20일 14시,금요일,충청북도 청주시 청원구 내수읍,중상사고,0,1,2,0,차대차 - 기타,안전운전불이행,건조,맑음,기타 - 기타,건설기계,남,66세,경상,승용,남,48세,경상
2023102000100394,2023년 10월 20일 15시,금요일,충청북도 청주시 서원구 개신동,경상사고,0,0,2,0,차대차 - 기타,안전운전불이행,건조,맑음,교차로 - 교차로부근,승용,여,35세,경상,승용,여,48세,경상
2023102000100395,2023년 10월 20일 15시,금요일,충청북도 영동군 영동읍,중상사고,0,1,0,0,차대차 - 측면충돌,교차로운행방법위반,건조,맑음,교차로 - 교차로안,화물,남,57세,상해없음,자전거,여,60세,중상
2023102000100396,2023년 10월 20일 15시,금요일,충청북도 보은군 산외면,중상사고,0,1,1,0,차대차 - 추돌,안전거리미확보,건조,맑음,단일로 - 기타,화물,남,61세,상해없음,승용,여,51세,중상
2023102000100397,2023년 10월 20일 15시,금요일,충청북도 청주시 흥덕구 복대동,경상사고,0,0,1,0,차대차 - 측면충돌,안전운전불이행,건조,맑음,기타 - 기타,승용,남,62세,상해없음,이륜,남,39세,경상
2023102000100398,2023년 10월 20일 15시,금요일,충청북도 청주시 서원구 수곡동,경상사고,0,0,1,0,차대사람 - 보도통행중,기타,건조,맑음,단일로 - 기타,개인형이동수단(PM),남,34세,상해없음,보행자,여,62세,경상
2023102000100454,2023년 10월 20일 16시,금요일,충청북도 청주시 서원구 수곡동,경상사고,0,0,1,0,차대차 - 후진중충돌,안전운전불이행,건조,맑음,단일로 - 지하차도(도로)내,승합,남,63세,상해없음,승용,남,66세,경상
2023102000100523,2023년 10월 20일 17시,금요일,충청북도 음성군 소이면,경상사고,0,0,1,0,차대차 - 기타,안전운전불이행,건조,맑음,교차로 - 교차로부근,승용,남,64세,상해없음,특수,남,48세,경상
2023102000100579,2023년 10월 20일 18시,금요일,충청북도 청주시 청원구 내수읍,중상사고,0,1,0,0,차대차 - 기타,안전운전불이행,건조,맑음,단일로 - 기타,승합,남,70세,상해없음,승합,남,59세,중상
2023102000100580,2023년 10월 20일 18시,금요일,충청북도 청주시 청원구 율량동,경상사고,0,0,1,0,차대차 - 추돌,안전운전불이행,건조,맑음,단일로 - 기타,승용,남,51세,상해없음,승용,남,50세,경상
2023102000100581,2023년 10월 20일 18시,금요일,충청북도 충주시 대소원면,경상사고,0,0,1,0,차대차 - 측면충돌,안전거리미확보,건조,흐림,단일로 - 기타,승용,남,63세,상해없음,이륜,남,48세,경상
2023102000100582,2023년 10월 20일 18시,금요일,충청북도 영동군 영동읍,경상사고,0,0,1,0,차대사람 - 횡단중,보행자보호의무위반,건조,맑음,교차로 - 교차로횡단보도내,승용,남,58세,상해없음,보행자,남,8세,경상
2023102000100583,2023년 10월 20일 18시,금요일,충청북도 증평군 증평읍,경상사고,0,0,2,0,차대차 - 측면충돌,직진우회전진행방해,건조,맑음,교차로 - 교차로안,승용,남,55세,상해없음,승용,남,72세,경상
2023102000100584,2023년 10월 20일 18시,금요일,충청북도 음성군 금왕읍,중상사고,0,1,0,0,차대차 - 기타,차로위반,건조,맑음,단일로 - 기타,승용,남,25세,상해없음,승용,남,35세,중상
2023102000100585,2023년 10월 20일 18시,금요일,충청북도 음성군 금왕읍,중상사고,0,1,0,0,차대차 - 추돌,안전거리미확보,건조,맑음,단일로 - 기타,승용,남,70세,상해없음,화물,남,52세,상해없음
2023102000100586,2023년 10월 20일 18시,금요일,충청북도 청주시 서원구 모충동,경상사고,0,0,1,0,차대사람 - 기타,안전운전불이행,건조,맑음,교차로 - 교차로안,승용,남,23세,상해없음,보행자,남,15세,경상
2023102000100587,2023년 10월 20일 18시,금요일,충청북도 청주시 상당구 용암동,경상사고,0,0,2,0,차대차 - 측면충돌,안전운전불이행,건조,맑음,단일로 - 지하차도(도로)내,승용,남,33세,경상,승용,여,54세,경상
2023102000100684,2023년 10월 20일 20시,금요일,충청북도 진천군 진천읍,경상사고,0,0,1,0,차량단독 - 전도전복 - 전복,안전운전불이행,건조,흐림,단일로 - 기타,승용,여,53세,경상,,,,
2023102000100732,2023년 10월 20일 22시,금요일,충청북도 청주시 서원구 수곡동,경상사고,0,0,1,1,차대차 - 측면충돌,안전운전불이행,건조,맑음,교차로 - 교차로안,이륜,남,26세,부상신고,승용,남,63세,경상
2023102100100007,2023년 10월 21일 00시,토요일,충청북도 청주시 상당구 탑동,경상사고,0,0,1,0,차대차 - 기타,기타,건조,맑음,단일로 - 기타,승용,남,52세,상해없음,자전거,여,32세,경상
2023102100100019,2023년 10월 21일 01시,토요일,충청북도 청주시 흥덕구 봉명동,중상사고,0,1,0,0,차대사람 - 기타,안전운전불이행,건조,맑음,단일로 - 기타,화물,남,52세,상해없음,보행자,남,56세,중상
2023102100100031,2023년 10월 21일 02시,토요일,충청북도 청주시 흥덕구 운천동,경상사고,0,0,1,0,차대차 - 추돌,안전운전불이행,건조,맑음,교차로 - 교차로부근,승용,남,41세,상해없음,승용,남,49세,경상
2023102100100071,2023년 10월 21일 07시,토요일,충청북도 청주시 청원구 내덕동,경상사고,0,0,1,0,차대차 - 추돌,안전운전불이행,건조,맑음,교차로 - 교차로부근,승용,남,25세,상해없음,화물,남,57세,경상
2023102100100089,2023년 10월 21일 08시,토요일,충청북도 보은군 회인면,사망사고,4,7,11,0,차대차 - 추돌,안전운전불이행,건조,맑음,단일로 - 터널,승합,남,58세,기타불명,승합,남,66세,경상
2023102100100244,2023년 10월 21일 12시,토요일,충청북도 옥천군 군서면,사망사고,1,0,0,0,차대차 - 정면충돌,중앙선침범,젖음/습기,흐림,교차로 - 교차로부근,승용,남,25세,상해없음,이륜,남,43세,사망
2023102100100286,2023년 10월 21일 13시,토요일,충청북도 청주시 청원구 사천동,경상사고,0,0,2,0,차대차 - 정면충돌,직진우회전진행방해,건조,맑음,교차로 - 교차로안,승용,여,40세,경상,건설기계,남,48세,경상
2023102100100287,2023년 10월 21일 13시,토요일,충청북도 청주시 청원구 북이면,경상사고,0,0,3,0,차대차 - 측면충돌,직진우회전진행방해,건조,맑음,교차로 - 교차로안,승용,여,55세,경상,건설기계,남,54세,상해없음