사고번호,사고일시,요일,시군구,사고내용,사망자수,중상자수,경상자수,부상신고자수,사고유형,법규위반,노면상태,기상상태,도로형태,가해운전자 차종,가해운전자 성별,가해운전자 연령,가해운전자 상해정도,피해운전자 차종,피해운전자 성별,피해운전자 연령,피해운전자 상해정도
2023102100100332,2023년 10월 21일 14시,토요일,충청북도 음성군 삼성면,부상신고사고,0,0,0,1,차대사람 - 기타,안전운전불이행,건조,맑음,교차로 - 교차로안,이륜,남,56세,상해없음,보행자,여,50세,부상신고
2023102100100333,2023년 10월 21일 14시,토요일,충청북도 청주시 상당구 금천동,경상사고,0,0,1,0,차대차 - 측면충돌,안전운전불이행,건조,맑음,교차로 - 교차로부근,승용,남,63세,상해없음,승용,남,25세,경상
2023102100100366,2023년 10월 21일 15시,토요일,충청북도 충주시 연수동,중상사고,0,1,0,0,차대차 - 기타,신호위반,건조,맑음,교차로 - 교차로안,승용,남,84세,상해없음,이륜,남,53세,중상
2023102100100367,2023년 10월 21일 15시,토요일,충청북도 청주시 서원구 분평동,중상사고,0,1,3,0,차대차 - 측면충돌,중앙선침범,건조,맑음,교차로 - 교차로부근,승용,여,54세,상해없음,원동기,남,52세,중상
2023102100100412,2023년 10월 21일 16시,토요일,충청북도 제천시 의림동,경상사고,0,0,1,0,차대차 - 측면충돌,교차로운행방법위반,건조,맑음,교차로 - 교차로안,승용,남,53세,상해없음,승용,여,60세,경상
2023102100100452,2023년 10월 21일 17시,토요일,충청북도 청주시 상당구 용암동,경상사고,0,0,1,0,차대사람 - 길가장자리구역통행중,안전운전불이행,건조,맑음,단일로 - 지하차도(도로)내,승용,남,61세,상해없음,보행자,남,34세,경상
2023102100100453,2023년 10월 21일 17시,토요일,충청북도 청주시 상당구 낭성면,경상사고,0,0,9,0,차대차 - 추돌,안전거리미확보,건조,맑음,단일로 - 지하차도(도로)내,화물,남,55세,상해없음,승용,남,49세,경상
2023102100100488,2023년 10월 21일 18시,토요일,충청북도 충주시 앙성면,중상사고,0,1,0,0,차대차 - 추돌,안전운전불이행,건조,맑음,단일로 - 기타,승용,남,60세,상해없음,농기계,남,83세,중상
2023102100100489,2023년 10월 21일 18시,토요일,충청북도 청주시 흥덕구 복대동,중상사고,0,1,4,0,차대차 - 측면충돌,신호위반,건조,맑음,단일로 - 기타,승용,남,51세,상해없음,승용,남,61세,중상
2023102100100532,2023년 10월 21일 19시,토요일,충청북도 청주시 청원구 우암동,경상사고,0,0,2,0,차대차 - 측면충돌,안전거리미확보,건조,맑음,단일로 - 기타,승용,남,69세,상해없음,승용,남,53세,경상
2023102100100533,2023년 10월 21일 19시,토요일,충청북도 보은군 보은읍,중상사고,0,1,0,0,차대사람 - 기타,신호위반,건조,맑음,교차로 - 교차로안,승용,남,51세,상해없음,보행자,여,54세,중상
2023102100100534,2023년 10월 21일 19시,토요일,충청북도 청주시 상당구 용암동,경상사고,0,0,1,0,차대차 - 후진중충돌,안전운전불이행,건조,맑음,단일로 - 지하차도(도로)내,승용,남,58세,상해없음,승용,남,61세,경상
2023102100100568,2023년 10월 21일 20시,토요일,충청북도 청주시 흥덕구 비하동,경상사고,0,0,1,0,차대차 - 측면충돌,안전거리미확보,건조,맑음,단일로 - 기타,화물,여,63세,기타불명,승용,남,68세,경상
2023102100100598,2023년 10월 21일 21시,토요일,충청북도 청주시 서원구 사창동,경상사고,0,0,2,0,차대차 - 기타,안전운전불이행,건조,맑음,단일로 - 기타,승용,여,40세,상해없음,승용,여,49세,경상
2023102100100599,2023년 10월 21일 21시,토요일,충청북도 충주시 용산동,중상사고,0,1,0,0,차대차 - 측면충돌,교차로운행방법위반,건조,맑음,교차로 - 교차로안,승용,여,39세,상해없음,이륜,남,32세,중상
2023102100100600,2023년 10월 21일 21시,토요일,충청북도 음성군 음성읍,경상사고,0,0,1,0,차대차 - 기타,중앙선침범,건조,맑음,단일로 - 기타,승용,남,37세,상해없음,승합,남,46세,경상
2023102100100601,2023년 10월 21일 21시,토요일,충청북도 청주시 서원구 분평동,경상사고,0,0,2,0,차대차 - 추돌,안전거리미확보,건조,맑음,교차로 - 교차로부근,승용,남,50세,상해없음,승용,남,65세,경상
2023102100100623,2023년 10월 21일 22시,토요일,충청북도 진천군 진천읍,경상사고,0,0,1,0,차대차 - 측면충돌,안전운전불이행,건조,맑음,단일로 - 기타,승용,남,56세,상해없음,승용,남,25세,기타불명
2023102100100624,2023년 10월 21일 22시,토요일,충청북도 청주시 흥덕구 신촌동,중상사고,0,1,0,0,차대차 - 측면충돌,신호위반,건조,맑음,교차로 - 교차로안,승용,여,54세,상해없음,승용,남,44세,중상
2023102100100625,2023년 10월 21일 22시,토요일,충청북도 청주시 서원구 모충동,부상신고사고,0,0,0,1,차대사람 - 기타,안전운전불이행,건조,맑음,단일로 - 기타,승합,남,57세,상해없음,보행자,여,23세,부상신고
2023102200100009,2023년 10월 22일 00시,일요일,충청북도 청주시 서원구 사창동,경상사고,0,0,1,0,차대사람 - 기타,안전운전불이행,건조,맑음,단일로 - 기타,승용,남,23세,상해없음,보행자,남,24세,경상
2023102200100010,2023년 10월 22일 00시,일요일,충청북도 충주시 목행동,경상사고,0,0,5,0,차대차 - 기타,신호위반,건조,맑음,교차로 - 교차로안,승용,남,24세,상해없음,화물,남,55세,경상
2023102200100029,2023년 10월 22일 02시,일요일,충청북도 청주시 흥덕구 복대동,경상사고,0,0,1,0,차대차 - 추돌,안전운전불이행,건조,맑음,교차로 - 교차로부근,승용,남,22세,상해없음,승용,남,68세,상해없음
2023102200100032,2023년 10월 22일 03시,일요일,충청북도 청주시 흥덕구 가경동,중상사고,0,1,0,0,차대차 - 기타,안전운전불이행,건조,맑음,단일로 - 기타,기타불명,기타불명,미분류,기타불명,승용,남,67세,상해없음
2023102200100076,2023년 10월 22일 08시,일요일,충청북도 충주시 문화동,경상사고,0,0,1,0,차대사람 - 기타,안전운전불이행,건조,맑음,단일로 - 기타,승용,여,42세,상해없음,보행자,남,48세,경상
2023102200100091,2023년 10월 22일 09시,일요일,충청북도 제천시 중앙로2가,경상사고,0,0,1,0,차대차 - 정면충돌,중앙선침범,건조,맑음,교차로 - 교차로부근,자전거,남,78세,경상,승용,여,63세,상해없음
2023102200100092,2023년 10월 22일 09시,일요일,충청북도 영동군 영동읍,중상사고,0,1,0,0,차대차 - 추돌,안전운전불이행,건조,맑음,단일로 - 기타,화물,남,25세,상해없음,건설기계,남,62세,상해없음
2023102200100122,2023년 10월 22일 10시,일요일,충청북도 청주시 상당구 용정동,부상신고사고,0,0,0,1,차대차 - 측면충돌,안전운전불이행,건조,맑음,교차로 - 교차로안,이륜,여,48세,부상신고,승용,남,52세,상해없음
2023102200100174,2023년 10월 22일 12시,일요일,충청북도 충주시 호암동,경상사고,0,0,1,0,차대차 - 측면충돌,안전운전불이행,건조,맑음,교차로 - 교차로부근,화물,남,73세,상해없음,자전거,남,11세,경상
2023102200100175,2023년 10월 22일 12시,일요일,충청북도 증평군 증평읍,중상사고,0,1,0,0,차대차 - 측면충돌,직진우회전진행방해,건조,맑음,교차로 - 교차로안,승용,남,25세,기타불명,승용,남,65세,중상
2023102200100176,2023년 10월 22일 12시,일요일,충청북도 옥천군 군북면,중상사고,0,1,2,0,차대차 - 측면충돌,안전운전불이행,건조,맑음,교차로 - 교차로안,승용,남,70세,상해없음,승합,남,60세,경상
2023102200100202,2023년 10월 22일 13시,일요일,충청북도 청주시 청원구 내수읍,경상사고,0,0,1,0,차대차 - 측면충돌,안전운전불이행,건조,맑음,단일로 - 기타,승합,남,55세,상해없음,승용,남,32세,경상
2023102200100203,2023년 10월 22일 13시,일요일,충청북도 충주시 연수동,중상사고,0,1,0,0,차대차 - 추돌,안전운전불이행,건조,맑음,단일로 - 기타,승용,여,52세,상해없음,이륜,남,39세,중상
2023102200100258,2023년 10월 22일 15시,일요일,충청북도 청주시 청원구 내수읍,경상사고,0,0,1,0,차대사람 - 길가장자리구역통행중,안전운전불이행,건조,맑음,교차로 - 교차로부근,승용,남,69세,상해없음,보행자,여,47세,경상
2023102200100259,2023년 10월 22일 15시,일요일,충청북도 충주시 호암동,중상사고,0,1,0,0,차대사람 - 횡단중,보행자보호의무위반,건조,맑음,단일로 - 기타,자전거,여,13세,상해없음,보행자,여,64세,중상
2023102200100260,2023년 10월 22일 15시,일요일,충청북도 제천시 청전동,경상사고,0,0,1,0,차대차 - 측면충돌,안전운전불이행,건조,맑음,교차로 - 교차로부근,이륜,남,19세,경상,승용,여,45세,상해없음
2023102200100261,2023년 10월 22일 15시,일요일,충청북도 증평군 증평읍,중상사고,0,1,0,0,차대차 - 측면충돌,신호위반,건조,맑음,교차로 - 교차로안,승용,남,48세,상해없음,이륜,남,42세,중상
2023102200100262,2023년 10월 22일 15시,일요일,충청북도 진천군 백곡면,중상사고,0,1,0,0,차대차 - 정면충돌,안전운전불이행,건조,맑음,단일로 - 기타,승용,남,24세,상해없음,승용,여,54세,중상
2023102200100300,2023년 10월 22일 16시,일요일,충청북도 보은군 속리산면,경상사고,0,0,1,0,차대차 - 추돌,안전운전불이행,건조,기타,주차장 - 주차장,승용,남,70세,상해없음,승용,남,27세,경상
2023102200100301,2023년 10월 22일 16시,일요일,충청북도 청주시 흥덕구 복대동,경상사고,0,0,1,0,차대차 - 측면충돌,안전운전불이행,건조,맑음,교차로 - 교차로안,승용,남,31세,기타불명,이륜,남,36세,경상
2023102200100302,2023년 10월 22일 16시,일요일,충청북도 청주시 흥덕구 오송읍,경상사고,0,0,3,0,차대차 - 측면충돌,교차로운행방법위반,건조,맑음,교차로 - 교차로안,승용,남,48세,상해없음,승용,남,27세,경상
2023102200100303,2023년 10월 22일 16시,일요일,충청북도 청주시 상당구 용암동,경상사고,0,0,2,0,차대차 - 측면충돌,안전운전불이행,건조,맑음,교차로 - 교차로부근,승용,남,25세,상해없음,승용,여,25세,경상
2023102200100327,2023년 10월 22일 17시,일요일,충청북도 청주시 상당구 남일면,중상사고,0,1,0,0,차대차 - 추돌,안전거리미확보,건조,맑음,단일로 - 기타,이륜,남,67세,상해없음,이륜,남,40세,중상
2023102200100360,2023년 10월 22일 18시,일요일,충청북도 영동군 매곡면,중상사고,0,1,0,0,차대사람 - 기타,안전운전불이행,건조,맑음,기타 - 기타,승용,남,62세,상해없음,보행자,남,50세,중상
2023102200100361,2023년 10월 22일 18시,일요일,충청북도 청주시 상당구 용암동,경상사고,0,0,1,0,차대차 - 측면충돌,안전운전불이행,건조,맑음,교차로 - 교차로안,화물,남,69세,상해없음,승합,남,51세,경상
2023102200100388,2023년 10월 22일 19시,일요일,충청북도 청주시 서원구 분평동,경상사고,0,0,1,0,차대차 - 측면충돌,안전운전불이행,건조,맑음,교차로 - 교차로안,승용,남,76세,상해없음,이륜,남,36세,경상
2023102200100389,2023년 10월 22일 19시,일요일,충청북도 청주시 상당구 방서동,경상사고,0,0,2,0,차대차 - 추돌,안전운전불이행,건조,맑음,단일로 - 기타,이륜,남,39세,경상,승용,남,46세,경상
2023102200100420,2023년 10월 22일 20시,일요일,충청북도 청주시 서원구 사창동,경상사고,0,0,1,0,차대차 - 추돌,안전거리미확보,건조,맑음,단일로 - 기타,승용,여,59세,상해없음,이륜,남,47세,경상
2023102200100436,2023년 10월 22일 21시,일요일,충청북도 충주시 대소원면,중상사고,0,1,0,0,차대차 - 측면충돌,안전거리미확보,건조,맑음,단일로 - 기타,화물,남,64세,상해없음,승용,남,61세,중상
2023102300100054,2023년 10월 23일 07시,월요일,충청북도 충주시 노은면,경상사고,0,0,2,0,차대차 - 추돌,안전운전불이행,건조,맑음,단일로 - 기타,승용,남,18세,상해없음,승용,남,53세,경상
2023102300100095,2023년 10월 23일 08시,월요일,충청북도 청주시 흥덕구 복대동,중상사고,0,1,0,0,차대사람 - 차도통행중,안전운전불이행,건조,맑음,교차로 - 교차로안,승용,여,36세,상해없음,보행자,여,18세,중상
2023102300100096,2023년 10월 23일 08시,월요일,충청북도 청주시 상당구 석교동,경상사고,0,0,6,0,차량단독 - 기타,안전거리미확보,건조,맑음,단일로 - 기타,승합,남,57세,상해없음,,,,
2023102300100174,2023년 10월 23일 10시,월요일,충청북도 청주시 흥덕구 송정동,중상사고,0,1,0,0,차대사람 - 기타,안전운전불이행,건조,맑음,교차로 - 교차로안,승용,여,39세,상해없음,보행자,남,71세,중상
2023102300100229,2023년 10월 23일 12시,월요일,충청북도 증평군 증평읍,경상사고,0,0,1,0,차대차 - 측면충돌,안전운전불이행,건조,맑음,교차로 - 교차로안,승용,남,60세,기타불명,화물,남,37세,경상
2023102300100230,2023년 10월 23일 12시,월요일,충청북도 음성군 감곡면,경상사고,0,0,1,0,차대차 - 측면충돌,교차로운행방법위반,건조,맑음,교차로 - 교차로안,화물,남,66세,상해없음,승용,남,27세,경상
2023102300100264,2023년 10월 23일 13시,월요일,충청북도 충주시 금가면,경상사고,0,0,1,0,차대차 - 추돌,안전거리미확보,건조,맑음,단일로 - 기타,승용,남,46세,상해없음,승용,남,30세,경상
2023102300100265,2023년 10월 23일 13시,월요일,충청북도 청주시 상당구 용담동,경상사고,0,0,1,0,차대차 - 추돌,안전운전불이행,건조,맑음,단일로 - 지하차도(도로)내,승용,여,39세,상해없음,승용,여,41세,경상
2023102300100303,2023년 10월 23일 14시,월요일,충청북도 청주시 청원구 내덕동,경상사고,0,0,1,0,차대차 - 기타,안전거리미확보,건조,맑음,단일로 - 기타,승용,여,59세,상해없음,승용,남,24세,경상
2023102300100304,2023년 10월 23일 14시,월요일,충청북도 청주시 청원구 외평동,부상신고사고,0,0,0,1,차량단독 - 공작물충돌,안전운전불이행,건조,맑음,단일로 - 기타,승용,남,54세,부상신고,,,,
2023102300100305,2023년 10월 23일 14시,월요일,충청북도 청주시 청원구 율량동,경상사고,0,0,1,0,차대사람 - 길가장자리구역통행중,안전운전불이행,건조,맑음,단일로 - 기타,승용,여,59세,상해없음,보행자,여,59세,경상
2023102300100306,2023년 10월 23일 14시,월요일,충청북도 음성군 대소면,중상사고,0,1,0,0,차대차 - 추돌,안전운전불이행,건조,맑음,교차로 - 교차로부근,기타불명,기타불명,미분류,기타불명,이륜,남,58세,중상
2023102300100307,2023년 10월 23일 14시,월요일,충청북도 옥천군 청산면,중상사고,0,1,0,0,차량단독 - 전도전복 - 전복,안전운전불이행,건조,맑음,단일로 - 기타,건설기계,남,73세,중상,,,,
2023102300100341,2023년 10월 23일 15시,월요일,충청북도 음성군 감곡면,경상사고,0,0,1,0,차대사람 - 기타,안전운전불이행,건조,맑음,기타 - 기타,승용,남,83세,상해없음,보행자,여,84세,경상
2023102300100342,2023년 10월 23일 15시,월요일,충청북도 청주시 흥덕구 복대동,경상사고,0,0,1,0,차대사람 - 차도통행중,안전운전불이행,건조,맑음,교차로 - 교차로부근,승합,여,59세,상해없음,보행자,남,9세,경상
2023102300100416,2023년 10월 23일 17시,월요일,충청북도 청주시 청원구 내덕동,중상사고,0,1,0,0,차대차 - 측면충돌,교차로운행방법위반,건조,맑음,교차로 - 교차로부근,승용,여,40세,상해없음,자전거,남,13세,중상
2023102300100417,2023년 10월 23일 17시,월요일,충청북도 청주시 청원구 오창읍,경상사고,0,0,1,0,차대차 - 기타,안전운전불이행,건조,맑음,기타 - 기타,승용,남,55세,상해없음,화물,남,43세,경상
2023102300100418,2023년 10월 23일 17시,월요일,충청북도 제천시 봉양읍,중상사고,0,1,0,0,차대사람 - 횡단중,안전운전불이행,건조,맑음,단일로 - 기타,화물,남,58세,상해없음,보행자,여,64세,중상
2023102300100419,2023년 10월 23일 17시,월요일,충청북도 옥천군 옥천읍,경상사고,0,0,1,0,차대차 - 기타,기타,건조,맑음,교차로 - 교차로안,승용,남,58세,상해없음,화물,남,68세,상해없음
2023102300100420,2023년 10월 23일 17시,월요일,충청북도 청주시 흥덕구 복대동,경상사고,0,0,2,0,차대차 - 측면충돌,안전운전불이행,건조,맑음,교차로 - 교차로부근,승용,남,37세,경상,이륜,남,17세,경상
2023102300100477,2023년 10월 23일 18시,월요일,충청북도 충주시 봉방동,중상사고,0,1,0,0,차대사람 - 횡단중,보행자보호의무위반,건조,맑음,단일로 - 기타,승용,여,62세,상해없음,보행자,남,36세,중상
2023102300100478,2023년 10월 23일 18시,월요일,충청북도 청주시 흥덕구 석곡동,경상사고,0,0,1,0,차대차 - 측면충돌,안전거리미확보,건조,맑음,교차로 - 교차로안,승용,남,67세,상해없음,승용,남,32세,경상
2023102300100522,2023년 10월 23일 19시,월요일,충청북도 청주시 청원구 외하동,경상사고,0,0,1,0,차대차 - 추돌,안전운전불이행,건조,맑음,단일로 - 기타,승용,남,45세,기타불명,화물,남,68세,경상
2023102300100523,2023년 10월 23일 19시,월요일,충청북도 청주시 상당구 용암동,중상사고,0,1,0,0,차대차 - 정면충돌,안전운전불이행,건조,맑음,단일로 - 기타,승용,남,49세,중상,화물,남,43세,상해없음
2023102300100554,2023년 10월 23일 20시,월요일,충청북도 청주시 청원구 오창읍,경상사고,0,0,2,0,차대차 - 기타,신호위반,건조,맑음,교차로 - 교차로부근,원동기,남,42세,경상,승용,남,28세,경상
2023102400100024,2023년 10월 24일 02시,화요일,충청북도 청주시 청원구 율량동,경상사고,0,0,2,0,차대차 - 기타,중앙선침범,건조,맑음,단일로 - 기타,승용,남,24세,상해없음,승용,남,41세,경상
2023102400100033,2023년 10월 24일 04시,화요일,충청북도 청주시 서원구 수곡동,중상사고,0,1,1,0,차대차 - 측면충돌,직진우회전진행방해,건조,맑음,교차로 - 교차로안,승용,남,66세,경상,승용,남,56세,중상
2023102400100095,2023년 10월 24일 08시,화요일,충청북도 청주시 상당구 영운동,경상사고,0,0,1,0,차대차 - 추돌,안전운전불이행,건조,맑음,교차로 - 교차로안,자전거,남,13세,경상,승용,여,23세,상해없음
2023102400100152,2023년 10월 24일 09시,화요일,충청북도 청주시 상당구 남일면,중상사고,0,1,2,0,차대차 - 측면충돌,차로위반,건조,맑음,교차로 - 교차로부근,승용,남,67세,경상,승용,남,33세,중상
2023102400100223,2023년 10월 24일 11시,화요일,충청북도 청주시 흥덕구 복대동,중상사고,0,1,0,0,차대차 - 측면충돌,안전거리미확보,건조,맑음,단일로 - 기타,승용,여,52세,기타불명,승용,남,42세,중상
2023102400100252,2023년 10월 24일 12시,화요일,충청북도 제천시 중앙로1가,경상사고,0,0,1,0,차대차 - 측면충돌,안전거리미확보,건조,맑음,단일로 - 기타,화물,남,77세,기타불명,승용,여,61세,경상
2023102400100396,2023년 10월 24일 16시,화요일,충청북도 충주시 교현동,중상사고,0,1,1,0,차대차 - 측면충돌,신호위반,건조,맑음,교차로 - 교차로안,이륜,남,66세,중상,승용,남,28세,경상
2023102400100397,2023년 10월 24일 16시,화요일,충청북도 청주시 흥덕구 복대동,경상사고,0,0,1,0,차대차 - 측면충돌,안전운전불이행,건조,맑음,단일로 - 기타,승용,남,68세,상해없음,승용,남,69세,경상
2023102400100430,2023년 10월 24일 17시,화요일,충청북도 청주시 청원구 내덕동,경상사고,0,0,1,0,차대차 - 측면충돌,안전운전불이행,건조,맑음,교차로 - 교차로부근,승용,남,68세,기타불명,승용,남,34세,경상
2023102400100431,2023년 10월 24일 17시,화요일,충청북도 제천시 청전동,경상사고,0,0,1,0,차대차 - 정면충돌,교차로운행방법위반,건조,맑음,교차로 - 교차로안,승용,남,43세,기타불명,승용,여,38세,경상
2023102400100432,2023년 10월 24일 17시,화요일,충청북도 청주시 흥덕구 강서동,경상사고,0,0,2,0,차대차 - 측면충돌,안전운전불이행,건조,맑음,교차로 - 교차로안,승용,여,32세,경상,승합,남,53세,경상
2023102400100483,2023년 10월 24일 18시,화요일,충청북도 청주시 흥덕구 오송읍,중상사고,0,1,0,0,차대차 - 측면충돌,안전운전불이행,건조,맑음,교차로 - 교차로안,승용,여,50세,상해없음,승용,남,36세,중상
2023102400100538,2023년 10월 24일 19시,화요일,충청북도 청주시 서원구 사창동,중상사고,0,3,0,0,차대차 - 측면충돌,안전운전불이행,건조,맑음,교차로 - 교차로부근,승용,남,63세,상해없음,기타불명,기타불명,미분류,기타불명
2023102400100539,2023년 10월 24일 19시,화요일,충청북도 진천군 문백면,중상사고,0,2,0,0,차대사람 - 길가장자리구역통행중,안전운전불이행,건조,맑음,단일로 - 기타,승용,남,61세,상해없음,보행자,여,69세,중상
2023102400100597,2023년 10월 24일 21시,화요일,충청북도 청주시 서원구 수곡동,경상사고,0,0,1,0,차대사람 - 횡단중,신호위반,건조,맑음,교차로 - 교차로부근,이륜,남,49세,상해없음,보행자,여,50세,경상
2023102500100022,2023년 10월 25일 05시,수요일,충청북도 음성군 감곡면,경상사고,0,0,1,0,차대차 - 측면충돌,중앙선침범,젖음/습기,안개,단일로 - 기타,화물,남,68세,상해없음,승용,여,53세,경상
2023102500100037,2023년 10월 25일 07시,수요일,충청북도 영동군 영동읍,중상사고,0,1,0,0,차대차 - 추돌,안전거리미확보,건조,맑음,교차로 - 교차로부근,건설기계,남,29세,상해없음,화물,남,63세,상해없음
2023102500100070,2023년 10월 25일 08시,수요일,충청북도 진천군 진천읍,부상신고사고,0,0,0,1,차대차 - 추돌,안전운전불이행,건조,맑음,교차로 - 교차로안,승용,남,43세,상해없음,승용,남,28세,부상신고
2023102500100071,2023년 10월 25일 08시,수요일,충청북도 청주시 흥덕구 비하동,중상사고,0,2,0,0,차대차 - 측면충돌,교차로운행방법위반,건조,맑음,교차로 - 교차로안,승용,남,28세,상해없음,승용,여,45세,중상
2023102500100111,2023년 10월 25일 09시,수요일,충청북도 청주시 흥덕구 복대동,경상사고,0,0,1,0,차대차 - 측면충돌,안전거리미확보,건조,맑음,교차로 - 교차로부근,특수,남,49세,상해없음,승용,여,57세,경상
2023102500100145,2023년 10월 25일 10시,수요일,충청북도 충주시 충의동,경상사고,0,0,1,0,차대사람 - 기타,안전운전불이행,건조,맑음,단일로 - 기타,승용,남,78세,상해없음,보행자,남,59세,경상
2023102500100146,2023년 10월 25일 10시,수요일,충청북도 청주시 서원구 분평동,경상사고,0,0,1,0,차대차 - 측면충돌,안전운전불이행,건조,맑음,단일로 - 지하차도(도로)내,승용,남,25세,상해없음,승용,여,44세,경상
2023102500100147,2023년 10월 25일 10시,수요일,충청북도 청주시 서원구 모충동,경상사고,0,0,1,0,차대차 - 측면충돌,기타,건조,맑음,단일로 - 기타,승용,남,71세,상해없음,승용,남,41세,경상
2023102500100211,2023년 10월 25일 12시,수요일,충청북도 청주시 서원구 사창동,경상사고,0,0,1,0,차대차 - 측면충돌,안전거리미확보,건조,맑음,단일로 - 기타,승용,여,65세,상해없음,승용,여,60세,경상
2023102500100212,2023년 10월 25일 12시,수요일,충청북도 청주시 흥덕구 가경동,중상사고,0,1,0,0,차대차 - 측면충돌,안전운전불이행,건조,맑음,기타 - 기타,승용,여,60세,상해없음,자전거,남,15세,중상
2023102500100246,2023년 10월 25일 13시,수요일,충청북도 청주시 흥덕구 운천동,경상사고,0,0,1,0,차대차 - 측면충돌,안전운전불이행,건조,맑음,단일로 - 기타,승용,여,54세,상해없음,승용,여,43세,경상
2023102500100273,2023년 10월 25일 14시,수요일,충청북도 보은군 보은읍,경상사고,0,0,1,0,차대사람 - 횡단중,기타,건조,맑음,교차로 - 교차로부근,승용,남,60세,상해없음,보행자,여,73세,경상
2023102500100275,2023년 10월 25일 14시,수요일,충청북도 청주시 상당구 석교동,경상사고,0,0,2,0,차대차 - 기타,안전거리미확보,건조,맑음,교차로 - 교차로안,승용,남,75세,경상,승용,남,48세,경상
2023102500100310,2023년 10월 25일 15시,수요일,충청북도 옥천군 옥천읍,중상사고,0,1,0,0,차대차 - 측면충돌,안전운전불이행,건조,맑음,단일로 - 기타,이륜,여,80세,중상,승용,남,53세,상해없음
2023102500100311,2023년 10월 25일 15시,수요일,충청북도 청주시 서원구 미평동,경상사고,0,0,1,0,차대차 - 측면충돌,신호위반,건조,맑음,교차로 - 교차로안,승용,여,62세,상해없음,승합,남,46세,경상
2023102500100347,2023년 10월 25일 16시,수요일,충청북도 단양군 가곡면,경상사고,0,0,1,0,차대차 - 기타,안전운전불이행,건조,맑음,단일로 - 기타,승용,남,26세,경상,승용,여,40세,상해없음
2023102500100386,2023년 10월 25일 17시,수요일,충청북도 제천시 신월동,중상사고,0,1,4,0,차대차 - 추돌,안전거리미확보,건조,맑음,교차로 - 교차로부근,승합,남,28세,경상,승용,남,51세,경상
2023102500100388,2023년 10월 25일 17시,수요일,충청북도 청주시 서원구 분평동,중상사고,0,1,0,0,차대사람 - 횡단중,보행자보호의무위반,건조,맑음,기타 - 기타,승용,여,26세,상해없음,보행자,남,56세,중상
2023102500100441,2023년 10월 25일 18시,수요일,충청북도 증평군 증평읍,경상사고,0,0,3,0,차대차 - 측면충돌,직진우회전진행방해,건조,맑음,단일로 - 기타,승용,남,78세,경상,승용,남,23세,경상
2023102500100442,2023년 10월 25일 18시,수요일,충청북도 증평군 증평읍,경상사고,0,0,1,0,차대차 - 측면충돌,교차로운행방법위반,건조,맑음,교차로 - 교차로안,자전거,남,61세,경상,승용,남,61세,상해없음
2023102500100443,2023년 10월 25일 18시,수요일,충청북도 진천군 이월면,중상사고,0,1,1,0,차대차 - 측면충돌,안전운전불이행,건조,맑음,단일로 - 기타,승합,남,69세,상해없음,승용,남,53세,경상
2023102500100444,2023년 10월 25일 18시,수요일,충청북도 청주시 흥덕구 강서동,중상사고,0,1,0,0,차대차 - 기타,신호위반,건조,맑음,교차로 - 교차로부근,기타불명,기타불명,미분류,기타불명,승합,남,49세,상해없음
2023102500100445,2023년 10월 25일 18시,수요일,충청북도 청주시 흥덕구 강내면,경상사고,0,0,3,0,차대차 - 기타,안전운전불이행,건조,맑음,단일로 - 기타,화물,남,64세,상해없음,승용,여,35세,경상
2023102500100508,2023년 10월 25일 19시,수요일,충청북도 청주시 청원구 오창읍,경상사고,0,0,1,0,차대차 - 기타,신호위반,건조,맑음,교차로 - 교차로안,승용,남,54세,상해없음,승용,남,25세,경상
2023102500100536,2023년 10월 25일 20시,수요일,충청북도 청주시 서원구 산남동,경상사고,0,0,3,0,차대차 - 측면충돌,신호위반,건조,맑음,교차로 - 교차로안,승용,여,43세,상해없음,승용,남,50세,경상
2023102500100572,2023년 10월 25일 22시,수요일,충청북도 청주시 서원구 분평동,중상사고,0,1,0,0,차대사람 - 횡단중,보행자보호의무위반,건조,맑음,단일로 - 기타,승용,남,31세,상해없음,보행자,남,11세,중상
2023102500100573,2023년 10월 25일 22시,수요일,충청북도 청주시 서원구 남이면,사망사고,1,0,2,0,차대차 - 측면충돌,기타,건조,맑음,단일로 - 기타,화물,남,48세,상해없음,화물,남,62세,사망
2023102600100046,2023년 10월 26일 06시,목요일,충청북도 충주시 살미면,경상사고,0,0,1,0,차대차 - 기타,안전운전불이행,건조,맑음,단일로 - 기타,승용,남,77세,상해없음,화물,남,48세,경상
2023102600100047,2023년 10월 26일 06시,목요일,충청북도 청주시 흥덕구 복대동,경상사고,0,0,1,0,차대차 - 측면충돌,안전운전불이행,건조,맑음,단일로 - 기타,승용,여,30세,상해없음,자전거,남,62세,경상
2023102600100048,2023년 10월 26일 06시,목요일,충청북도 청주시 흥덕구 봉명동,경상사고,0,0,2,0,차대차 - 추돌,안전운전불이행,건조,맑음,교차로 - 교차로부근,승용,남,35세,상해없음,승용,남,67세,경상