사고번호,사고일시,요일,시군구,사고내용,사망자수,중상자수,경상자수,부상신고자수,사고유형,법규위반,노면상태,기상상태,도로형태,가해운전자 차종,가해운전자 성별,가해운전자 연령,가해운전자 상해정도,피해운전자 차종,피해운전자 성별,피해운전자 연령,피해운전자 상해정도
2023102600100156,2023년 10월 26일 10시,목요일,충청북도 청주시 청원구 내덕동,경상사고,0,0,1,0,차대차 - 측면충돌,신호위반,건조,맑음,교차로 - 교차로부근,승용,남,55세,상해없음,승용,남,38세,경상
2023102600100157,2023년 10월 26일 10시,목요일,충청북도 음성군 맹동면,경상사고,0,0,1,0,차대사람 - 횡단중,보행자보호의무위반,건조,맑음,교차로 - 교차로안,승용,남,55세,상해없음,보행자,남,45세,경상
2023102600100158,2023년 10월 26일 10시,목요일,충청북도 청주시 흥덕구 송정동,경상사고,0,0,1,0,차대차 - 후진중충돌,안전운전불이행,건조,맑음,기타 - 기타,승용,여,36세,상해없음,승용,여,53세,상해없음
2023102600100186,2023년 10월 26일 11시,목요일,충청북도 충주시 수안보면,중상사고,0,1,1,0,차대차 - 측면충돌,교차로운행방법위반,건조,맑음,교차로 - 교차로안,승용,여,76세,상해없음,승용,남,76세,경상
2023102600100187,2023년 10월 26일 11시,목요일,충청북도 청주시 흥덕구 강서동,경상사고,0,0,1,0,차대차 - 추돌,안전운전불이행,건조,맑음,교차로 - 교차로부근,승용,여,63세,상해없음,승합,남,63세,경상
2023102600100249,2023년 10월 26일 13시,목요일,충청북도 충주시 산척면,경상사고,0,0,3,0,차대차 - 측면충돌,신호위반,건조,맑음,단일로 - 기타,승용,여,58세,상해없음,승용,여,63세,경상
2023102600100250,2023년 10월 26일 13시,목요일,충청북도 음성군 맹동면,부상신고사고,0,0,0,1,차량단독 - 공작물충돌,안전운전불이행,건조,맑음,단일로 - 기타,승용,남,41세,부상신고,,,,
2023102600100277,2023년 10월 26일 14시,목요일,충청북도 충주시 봉방동,경상사고,0,0,1,0,차대사람 - 횡단중,보행자보호의무위반,건조,맑음,교차로 - 교차로횡단보도내,승합,남,64세,상해없음,보행자,남,46세,경상
2023102600100278,2023년 10월 26일 14시,목요일,충청북도 제천시 청전동,경상사고,0,0,1,2,차대차 - 측면충돌,직진우회전진행방해,건조,맑음,교차로 - 교차로안,이륜,남,68세,부상신고,승용,여,47세,경상
2023102600100313,2023년 10월 26일 15시,목요일,충청북도 충주시 호암동,경상사고,0,0,1,0,차대차 - 측면충돌,안전운전불이행,건조,맑음,단일로 - 기타,승용,여,35세,상해없음,원동기,남,75세,경상
2023102600100349,2023년 10월 26일 16시,목요일,충청북도 음성군 금왕읍,중상사고,0,1,0,0,차대사람 - 기타,안전운전불이행,건조,맑음,기타 - 기타,기타불명,남,57세,상해없음,보행자,남,67세,중상
2023102600100403,2023년 10월 26일 17시,목요일,충청북도 충주시 연수동,중상사고,0,1,0,0,차대사람 - 횡단중,보행자보호의무위반,건조,맑음,단일로 - 기타,승용,남,46세,상해없음,보행자,남,9세,중상
2023102600100404,2023년 10월 26일 17시,목요일,충청북도 영동군 황간면,중상사고,0,1,0,0,차대차 - 추돌,안전운전불이행,건조,맑음,단일로 - 기타,건설기계,남,45세,상해없음,자전거,남,84세,중상
2023102600100478,2023년 10월 26일 18시,목요일,충청북도 청주시 청원구 사천동,경상사고,0,0,1,0,차대차 - 측면충돌,교차로운행방법위반,건조,맑음,교차로 - 교차로안,승용,남,73세,상해없음,승용,남,27세,경상
2023102600100479,2023년 10월 26일 18시,목요일,충청북도 충주시 달천동,중상사고,0,1,3,0,차대차 - 추돌,안전운전불이행,젖음/습기,비,교차로 - 교차로부근,화물,남,60세,상해없음,화물,남,69세,중상
2023102600100480,2023년 10월 26일 18시,목요일,충청북도 청주시 흥덕구 오송읍,경상사고,0,0,1,0,차량단독 - 공작물충돌,안전운전불이행,건조,맑음,단일로 - 기타,특수,남,37세,경상,,,,
2023102600100563,2023년 10월 26일 20시,목요일,충청북도 음성군 금왕읍,경상사고,0,0,1,0,차대차 - 측면충돌,교차로운행방법위반,건조,맑음,교차로 - 교차로안,승용,남,52세,상해없음,이륜,남,50세,경상
2023102700100051,2023년 10월 27일 06시,금요일,충청북도 청주시 흥덕구 강내면,경상사고,0,0,2,0,차대차 - 측면충돌,신호위반,건조,맑음,교차로 - 교차로안,특수,남,59세,경상,승용,남,51세,경상
2023102700100052,2023년 10월 27일 06시,금요일,충청북도 청주시 흥덕구 송절동,경상사고,0,0,1,0,차대차 - 추돌,안전운전불이행,건조,맑음,교차로 - 교차로부근,승용,남,36세,상해없음,승용,남,40세,경상
2023102700100138,2023년 10월 27일 09시,금요일,충청북도 제천시 영천동,경상사고,0,0,1,0,차대차 - 측면충돌,직진우회전진행방해,건조,맑음,교차로 - 교차로안,화물,남,67세,상해없음,승용,여,49세,경상
2023102700100139,2023년 10월 27일 09시,금요일,충청북도 청주시 흥덕구 옥산면,사망사고,1,1,0,0,차대차 - 정면충돌,중앙선침범,건조,맑음,단일로 - 기타,승용,여,53세,사망,화물,남,54세,중상
2023102700100140,2023년 10월 27일 09시,금요일,충청북도 청주시 흥덕구 복대동,경상사고,0,0,2,0,차대차 - 측면충돌,안전운전불이행,건조,맑음,단일로 - 기타,승용,남,31세,상해없음,승용,남,63세,경상
2023102700100141,2023년 10월 27일 09시,금요일,충청북도 음성군 금왕읍,경상사고,0,0,2,0,차대차 - 측면충돌,안전운전불이행,건조,흐림,기타 - 기타,화물,남,44세,상해없음,승용,남,26세,경상
2023102700100169,2023년 10월 27일 10시,금요일,충청북도 제천시 청전동,경상사고,0,0,1,0,차대차 - 측면충돌,신호위반,건조,맑음,교차로 - 교차로안,이륜,남,48세,경상,승용,여,31세,상해없음
2023102700100170,2023년 10월 27일 10시,금요일,충청북도 단양군 매포읍,경상사고,0,0,2,0,차량단독 - 공작물충돌,안전운전불이행,건조,맑음,단일로 - 기타,화물,남,62세,경상,,,,
2023102700100171,2023년 10월 27일 10시,금요일,충청북도 청주시 흥덕구 가경동,경상사고,0,0,1,1,차대차 - 측면충돌,안전거리미확보,건조,맑음,단일로 - 기타,승용,남,70세,부상신고,승용,여,47세,경상
2023102700100172,2023년 10월 27일 10시,금요일,충청북도 청주시 상당구 방서동,중상사고,0,1,2,0,차대차 - 측면충돌,신호위반,건조,맑음,교차로 - 교차로안,화물,남,67세,상해없음,승용,여,43세,경상
2023102700100200,2023년 10월 27일 11시,금요일,충청북도 청주시 청원구 우암동,경상사고,0,0,1,0,차대차 - 기타,신호위반,건조,맑음,교차로 - 교차로안,승용,남,83세,상해없음,승용,남,57세,경상
2023102700100201,2023년 10월 27일 11시,금요일,충청북도 충주시 가주동,경상사고,0,0,3,0,차대차 - 기타,안전운전불이행,건조,맑음,단일로 - 기타,승용,여,57세,기타불명,승용,남,32세,경상
2023102700100230,2023년 10월 27일 12시,금요일,충청북도 단양군 매포읍,경상사고,0,0,1,0,차대차 - 측면충돌,안전거리미확보,건조,맑음,단일로 - 기타,승용,여,64세,상해없음,승용,남,51세,경상
2023102700100267,2023년 10월 27일 13시,금요일,충청북도 제천시 봉양읍,경상사고,0,0,1,0,차대차 - 정면충돌,교차로운행방법위반,건조,맑음,교차로 - 교차로안,화물,남,47세,상해없음,승용,남,53세,경상
2023102700100268,2023년 10월 27일 13시,금요일,충청북도 괴산군 연풍면,경상사고,0,0,1,0,차대차 - 측면충돌,신호위반,건조,맑음,단일로 - 기타,화물,남,57세,상해없음,승용,여,46세,경상
2023102700100293,2023년 10월 27일 14시,금요일,충청북도 충주시 중앙탑면,경상사고,0,0,1,0,차대차 - 측면충돌,기타,건조,맑음,단일로 - 기타,승용,남,64세,상해없음,승용,남,65세,경상
2023102700100294,2023년 10월 27일 14시,금요일,충청북도 청주시 흥덕구 복대동,중상사고,0,2,4,1,차대차 - 측면충돌,중앙선침범,건조,맑음,교차로 - 교차로부근,승용,남,30세,상해없음,승용,여,74세,중상
2023102700100318,2023년 10월 27일 15시,금요일,충청북도 옥천군 안내면,경상사고,0,0,1,0,차량단독 - 도로외이탈 - 추락,안전운전불이행,건조,맑음,단일로 - 기타,건설기계,남,56세,경상,,,,
2023102700100367,2023년 10월 27일 16시,금요일,충청북도 청주시 청원구 사천동,경상사고,0,0,3,0,차대차 - 추돌,안전운전불이행,건조,맑음,단일로 - 기타,이륜,남,17세,상해없음,승용,남,60세,경상
2023102700100415,2023년 10월 27일 17시,금요일,충청북도 청주시 서원구 사직동,중상사고,0,1,0,0,차대사람 - 기타,신호위반,건조,맑음,교차로 - 교차로횡단보도내,승용,남,71세,상해없음,보행자,여,67세,중상
2023102700100416,2023년 10월 27일 17시,금요일,충청북도 청주시 흥덕구 가경동,경상사고,0,0,1,0,차대차 - 추돌,안전운전불이행,건조,맑음,단일로 - 기타,승용,남,76세,상해없음,승합,남,54세,경상
2023102700100469,2023년 10월 27일 18시,금요일,충청북도 청주시 청원구 오창읍,경상사고,0,0,1,0,차대차 - 측면충돌,신호위반,건조,맑음,교차로 - 교차로안,승용,여,19세,상해없음,승용,남,55세,경상
2023102700100470,2023년 10월 27일 18시,금요일,충청북도 청주시 청원구 내수읍,중상사고,0,1,0,0,차대차 - 기타,안전운전불이행,건조,맑음,교차로 - 교차로안,승용,남,63세,상해없음,자전거,남,80세,중상
2023102700100471,2023년 10월 27일 18시,금요일,충청북도 충주시 호암동,경상사고,0,0,1,0,차대차 - 측면충돌,신호위반,건조,맑음,교차로 - 교차로부근,승용,여,54세,상해없음,승용,여,52세,경상
2023102700100472,2023년 10월 27일 18시,금요일,충청북도 충주시 중앙탑면,경상사고,0,0,1,0,차대차 - 기타,신호위반,젖음/습기,비,교차로 - 교차로안,화물,남,29세,상해없음,승용,남,33세,경상
2023102700100473,2023년 10월 27일 18시,금요일,충청북도 괴산군 청천면,사망사고,1,0,0,0,차대사람 - 횡단중,안전운전불이행,건조,맑음,단일로 - 기타,화물,남,55세,상해없음,보행자,여,83세,사망
2023102700100536,2023년 10월 27일 19시,금요일,충청북도 청주시 흥덕구 가경동,경상사고,0,0,2,0,차대차 - 측면충돌,신호위반,건조,맑음,교차로 - 교차로부근,승용,남,42세,상해없음,승용,남,39세,경상
2023102700100537,2023년 10월 27일 19시,금요일,충청북도 청주시 상당구 용암동,중상사고,0,1,0,0,차대차 - 측면충돌,안전운전불이행,건조,맑음,교차로 - 교차로안,승용,여,23세,상해없음,승용,남,55세,중상
2023102700100579,2023년 10월 27일 20시,금요일,충청북도 제천시 봉양읍,중상사고,0,1,0,0,차대차 - 측면충돌,안전운전불이행,건조,맑음,교차로 - 교차로안,승용,남,63세,기타불명,승용,여,39세,중상
2023102800100008,2023년 10월 28일 00시,토요일,충청북도 청주시 청원구 내수읍,경상사고,0,0,2,0,차대차 - 기타,안전거리미확보,건조,맑음,단일로 - 기타,승용,남,22세,경상,승용,남,41세,경상
2023102800100009,2023년 10월 28일 00시,토요일,충청북도 청주시 상당구 용암동,부상신고사고,0,0,0,1,차대차 - 기타,안전운전불이행,건조,맑음,교차로 - 교차로부근,기타불명,기타불명,미분류,기타불명,이륜,남,31세,부상신고
2023102800100045,2023년 10월 28일 03시,토요일,충청북도 청주시 서원구 남이면,경상사고,0,0,2,0,차대차 - 추돌,안전운전불이행,건조,맑음,단일로 - 기타,화물,남,56세,경상,화물,남,51세,경상
2023102800100062,2023년 10월 28일 05시,토요일,충청북도 청주시 상당구 석교동,중상사고,0,1,0,0,차대차 - 추돌,안전운전불이행,건조,맑음,단일로 - 지하차도(도로)내,이륜,남,25세,중상,화물,남,73세,기타불명
2023102800100239,2023년 10월 28일 12시,토요일,충청북도 괴산군 칠성면,경상사고,0,0,1,0,차대차 - 측면충돌,직진우회전진행방해,건조,맑음,교차로 - 교차로안,이륜,남,64세,경상,승용,남,64세,상해없음
2023102800100240,2023년 10월 28일 12시,토요일,충청북도 청주시 흥덕구 봉명동,경상사고,0,0,1,1,차대차 - 기타,안전운전불이행,건조,맑음,교차로 - 교차로안,승용,남,70세,부상신고,승용,여,31세,경상
2023102800100241,2023년 10월 28일 12시,토요일,충청북도 청주시 흥덕구 옥산면,중상사고,0,1,0,0,차대차 - 추돌,안전운전불이행,건조,맑음,단일로 - 기타,승용,남,57세,상해없음,승용,남,34세,중상
2023102800100242,2023년 10월 28일 12시,토요일,충청북도 청주시 흥덕구 옥산면,중상사고,0,1,2,0,차대차 - 추돌,안전운전불이행,건조,맑음,기타 - 기타,승용,남,51세,중상,승용,남,63세,경상
2023102800100331,2023년 10월 28일 14시,토요일,충청북도 충주시 칠금동,경상사고,0,0,1,0,차대차 - 기타,안전거리미확보,건조,맑음,단일로 - 기타,승용,여,36세,상해없음,승용,남,37세,경상
2023102800100332,2023년 10월 28일 14시,토요일,충청북도 청주시 흥덕구 송절동,부상신고사고,0,0,0,1,차량단독 - 전도전복 - 전도,안전운전불이행,건조,맑음,교차로 - 교차로안,이륜,남,36세,부상신고,,,,
2023102800100376,2023년 10월 28일 15시,토요일,충청북도 음성군 대소면,경상사고,0,0,5,0,차대차 - 기타,중앙선침범,건조,맑음,단일로 - 기타,승용,남,67세,상해없음,승용,여,45세,경상
2023102800100377,2023년 10월 28일 15시,토요일,충청북도 청주시 흥덕구 봉명동,중상사고,0,1,0,0,차대차 - 기타,안전운전불이행,건조,맑음,단일로 - 기타,이륜,남,71세,상해없음,자전거,남,62세,중상
2023102800100378,2023년 10월 28일 15시,토요일,충청북도 청주시 서원구 산남동,경상사고,0,0,1,0,차대차 - 측면충돌,안전운전불이행,건조,맑음,단일로 - 지하차도(도로)내,화물,남,24세,상해없음,승용,남,51세,경상
2023102800100379,2023년 10월 28일 15시,토요일,충청북도 청주시 서원구 수곡동,경상사고,0,0,1,0,차대차 - 측면충돌,안전운전불이행,건조,맑음,교차로 - 교차로안,화물,남,54세,상해없음,원동기,남,44세,경상
2023102800100421,2023년 10월 28일 16시,토요일,충청북도 증평군 증평읍,경상사고,0,0,1,0,차대차 - 측면충돌,안전운전불이행,건조,맑음,단일로 - 기타,자전거,남,15세,경상,승용,남,39세,기타불명
2023102800100422,2023년 10월 28일 16시,토요일,충청북도 보은군 보은읍,중상사고,0,3,2,0,차대차 - 측면충돌,교차로운행방법위반,건조,맑음,교차로 - 교차로부근,승용,남,62세,상해없음,승용,남,36세,중상
2023102800100423,2023년 10월 28일 16시,토요일,충청북도 진천군 진천읍,경상사고,0,0,2,0,차대차 - 측면충돌,안전운전불이행,건조,맑음,교차로 - 교차로안,승용,여,23세,상해없음,승용,남,41세,경상
2023102800100457,2023년 10월 28일 17시,토요일,충청북도 제천시 고암동,경상사고,0,0,1,0,차대차 - 측면충돌,안전운전불이행,건조,맑음,교차로 - 교차로안,승용,남,58세,상해없음,승용,여,62세,경상
2023102800100458,2023년 10월 28일 17시,토요일,충청북도 청주시 상당구 용암동,경상사고,0,0,1,0,차대차 - 기타,안전거리미확보,건조,맑음,교차로 - 교차로부근,승용,여,45세,상해없음,승용,남,67세,상해없음
2023102800100510,2023년 10월 28일 18시,토요일,충청북도 충주시 용산동,경상사고,0,0,1,0,차대차 - 측면충돌,안전운전불이행,건조,맑음,교차로 - 교차로안,원동기,여,60세,기타불명,화물,여,42세,경상
2023102800100511,2023년 10월 28일 18시,토요일,충청북도 청주시 흥덕구 비하동,경상사고,0,0,2,0,차대차 - 추돌,안전운전불이행,건조,맑음,기타 - 기타,승용,남,71세,상해없음,승용,여,29세,경상
2023102800100559,2023년 10월 28일 19시,토요일,충청북도 청주시 서원구 사창동,경상사고,0,0,2,0,차대차 - 기타,신호위반,건조,맑음,단일로 - 기타,승용,남,29세,상해없음,승용,남,66세,경상
2023102800100560,2023년 10월 28일 19시,토요일,충청북도 청주시 흥덕구 운천동,부상신고사고,0,0,0,1,차대사람 - 기타,안전운전불이행,건조,맑음,단일로 - 기타,자전거,여,19세,상해없음,보행자,남,48세,부상신고
2023102800100583,2023년 10월 28일 20시,토요일,충청북도 청주시 청원구 우암동,경상사고,0,0,1,0,차대차 - 측면충돌,안전거리미확보,건조,맑음,단일로 - 기타,승합,남,64세,상해없음,승용,남,59세,경상
2023102800100584,2023년 10월 28일 20시,토요일,충청북도 보은군 내북면,중상사고,0,1,0,0,차대차 - 측면충돌,안전운전불이행,건조,맑음,단일로 - 기타,승용,남,62세,상해없음,승합,여,57세,중상
2023102800100603,2023년 10월 28일 21시,토요일,충청북도 충주시 용산동,중상사고,0,1,0,0,차대차 - 측면충돌,교차로운행방법위반,건조,흐림,교차로 - 교차로안,승용,여,69세,상해없음,이륜,남,27세,중상
2023102800100604,2023년 10월 28일 21시,토요일,충청북도 청주시 상당구 용담동,경상사고,0,0,3,0,차대차 - 기타,안전운전불이행,건조,맑음,교차로 - 교차로안,이륜,남,17세,상해없음,승용,여,40세,경상
2023102800100639,2023년 10월 28일 23시,토요일,충청북도 청주시 청원구 사천동,중상사고,0,1,0,0,차대차 - 기타,기타,건조,맑음,단일로 - 기타,승용,남,40세,중상,화물,남,43세,상해없음
2023102800100640,2023년 10월 28일 23시,토요일,충청북도 충주시 봉방동,경상사고,0,0,1,0,차대차 - 기타,안전거리미확보,건조,맑음,단일로 - 기타,승용,남,75세,상해없음,승용,남,36세,경상
2023102800100641,2023년 10월 28일 23시,토요일,충청북도 청주시 흥덕구 복대동,경상사고,0,0,1,0,차대차 - 측면충돌,안전운전불이행,건조,맑음,단일로 - 기타,승용,남,65세,상해없음,승용,여,21세,경상
2023102900100024,2023년 10월 29일 02시,일요일,충청북도 청주시 청원구 오창읍,경상사고,0,0,1,0,차대차 - 측면충돌,신호위반,건조,맑음,교차로 - 교차로안,승용,남,48세,상해없음,승용,남,54세,경상
2023102900100053,2023년 10월 29일 06시,일요일,충청북도 청주시 청원구 내수읍,경상사고,0,0,1,0,차대차 - 기타,안전운전불이행,건조,맑음,기타 - 기타,승용,여,46세,상해없음,승용,남,36세,경상
2023102900100070,2023년 10월 29일 08시,일요일,충청북도 단양군 단양읍,경상사고,0,0,2,0,차대차 - 추돌,안전운전불이행,건조,맑음,교차로 - 교차로안,승합,남,63세,상해없음,승용,남,45세,경상
2023102900100087,2023년 10월 29일 09시,일요일,충청북도 영동군 용산면,중상사고,0,1,0,0,차대차 - 측면충돌,안전운전불이행,건조,맑음,단일로 - 기타,화물,남,63세,상해없음,사륜오토바이(ATV),여,85세,중상
2023102900100109,2023년 10월 29일 10시,일요일,충청북도 괴산군 청안면,중상사고,0,2,0,0,차대차 - 측면충돌,직진우회전진행방해,건조,맑음,교차로 - 교차로안,승용,여,58세,상해없음,이륜,남,76세,중상
2023102900100162,2023년 10월 29일 12시,일요일,충청북도 청주시 청원구 사천동,경상사고,0,0,1,0,차대차 - 측면충돌,안전운전불이행,건조,맑음,교차로 - 교차로안,승용,남,54세,상해없음,이륜,남,43세,경상
2023102900100201,2023년 10월 29일 13시,일요일,충청북도 보은군 속리산면,경상사고,0,0,1,0,차대차 - 정면충돌,교차로운행방법위반,건조,맑음,단일로 - 기타,승용,남,59세,상해없음,승용,여,26세,경상
2023102900100202,2023년 10월 29일 13시,일요일,충청북도 음성군 감곡면,중상사고,0,4,0,0,차대차 - 측면충돌,중앙선침범,건조,맑음,단일로 - 기타,승용,남,73세,상해없음,화물,남,64세,중상
2023102900100203,2023년 10월 29일 13시,일요일,충청북도 단양군 단양읍,경상사고,0,0,2,0,차대차 - 측면충돌,중앙선침범,건조,맑음,단일로 - 기타,승용,남,45세,상해없음,승용,여,40세,경상
2023102900100204,2023년 10월 29일 13시,일요일,충청북도 청주시 서원구 모충동,중상사고,0,1,0,0,차대사람 - 횡단중,신호위반,건조,맑음,교차로 - 교차로부근,승용,여,69세,상해없음,보행자,여,20세,중상
2023102900100205,2023년 10월 29일 13시,일요일,충청북도 청주시 상당구 남일면,경상사고,0,0,1,0,차대차 - 정면충돌,중앙선침범,건조,맑음,단일로 - 지하차도(도로)내,승용,남,66세,상해없음,화물,남,51세,경상
2023102900100284,2023년 10월 29일 15시,일요일,충청북도 음성군 음성읍,중상사고,0,1,0,0,차대차 - 측면충돌,교차로운행방법위반,건조,맑음,교차로 - 교차로안,화물,남,64세,상해없음,이륜,남,66세,중상
2023102900100285,2023년 10월 29일 15시,일요일,충청북도 단양군 단양읍,경상사고,0,0,1,0,차대사람 - 기타,안전운전불이행,건조,맑음,단일로 - 기타,승용,여,29세,상해없음,보행자,남,18세,경상
2023102900100286,2023년 10월 29일 15시,일요일,충청북도 단양군 가곡면,경상사고,0,0,3,0,차대차 - 기타,중앙선침범,건조,맑음,단일로 - 기타,승용,남,31세,상해없음,승용,여,41세,경상
2023102900100287,2023년 10월 29일 15시,일요일,충청북도 청주시 흥덕구 옥산면,경상사고,0,0,4,0,차대차 - 기타,안전운전불이행,건조,맑음,단일로 - 기타,승용,남,49세,상해없음,승용,남,33세,경상
2023102900100288,2023년 10월 29일 15시,일요일,충청북도 청주시 서원구 현도면,중상사고,0,1,1,0,차대차 - 추돌,안전운전불이행,건조,맑음,단일로 - 기타,승용,남,25세,상해없음,승용,여,34세,중상
2023102900100323,2023년 10월 29일 16시,일요일,충청북도 괴산군 연풍면,중상사고,0,1,3,0,차대차 - 측면충돌,안전운전불이행,건조,맑음,단일로 - 기타,승용,여,34세,경상,이륜,여,31세,중상
2023102900100324,2023년 10월 29일 16시,일요일,충청북도 괴산군 괴산읍,경상사고,0,0,1,0,차대차 - 측면충돌,안전거리미확보,건조,맑음,교차로 - 교차로부근,자전거,여,72세,경상,승용,남,42세,상해없음
2023102900100401,2023년 10월 29일 18시,일요일,충청북도 청주시 서원구 개신동,중상사고,0,1,2,0,차대차 - 측면충돌,안전운전불이행,건조,맑음,단일로 - 기타,이륜,남,37세,중상,승용,남,70세,경상
2023102900100402,2023년 10월 29일 18시,일요일,충청북도 충주시 대소원면,경상사고,0,0,2,0,차대차 - 측면충돌,안전운전불이행,건조,맑음,단일로 - 기타,승용,여,32세,상해없음,승용,남,66세,경상
2023102900100455,2023년 10월 29일 20시,일요일,충청북도 제천시 천남동,경상사고,0,0,1,0,차량단독 - 공작물충돌,안전운전불이행,건조,맑음,교차로 - 교차로안,승용,남,67세,경상,,,,
2023102900100456,2023년 10월 29일 20시,일요일,충청북도 음성군 원남면,경상사고,0,0,2,0,차대차 - 추돌,안전거리미확보,건조,맑음,단일로 - 기타,승용,남,30세,상해없음,승용,남,57세,경상
2023102900100480,2023년 10월 29일 21시,일요일,충청북도 증평군 증평읍,경상사고,0,0,2,0,차대차 - 정면충돌,중앙선침범,건조,흐림,단일로 - 기타,승용,여,42세,경상,승용,남,25세,경상
2023102900100481,2023년 10월 29일 21시,일요일,충청북도 청주시 흥덕구 가경동,경상사고,0,0,1,0,차대차 - 측면충돌,신호위반,건조,맑음,교차로 - 교차로안,승용,남,53세,상해없음,승용,여,27세,경상
2023102900100493,2023년 10월 29일 22시,일요일,충청북도 충주시 금릉동,경상사고,0,0,4,0,차대차 - 기타,신호위반,건조,맑음,교차로 - 교차로안,승용,여,57세,상해없음,승용,남,34세,경상
2023103000100016,2023년 10월 30일 03시,월요일,충청북도 청주시 청원구 우암동,경상사고,0,0,2,0,차대차 - 측면충돌,안전운전불이행,건조,맑음,교차로 - 교차로안,승용,남,67세,경상,화물,남,50세,경상
2023103000100036,2023년 10월 30일 06시,월요일,충청북도 음성군 원남면,경상사고,0,0,2,0,차대차 - 측면충돌,안전거리미확보,건조,맑음,단일로 - 기타,건설기계,남,58세,경상,승용,남,86세,경상
2023103000100037,2023년 10월 30일 06시,월요일,충청북도 청주시 서원구 남이면,경상사고,0,0,1,0,차대차 - 추돌,안전운전불이행,건조,맑음,단일로 - 기타,승용,남,66세,상해없음,승용,여,33세,경상
2023103000100053,2023년 10월 30일 07시,월요일,충청북도 제천시 영천동,중상사고,0,1,0,0,차대차 - 추돌,안전운전불이행,건조,맑음,교차로 - 교차로안,화물,남,63세,기타불명,승용,남,60세,중상
2023103000100054,2023년 10월 30일 07시,월요일,충청북도 증평군 증평읍,경상사고,0,0,2,0,차대차 - 측면충돌,안전운전불이행,건조,맑음,교차로 - 교차로안,승용,여,56세,상해없음,승용,여,53세,경상
2023103000100055,2023년 10월 30일 07시,월요일,충청북도 옥천군 옥천읍,중상사고,0,1,0,0,차대차 - 측면충돌,교차로운행방법위반,젖음/습기,안개,교차로 - 교차로안,승합,남,57세,상해없음,승용,남,53세,중상
2023103000100092,2023년 10월 30일 08시,월요일,충청북도 음성군 감곡면,경상사고,0,0,1,0,차대차 - 측면충돌,안전운전불이행,건조,맑음,교차로 - 교차로안,승용,남,33세,상해없음,이륜,남,60세,경상
2023103000100093,2023년 10월 30일 08시,월요일,충청북도 청주시 서원구 성화동,경상사고,0,0,1,0,차대차 - 추돌,안전거리미확보,건조,맑음,단일로 - 기타,승합,남,62세,상해없음,승용,여,49세,경상
2023103000100130,2023년 10월 30일 09시,월요일,충청북도 단양군 영춘면,사망사고,1,0,0,0,차대사람 - 기타,안전운전불이행,건조,맑음,단일로 - 기타,승용,남,76세,상해없음,보행자,남,66세,사망
2023103000100160,2023년 10월 30일 10시,월요일,충청북도 괴산군 장연면,경상사고,0,0,1,0,차대차 - 측면충돌,안전운전불이행,건조,맑음,주차장 - 주차장,승용,여,65세,상해없음,승용,남,35세,경상
2023103000100195,2023년 10월 30일 11시,월요일,충청북도 청주시 서원구 사창동,경상사고,0,0,1,0,차대차 - 측면충돌,안전거리미확보,건조,맑음,단일로 - 지하차도(도로)내,승용,남,71세,상해없음,이륜,남,26세,경상
2023103000100196,2023년 10월 30일 11시,월요일,충청북도 증평군 증평읍,경상사고,0,0,1,0,차대차 - 측면충돌,신호위반,건조,맑음,교차로 - 교차로안,승용,여,54세,기타불명,승용,남,60세,경상
2023103000100226,2023년 10월 30일 12시,월요일,충청북도 청주시 흥덕구 비하동,경상사고,0,0,1,0,차대사람 - 기타,안전운전불이행,건조,맑음,단일로 - 기타,자전거,남,64세,상해없음,보행자,여,8세,경상
2023103000100291,2023년 10월 30일 14시,월요일,충청북도 충주시 노은면,경상사고,0,0,4,0,차대차 - 추돌,안전거리미확보,건조,맑음,단일로 - 터널,승용,남,43세,상해없음,승용,여,33세,경상
2023103000100332,2023년 10월 30일 15시,월요일,충청북도 충주시 호암동,경상사고,0,0,1,0,차대차 - 측면충돌,안전거리미확보,건조,맑음,단일로 - 기타,승용,여,63세,경상,승용,여,61세,상해없음
2023103000100333,2023년 10월 30일 15시,월요일,충청북도 청주시 흥덕구 복대동,경상사고,0,0,2,0,차대차 - 측면충돌,안전운전불이행,건조,맑음,교차로 - 교차로횡단보도내,승용,남,45세,경상,자전거,남,30세,경상
2023103000100369,2023년 10월 30일 16시,월요일,충청북도 충주시 충인동,경상사고,0,0,1,0,차대차 - 측면충돌,교차로운행방법위반,건조,맑음,교차로 - 교차로안,승용,여,29세,상해없음,승용,남,32세,경상
2023103000100411,2023년 10월 30일 17시,월요일,충청북도 음성군 맹동면,경상사고,0,0,1,0,차대사람 - 보도통행중,보행자보호의무위반,건조,맑음,교차로 - 교차로부근,승합,여,65세,상해없음,보행자,여,28세,경상
2023103000100412,2023년 10월 30일 17시,월요일,충청북도 청주시 상당구 용정동,부상신고사고,0,0,0,1,차대차 - 기타,안전운전불이행,건조,맑음,교차로 - 교차로안,승용,여,57세,상해없음,승용,여,51세,부상신고
2023103000100508,2023년 10월 30일 19시,월요일,충청북도 음성군 맹동면,경상사고,0,0,1,0,차대차 - 측면충돌,안전운전불이행,건조,맑음,교차로 - 교차로부근,승용,여,42세,상해없음,승용,남,40세,경상