사고번호,사고일시,요일,시군구,사고내용,사망자수,중상자수,경상자수,부상신고자수,사고유형,법규위반,노면상태,기상상태,도로형태,가해운전자 차종,가해운전자 성별,가해운전자 연령,가해운전자 상해정도,피해운전자 차종,피해운전자 성별,피해운전자 연령,피해운전자 상해정도
2023103000100509,2023년 10월 30일 19시,월요일,충청북도 청주시 흥덕구 복대동,경상사고,0,0,2,0,차대차 - 추돌,안전거리미확보,건조,맑음,단일로 - 기타,승용,남,58세,상해없음,승용,남,50세,경상
2023103000100560,2023년 10월 30일 21시,월요일,충청북도 청주시 청원구 내덕동,중상사고,0,1,0,0,차대차 - 기타,신호위반,건조,맑음,교차로 - 교차로안,승용,남,31세,상해없음,이륜,남,22세,중상
2023103000100561,2023년 10월 30일 21시,월요일,충청북도 청주시 흥덕구 복대동,경상사고,0,0,1,0,차대차 - 측면충돌,안전운전불이행,건조,맑음,단일로 - 기타,승용,남,42세,상해없음,이륜,여,49세,경상
2023103000100562,2023년 10월 30일 21시,월요일,충청북도 청주시 서원구 수곡동,경상사고,0,0,2,0,차대차 - 기타,교차로운행방법위반,건조,맑음,교차로 - 교차로부근,이륜,남,32세,경상,이륜,남,37세,경상
2023103100100102,2023년 10월 31일 08시,화요일,충청북도 충주시 칠금동,경상사고,0,0,9,0,차대차 - 추돌,기타,기타,안개,단일로 - 기타,승용,남,26세,경상,승합,남,68세,상해없음
2023103100100152,2023년 10월 31일 09시,화요일,충청북도 청주시 흥덕구 봉명동,부상신고사고,0,0,0,1,차대사람 - 횡단중,안전운전불이행,건조,맑음,단일로 - 기타,기타불명,기타불명,미분류,기타불명,보행자,여,65세,부상신고
2023103100100189,2023년 10월 31일 10시,화요일,충청북도 충주시 노은면,사망사고,1,0,0,0,차량단독 - 공작물충돌,안전운전불이행,건조,맑음,단일로 - 기타,승용,남,66세,사망,,,,
2023103100100219,2023년 10월 31일 11시,화요일,충청북도 충주시 수안보면,중상사고,0,1,1,0,차대차 - 기타,직진우회전진행방해,건조,맑음,교차로 - 교차로안,승용,여,67세,경상,화물,남,63세,중상
2023103100100220,2023년 10월 31일 11시,화요일,충청북도 충주시 산척면,경상사고,0,0,1,0,차대차 - 측면충돌,안전운전불이행,건조,맑음,교차로 - 교차로부근,화물,남,55세,상해없음,화물,남,52세,경상
2023103100100221,2023년 10월 31일 11시,화요일,충청북도 음성군 맹동면,경상사고,0,0,1,0,차대차 - 측면충돌,안전운전불이행,건조,맑음,단일로 - 기타,승용,남,51세,상해없음,이륜,남,39세,경상
2023103100100222,2023년 10월 31일 11시,화요일,충청북도 청주시 서원구 개신동,경상사고,0,0,1,0,차대차 - 정면충돌,교차로운행방법위반,건조,맑음,교차로 - 교차로부근,특수,남,46세,상해없음,승용,여,44세,경상
2023103100100283,2023년 10월 31일 13시,화요일,충청북도 제천시 동현동,중상사고,0,1,1,0,차대차 - 측면충돌,불법유턴,건조,맑음,단일로 - 기타,승용,남,60세,경상,이륜,남,51세,중상
2023103100100284,2023년 10월 31일 13시,화요일,충청북도 청주시 상당구 석교동,경상사고,0,0,1,0,차대사람 - 길가장자리구역통행중,안전운전불이행,건조,맑음,단일로 - 지하차도(도로)내,승용,남,77세,상해없음,보행자,여,66세,경상
2023103100100320,2023년 10월 31일 14시,화요일,충청북도 청주시 서원구 사창동,경상사고,0,0,1,0,차대차 - 정면충돌,안전운전불이행,건조,맑음,교차로 - 교차로안,화물,남,39세,상해없음,이륜,남,16세,경상
2023103100100321,2023년 10월 31일 14시,화요일,충청북도 제천시 신월동,경상사고,0,0,1,0,차대사람 - 횡단중,안전운전불이행,건조,맑음,교차로 - 교차로횡단보도내,승용,여,40세,상해없음,보행자,여,19세,경상
2023103100100322,2023년 10월 31일 14시,화요일,충청북도 증평군 증평읍,경상사고,0,0,3,0,차대차 - 추돌,안전운전불이행,건조,맑음,교차로 - 교차로부근,승용,남,69세,상해없음,승용,남,26세,상해없음
2023103100100323,2023년 10월 31일 14시,화요일,충청북도 음성군 원남면,경상사고,0,0,1,0,차량단독 - 공작물충돌,안전운전불이행,건조,맑음,단일로 - 기타,화물,남,38세,경상,,,,
2023103100100324,2023년 10월 31일 14시,화요일,충청북도 청주시 상당구 서문동,경상사고,0,0,4,0,차대차 - 측면충돌,신호위반,건조,맑음,교차로 - 교차로안,승합,남,28세,상해없음,승용,여,68세,경상
2023103100100363,2023년 10월 31일 15시,화요일,충청북도 청주시 흥덕구 봉명동,경상사고,0,0,2,0,차대차 - 기타,안전거리미확보,건조,맑음,단일로 - 기타,화물,남,65세,상해없음,승합,남,55세,경상
2023103100100434,2023년 10월 31일 17시,화요일,충청북도 청주시 청원구 주중동,경상사고,0,0,1,0,차대차 - 기타,신호위반,건조,맑음,교차로 - 교차로안,승용,여,40세,상해없음,승용,남,46세,경상
2023103100100435,2023년 10월 31일 17시,화요일,충청북도 진천군 광혜원면,경상사고,0,0,1,0,차대차 - 추돌,안전운전불이행,건조,맑음,단일로 - 기타,화물,남,70세,상해없음,화물,남,65세,경상
2023103100100436,2023년 10월 31일 17시,화요일,충청북도 진천군 광혜원면,경상사고,0,0,1,0,차대차 - 측면충돌,안전운전불이행,건조,흐림,단일로 - 기타,화물,남,59세,기타불명,승합,여,55세,경상
2023103100100506,2023년 10월 31일 18시,화요일,충청북도 충주시 호암동,경상사고,0,0,1,0,차대차 - 기타,안전거리미확보,건조,맑음,단일로 - 기타,승용,남,71세,상해없음,승용,남,21세,경상
2023103100100507,2023년 10월 31일 18시,화요일,충청북도 보은군 탄부면,사망사고,1,0,0,0,차대사람 - 차도통행중,안전운전불이행,건조,맑음,단일로 - 기타,승용,여,49세,기타불명,보행자,여,71세,사망
2023103100100508,2023년 10월 31일 18시,화요일,충청북도 청주시 서원구 모충동,경상사고,0,0,1,0,차대차 - 기타,안전운전불이행,건조,맑음,교차로 - 교차로부근,승용,남,66세,상해없음,승합,남,43세,경상
2023103100100561,2023년 10월 31일 19시,화요일,충청북도 청주시 상당구 서문동,중상사고,0,1,0,0,차대차 - 측면충돌,안전운전불이행,건조,맑음,단일로 - 지하차도(도로)내,승용,여,36세,상해없음,승용,여,36세,중상
2023103100100590,2023년 10월 31일 20시,화요일,충청북도 청주시 청원구 오창읍,경상사고,0,0,1,0,차대차 - 추돌,안전운전불이행,건조,맑음,단일로 - 기타,이륜,남,30세,상해없음,승용,남,41세,경상
2023103100100591,2023년 10월 31일 20시,화요일,충청북도 청주시 흥덕구 오송읍,경상사고,0,0,2,0,차대차 - 추돌,안전운전불이행,건조,맑음,단일로 - 기타,승용,남,44세,상해없음,승용,남,58세,경상
2023103100100592,2023년 10월 31일 20시,화요일,충청북도 청주시 서원구 모충동,경상사고,0,0,3,0,차대차 - 측면충돌,차로위반,건조,맑음,교차로 - 교차로부근,승용,남,50세,상해없음,승용,남,21세,경상
2023103100100612,2023년 10월 31일 21시,화요일,충청북도 청주시 상당구 수동,경상사고,0,0,1,0,차대차 - 기타,신호위반,건조,맑음,교차로 - 교차로안,승용,남,54세,상해없음,이륜,남,28세,경상
2023103100100613,2023년 10월 31일 21시,화요일,충청북도 청주시 서원구 사직동,경상사고,0,0,1,0,차대차 - 추돌,안전운전불이행,건조,맑음,단일로 - 기타,승용,여,73세,상해없음,승용,여,63세,경상
2023103100100630,2023년 10월 31일 22시,화요일,충청북도 청주시 상당구 용암동,경상사고,0,0,1,0,차대차 - 추돌,안전운전불이행,건조,맑음,단일로 - 기타,승용,남,27세,상해없음,승용,남,22세,경상
2023110100100050,2023년 11월 1일 06시,수요일,충청북도 청주시 흥덕구 봉명동,경상사고,0,0,1,0,차대사람 - 횡단중,안전운전불이행,건조,맑음,단일로 - 기타,승용,남,40세,상해없음,보행자,여,64세,경상
2023110100100051,2023년 11월 1일 06시,수요일,충청북도 청주시 청원구 내덕동,경상사고,0,0,1,0,차대차 - 측면충돌,교차로운행방법위반,건조,맑음,교차로 - 교차로안,승용,남,73세,경상,승용,여,71세,상해없음
2023110100100075,2023년 11월 1일 07시,수요일,충청북도 음성군 금왕읍,경상사고,0,0,1,0,차대차 - 추돌,안전거리미확보,건조,맑음,단일로 - 기타,건설기계,남,63세,상해없음,승용,여,37세,경상
2023110100100112,2023년 11월 1일 08시,수요일,충청북도 청주시 청원구 북이면,중상사고,0,1,0,0,차대차 - 정면충돌,중앙선침범,건조,맑음,단일로 - 기타,승용,여,40세,기타불명,승용,여,31세,중상
2023110100100113,2023년 11월 1일 08시,수요일,충청북도 음성군 금왕읍,경상사고,0,0,3,0,차대차 - 측면충돌,신호위반,건조,맑음,교차로 - 교차로안,승용,남,26세,상해없음,승용,여,61세,경상
2023110100100114,2023년 11월 1일 08시,수요일,충청북도 청주시 흥덕구 외북동,경상사고,0,0,1,0,차대차 - 후진중충돌,안전운전불이행,건조,흐림,교차로 - 교차로안,승용,남,26세,상해없음,승용,여,35세,경상
2023110100100115,2023년 11월 1일 08시,수요일,충청북도 청주시 서원구 미평동,경상사고,0,0,1,0,차대차 - 추돌,안전운전불이행,건조,맑음,교차로 - 교차로부근,승용,여,39세,상해없음,승용,여,40세,경상
2023110100100160,2023년 11월 1일 09시,수요일,충청북도 제천시 청전동,경상사고,0,0,1,0,차대차 - 후진중충돌,안전운전불이행,건조,맑음,교차로 - 교차로안,화물,남,64세,상해없음,승용,여,53세,경상
2023110100100191,2023년 11월 1일 10시,수요일,충청북도 청주시 상당구 탑동,경상사고,0,0,1,0,차대차 - 정면충돌,안전운전불이행,건조,맑음,단일로 - 기타,승용,남,72세,상해없음,이륜,남,19세,경상
2023110100100215,2023년 11월 1일 11시,수요일,충청북도 청주시 청원구 오창읍,경상사고,0,0,1,0,차대차 - 후진중충돌,안전운전불이행,건조,맑음,교차로 - 교차로안,승합,여,68세,상해없음,승용,여,31세,경상
2023110100100246,2023년 11월 1일 12시,수요일,충청북도 청주시 청원구 율량동,경상사고,0,0,1,0,차대차 - 기타,차로위반,건조,맑음,단일로 - 기타,승용,남,37세,상해없음,특수,남,30세,경상
2023110100100278,2023년 11월 1일 13시,수요일,충청북도 음성군 감곡면,경상사고,0,0,1,0,차대차 - 측면충돌,안전거리미확보,건조,맑음,단일로 - 기타,승용,남,64세,상해없음,건설기계,여,39세,경상
2023110100100298,2023년 11월 1일 14시,수요일,충청북도 청주시 청원구 오창읍,경상사고,0,0,2,0,차대차 - 측면충돌,안전운전불이행,건조,맑음,단일로 - 기타,승용,여,57세,상해없음,승용,남,39세,경상
2023110100100328,2023년 11월 1일 15시,수요일,충청북도 청주시 흥덕구 가경동,경상사고,0,0,1,0,차대차 - 기타,안전거리미확보,건조,맑음,단일로 - 기타,건설기계,남,66세,상해없음,승용,남,20세,경상
2023110100100329,2023년 11월 1일 15시,수요일,충청북도 청주시 상당구 용암동,중상사고,0,1,0,0,차대차 - 측면충돌,안전운전불이행,건조,맑음,단일로 - 지하차도(도로)내,개인형이동수단(PM),남,13세,상해없음,자전거,남,70세,중상
2023110100100330,2023년 11월 1일 15시,수요일,충청북도 청주시 상당구 금천동,경상사고,0,0,1,0,차대사람 - 차도통행중,안전운전불이행,건조,맑음,교차로 - 교차로부근,승용,남,76세,상해없음,보행자,여,50세,경상
2023110100100331,2023년 11월 1일 15시,수요일,충청북도 제천시 금성면,경상사고,0,0,3,0,차대차 - 기타,신호위반,건조,맑음,단일로 - 기타,승용,남,62세,상해없음,승용,남,55세,상해없음
2023110100100363,2023년 11월 1일 16시,수요일,충청북도 제천시 하소동,경상사고,0,0,3,0,차대차 - 기타,안전운전불이행,건조,맑음,주차장 - 주차장,화물,남,55세,상해없음,승용,여,35세,경상
2023110100100399,2023년 11월 1일 17시,수요일,충청북도 청주시 청원구 율량동,경상사고,0,0,1,0,차대차 - 측면충돌,안전거리미확보,건조,맑음,교차로 - 교차로부근,승용,남,63세,상해없음,화물,남,66세,경상
2023110100100400,2023년 11월 1일 17시,수요일,충청북도 증평군 증평읍,경상사고,0,0,1,0,차대차 - 측면충돌,중앙선침범,건조,흐림,단일로 - 기타,화물,남,41세,상해없음,자전거,남,57세,경상
2023110100100448,2023년 11월 1일 18시,수요일,충청북도 제천시 고암동,경상사고,0,0,2,0,차대차 - 추돌,안전운전불이행,건조,맑음,교차로 - 교차로부근,승용,남,63세,상해없음,승용,여,67세,경상
2023110100100449,2023년 11월 1일 18시,수요일,충청북도 음성군 생극면,경상사고,0,0,1,0,차대차 - 측면충돌,안전운전불이행,건조,맑음,단일로 - 기타,이륜,남,59세,경상,화물,남,59세,상해없음
2023110100100450,2023년 11월 1일 18시,수요일,충청북도 청주시 흥덕구 봉명동,경상사고,0,0,1,0,차대차 - 기타,안전운전불이행,건조,맑음,단일로 - 기타,승용,남,56세,상해없음,이륜,남,52세,경상
2023110100100498,2023년 11월 1일 19시,수요일,충청북도 청주시 청원구 내덕동,중상사고,0,1,0,0,차대사람 - 횡단중,보행자보호의무위반,건조,맑음,교차로 - 교차로부근,승용,남,59세,상해없음,보행자,남,59세,중상
2023110100100499,2023년 11월 1일 19시,수요일,충청북도 충주시 용산동,경상사고,0,0,1,0,차대사람 - 차도통행중,안전운전불이행,건조,맑음,교차로 - 교차로안,승용,남,26세,상해없음,보행자,여,81세,경상
2023110100100500,2023년 11월 1일 19시,수요일,충청북도 청주시 서원구 모충동,중상사고,0,1,0,0,차대사람 - 차도통행중,안전운전불이행,건조,맑음,단일로 - 지하차도(도로)내,승용,남,67세,상해없음,보행자,남,51세,중상
2023110100100527,2023년 11월 1일 20시,수요일,충청북도 청주시 상당구 서운동,경상사고,0,0,4,0,차대차 - 추돌,안전거리미확보,건조,맑음,교차로 - 교차로부근,이륜,남,17세,상해없음,승용,남,66세,경상
2023110100100581,2023년 11월 1일 23시,수요일,충청북도 청주시 청원구 오창읍,경상사고,0,0,2,0,차대차 - 추돌,안전운전불이행,건조,맑음,기타 - 기타,승용,남,70세,상해없음,승용,남,27세,경상
2023110200100006,2023년 11월 2일 00시,목요일,충청북도 충주시 단월동,경상사고,0,0,1,0,차대사람 - 기타,안전운전불이행,건조,맑음,단일로 - 기타,승용,남,21세,상해없음,보행자,남,22세,경상
2023110200100033,2023년 11월 2일 05시,목요일,충청북도 청주시 상당구 남문로2가,중상사고,0,1,0,0,차대차 - 기타,안전운전불이행,건조,맑음,단일로 - 기타,승용,여,45세,상해없음,자전거,여,80세,중상
2023110200100068,2023년 11월 2일 07시,목요일,충청북도 청주시 청원구 내수읍,중상사고,0,1,0,0,차대차 - 기타,안전운전불이행,건조,맑음,단일로 - 기타,화물,남,52세,중상,건설기계,남,61세,상해없음
2023110200100069,2023년 11월 2일 07시,목요일,충청북도 충주시 칠금동,중상사고,0,1,0,0,차대차 - 측면충돌,신호위반,건조,맑음,교차로 - 교차로안,승용,남,21세,상해없음,자전거,남,78세,중상
2023110200100070,2023년 11월 2일 07시,목요일,충청북도 음성군 금왕읍,중상사고,0,1,2,0,차대차 - 측면충돌,교차로운행방법위반,건조,맑음,교차로 - 교차로안,승용,여,35세,경상,화물,남,54세,경상
2023110200100071,2023년 11월 2일 07시,목요일,충청북도 진천군 덕산읍,중상사고,0,2,0,0,차대차 - 정면충돌,안전운전불이행,건조,맑음,교차로 - 교차로안,승용,남,39세,중상,승용,남,39세,중상
2023110200100072,2023년 11월 2일 07시,목요일,충청북도 진천군 광혜원면,경상사고,0,0,1,0,차대차 - 측면충돌,안전운전불이행,건조,맑음,단일로 - 기타,승용,남,45세,상해없음,승합,남,47세,경상
2023110200100073,2023년 11월 2일 07시,목요일,충청북도 청주시 흥덕구 외북동,중상사고,0,1,1,0,차대차 - 측면충돌,중앙선침범,건조,맑음,교차로 - 교차로부근,이륜,남,33세,중상,승용,남,40세,경상
2023110200100110,2023년 11월 2일 08시,목요일,충청북도 청주시 청원구 율량동,중상사고,0,1,0,0,차대차 - 후진중충돌,불법유턴,건조,맑음,교차로 - 교차로안,승용,여,38세,상해없음,승용,남,22세,중상
2023110200100111,2023년 11월 2일 08시,목요일,충청북도 청주시 서원구 분평동,중상사고,0,1,0,0,차대사람 - 기타,안전운전불이행,건조,맑음,단일로 - 지하차도(도로)내,자전거,여,13세,상해없음,보행자,여,49세,중상
2023110200100153,2023년 11월 2일 09시,목요일,충청북도 청주시 청원구 주중동,경상사고,0,0,1,0,차대사람 - 차도통행중,안전운전불이행,건조,맑음,교차로 - 교차로부근,승용,남,41세,상해없음,보행자,남,51세,경상
2023110200100154,2023년 11월 2일 09시,목요일,충청북도 청주시 상당구 용정동,경상사고,0,0,1,0,차대차 - 측면충돌,안전운전불이행,건조,맑음,단일로 - 기타,승용,남,75세,상해없음,승용,남,53세,경상
2023110200100187,2023년 11월 2일 10시,목요일,충청북도 청주시 청원구 내덕동,중상사고,0,1,1,0,차대차 - 측면충돌,교차로운행방법위반,건조,맑음,교차로 - 교차로안,이륜,남,32세,경상,승용,남,74세,중상
2023110200100188,2023년 11월 2일 10시,목요일,충청북도 진천군 진천읍,경상사고,0,0,1,0,차대차 - 측면충돌,교차로운행방법위반,건조,맑음,교차로 - 교차로안,승용,남,66세,상해없음,승용,여,29세,경상
2023110200100219,2023년 11월 2일 11시,목요일,충청북도 옥천군 동이면,경상사고,0,0,2,0,차대차 - 측면충돌,교차로운행방법위반,건조,맑음,교차로 - 교차로안,승용,남,73세,상해없음,화물,남,63세,경상
2023110200100251,2023년 11월 2일 12시,목요일,충청북도 음성군 생극면,경상사고,0,0,1,0,차대차 - 기타,안전운전불이행,건조,맑음,기타 - 기타,승용,남,78세,상해없음,화물,남,25세,경상
2023110200100252,2023년 11월 2일 12시,목요일,충청북도 진천군 진천읍,경상사고,0,0,1,0,차대차 - 측면충돌,안전운전불이행,건조,맑음,단일로 - 기타,화물,남,27세,상해없음,승용,남,26세,경상
2023110200100293,2023년 11월 2일 13시,목요일,충청북도 음성군 음성읍,중상사고,0,1,0,0,차대사람 - 기타,신호위반,건조,맑음,단일로 - 기타,승용,남,75세,상해없음,보행자,남,79세,중상
2023110200100333,2023년 11월 2일 14시,목요일,충청북도 제천시 천남동,중상사고,0,1,0,0,차대사람 - 횡단중,보행자보호의무위반,건조,맑음,교차로 - 교차로횡단보도내,승용,남,44세,기타불명,보행자,남,7세,중상
2023110200100334,2023년 11월 2일 14시,목요일,충청북도 청주시 흥덕구 봉명동,부상신고사고,0,0,0,1,차대사람 - 기타,안전운전불이행,건조,맑음,기타 - 기타,개인형이동수단(PM),여,22세,부상신고,보행자,남,53세,상해없음
2023110200100335,2023년 11월 2일 14시,목요일,충청북도 청주시 상당구 지북동,중상사고,0,4,3,0,차대차 - 측면충돌,신호위반,건조,맑음,교차로 - 교차로안,승용,남,71세,상해없음,승용,남,25세,경상
2023110200100374,2023년 11월 2일 15시,목요일,충청북도 충주시 동량면,사망사고,1,2,1,0,차대차 - 측면충돌,중앙선침범,건조,맑음,교차로 - 교차로안,승용,남,69세,중상,화물,남,48세,경상
2023110200100375,2023년 11월 2일 15시,목요일,충청북도 충주시 문화동,경상사고,0,0,1,0,차대사람 - 기타,보행자보호의무위반,건조,맑음,교차로 - 교차로안,승용,남,61세,상해없음,보행자,여,72세,경상
2023110200100376,2023년 11월 2일 15시,목요일,충청북도 보은군 산외면,사망사고,1,0,0,0,차대차 - 정면충돌,중앙선침범,건조,맑음,단일로 - 기타,승용,남,26세,상해없음,자전거,남,64세,사망
2023110200100377,2023년 11월 2일 15시,목요일,충청북도 청주시 흥덕구 옥산면,중상사고,0,1,0,0,차대차 - 기타,기타,건조,맑음,단일로 - 기타,승용,여,32세,상해없음,승용,남,72세,중상
2023110200100413,2023년 11월 2일 16시,목요일,충청북도 청주시 청원구 내수읍,부상신고사고,0,0,0,1,차대차 - 측면충돌,신호위반,건조,맑음,단일로 - 지하차도(도로)내,이륜,남,69세,부상신고,화물,남,26세,상해없음
2023110200100414,2023년 11월 2일 16시,목요일,충청북도 영동군 영동읍,중상사고,0,1,0,0,차대차 - 기타,중앙선침범,건조,맑음,단일로 - 기타,특수,남,53세,상해없음,승용,남,48세,중상
2023110200100415,2023년 11월 2일 16시,목요일,충청북도 괴산군 문광면,중상사고,0,1,0,0,차대차 - 측면충돌,안전운전불이행,건조,맑음,단일로 - 기타,승용,여,50세,상해없음,자전거,남,41세,중상
2023110200100416,2023년 11월 2일 16시,목요일,충청북도 음성군 감곡면,경상사고,0,0,4,0,차대차 - 추돌,안전운전불이행,건조,맑음,단일로 - 교량,승용,남,74세,상해없음,승용,남,44세,경상
2023110200100469,2023년 11월 2일 17시,목요일,충청북도 제천시 명동,경상사고,0,0,1,0,차대차 - 측면충돌,안전거리미확보,건조,맑음,교차로 - 교차로부근,자전거,남,71세,경상,특수,남,55세,기타불명
2023110200100522,2023년 11월 2일 18시,목요일,충청북도 충주시 금릉동,경상사고,0,0,2,0,차대차 - 측면충돌,안전운전불이행,건조,맑음,교차로 - 교차로부근,승용,남,68세,상해없음,승용,남,44세,경상
2023110200100523,2023년 11월 2일 18시,목요일,충청북도 진천군 광혜원면,중상사고,0,1,0,0,차대차 - 측면충돌,안전운전불이행,건조,맑음,교차로 - 교차로안,승용,여,56세,상해없음,이륜,남,25세,중상
2023110200100647,2023년 11월 2일 21시,목요일,충청북도 청주시 청원구 북이면,중상사고,0,2,0,0,차대차 - 추돌,교차로운행방법위반,건조,맑음,교차로 - 교차로안,건설기계,남,44세,중상,승용,여,65세,중상
2023110200100648,2023년 11월 2일 21시,목요일,충청북도 청주시 서원구 모충동,중상사고,0,2,0,0,차대차 - 정면충돌,안전운전불이행,건조,맑음,교차로 - 교차로안,화물,남,62세,상해없음,이륜,남,17세,중상
2023110200100672,2023년 11월 2일 22시,목요일,충청북도 청주시 청원구 우암동,경상사고,0,0,1,0,차대사람 - 횡단중,안전운전불이행,건조,맑음,교차로 - 교차로부근,승용,여,47세,상해없음,보행자,남,14세,경상
2023110200100673,2023년 11월 2일 22시,목요일,충청북도 청주시 청원구 내덕동,경상사고,0,0,1,0,차대차 - 측면충돌,안전운전불이행,건조,맑음,교차로 - 교차로부근,승용,남,22세,기타불명,승용,남,62세,경상
2023110200100694,2023년 11월 2일 23시,목요일,충청북도 청주시 흥덕구 상신동,경상사고,0,0,1,0,차대차 - 측면충돌,안전운전불이행,건조,맑음,교차로 - 교차로안,승용,남,50세,상해없음,승용,남,33세,경상
2023110300100058,2023년 11월 3일 06시,금요일,충청북도 충주시 대소원면,경상사고,0,0,2,0,차대차 - 측면충돌,안전운전불이행,건조,맑음,단일로 - 기타,승용,여,37세,경상,승용,남,51세,상해없음
2023110300100059,2023년 11월 3일 06시,금요일,충청북도 청주시 흥덕구 정봉동,경상사고,0,0,2,0,차대차 - 추돌,안전운전불이행,건조,맑음,기타 - 기타,승용,남,73세,상해없음,승용,여,30세,경상
2023110300100074,2023년 11월 3일 07시,금요일,충청북도 청주시 청원구 사천동,경상사고,0,0,1,0,차대차 - 정면충돌,교차로운행방법위반,건조,맑음,교차로 - 교차로안,승용,남,57세,상해없음,승용,남,35세,경상
2023110300100075,2023년 11월 3일 07시,금요일,충청북도 청주시 청원구 내덕동,경상사고,0,0,2,0,차대차 - 정면충돌,중앙선침범,건조,맑음,교차로 - 교차로부근,승용,여,33세,상해없음,승용,남,47세,경상
2023110300100076,2023년 11월 3일 07시,금요일,충청북도 제천시 신백동,경상사고,0,0,2,0,차대차 - 측면충돌,안전거리미확보,건조,맑음,교차로 - 교차로부근,건설기계,남,68세,상해없음,승용,남,58세,경상
2023110300100108,2023년 11월 3일 08시,금요일,충청북도 보은군 보은읍,경상사고,0,0,1,0,차대사람 - 기타,신호위반,건조,맑음,교차로 - 교차로안,화물,남,72세,상해없음,보행자,여,72세,경상
2023110300100217,2023년 11월 3일 11시,금요일,충청북도 청주시 흥덕구 강서동,경상사고,0,0,1,0,차대차 - 정면충돌,안전운전불이행,건조,맑음,교차로 - 교차로안,승용,여,26세,상해없음,승용,여,54세,경상
2023110300100218,2023년 11월 3일 11시,금요일,충청북도 청주시 청원구 오창읍,경상사고,0,0,1,0,차대차 - 기타,기타,건조,맑음,주차장 - 주차장,승용,남,69세,상해없음,승용,여,37세,경상
2023110300100243,2023년 11월 3일 12시,금요일,충청북도 단양군 단성면,경상사고,0,0,1,0,차대차 - 추돌,교차로운행방법위반,건조,맑음,교차로 - 교차로부근,건설기계,남,55세,상해없음,승용,남,71세,경상
2023110300100244,2023년 11월 3일 12시,금요일,충청북도 청주시 흥덕구 송정동,경상사고,0,0,1,0,차대차 - 추돌,안전운전불이행,건조,맑음,교차로 - 교차로부근,승용,남,28세,상해없음,승용,여,28세,경상
2023110300100245,2023년 11월 3일 12시,금요일,충청북도 청주시 상당구 영운동,경상사고,0,0,1,0,차대차 - 측면충돌,안전운전불이행,건조,맑음,교차로 - 교차로부근,승용,여,62세,상해없음,이륜,남,34세,경상
2023110300100246,2023년 11월 3일 12시,금요일,충청북도 청주시 상당구 용암동,중상사고,0,1,0,0,차대사람 - 보도통행중,기타,건조,맑음,단일로 - 지하차도(도로)내,승용,여,61세,상해없음,보행자,여,88세,중상
2023110300100285,2023년 11월 3일 13시,금요일,충청북도 청주시 서원구 현도면,중상사고,0,1,0,0,차대차 - 측면충돌,안전운전불이행,건조,맑음,주차장 - 주차장,승합,남,59세,상해없음,화물,남,42세,중상
2023110300100315,2023년 11월 3일 14시,금요일,충청북도 영동군 심천면,경상사고,0,0,1,0,차대차 - 기타,안전거리미확보,건조,맑음,교차로 - 교차로안,화물,남,41세,상해없음,승용,여,55세,경상
2023110300100316,2023년 11월 3일 14시,금요일,충청북도 청주시 상당구 수동,경상사고,0,0,1,0,차대사람 - 차도통행중,안전운전불이행,건조,맑음,단일로 - 기타,승용,여,59세,상해없음,보행자,여,77세,경상
2023110300100351,2023년 11월 3일 15시,금요일,충청북도 청주시 청원구 내덕동,중상사고,0,1,0,0,차대사람 - 기타,안전운전불이행,건조,맑음,단일로 - 기타,자전거,남,14세,상해없음,보행자,남,74세,중상
2023110300100352,2023년 11월 3일 15시,금요일,충청북도 청주시 청원구 오창읍,경상사고,0,0,1,0,차량단독 - 전도전복 - 전도,안전운전불이행,건조,맑음,단일로 - 기타,승용,남,25세,경상,,,,
2023110300100353,2023년 11월 3일 15시,금요일,충청북도 청주시 청원구 내덕동,경상사고,0,0,1,0,차대차 - 기타,안전거리미확보,건조,맑음,교차로 - 교차로부근,승용,남,67세,상해없음,승용,여,54세,경상
2023110300100399,2023년 11월 3일 16시,금요일,충청북도 충주시 연수동,경상사고,0,0,1,0,차대차 - 기타,교차로운행방법위반,건조,맑음,교차로 - 교차로안,승용,남,66세,상해없음,승용,여,46세,경상
2023110300100400,2023년 11월 3일 16시,금요일,충청북도 충주시 산척면,중상사고,0,1,2,0,차대차 - 측면충돌,중앙선침범,건조,맑음,단일로 - 기타,승용,남,63세,상해없음,승용,여,57세,중상
2023110300100401,2023년 11월 3일 16시,금요일,충청북도 진천군 진천읍,경상사고,0,0,1,0,차대차 - 측면충돌,안전운전불이행,건조,맑음,교차로 - 교차로횡단보도내,화물,남,61세,상해없음,자전거,여,10세,경상
2023110300100402,2023년 11월 3일 16시,금요일,충청북도 청주시 상당구 미원면,경상사고,0,0,1,0,차대차 - 측면충돌,중앙선침범,건조,흐림,단일로 - 기타,농기계,남,65세,상해없음,승용,남,59세,경상
2023110300100452,2023년 11월 3일 17시,금요일,충청북도 음성군 음성읍,경상사고,0,0,2,0,차대차 - 기타,교차로운행방법위반,건조,맑음,교차로 - 교차로안,승용,남,67세,상해없음,승용,여,30세,경상