사고번호,사고일시,요일,시군구,사고내용,사망자수,중상자수,경상자수,부상신고자수,사고유형,법규위반,노면상태,기상상태,도로형태,가해운전자 차종,가해운전자 성별,가해운전자 연령,가해운전자 상해정도,피해운전자 차종,피해운전자 성별,피해운전자 연령,피해운전자 상해정도
2023110900100068,2023년 11월 9일 07시,목요일,충청북도 제천시 장락동,경상사고,0,0,1,0,차대차 - 측면충돌,신호위반,건조,맑음,교차로 - 교차로안,화물,남,62세,상해없음,승합,남,49세,경상
2023110900100100,2023년 11월 9일 08시,목요일,충청북도 충주시 중앙탑면,경상사고,0,0,2,0,차대차 - 측면충돌,신호위반,건조,맑음,교차로 - 교차로안,승용,여,60세,상해없음,승용,남,59세,경상
2023110900100141,2023년 11월 9일 09시,목요일,충청북도 제천시 봉양읍,중상사고,0,1,1,0,차대차 - 정면충돌,안전운전불이행,건조,맑음,교차로 - 교차로안,승용,여,59세,경상,승용,여,65세,중상
2023110900100172,2023년 11월 9일 10시,목요일,충청북도 청주시 흥덕구 복대동,경상사고,0,0,1,0,차대차 - 기타,신호위반,건조,맑음,교차로 - 교차로안,화물,남,59세,상해없음,승용,남,69세,경상
2023110900100205,2023년 11월 9일 11시,목요일,충청북도 제천시 장락동,경상사고,0,0,1,0,차대사람 - 차도통행중,안전운전불이행,건조,맑음,단일로 - 기타,승용,남,38세,상해없음,보행자,남,48세,경상
2023110900100206,2023년 11월 9일 11시,목요일,충청북도 진천군 진천읍,경상사고,0,0,1,0,차대차 - 측면충돌,안전운전불이행,건조,맑음,교차로 - 교차로안,승용,여,63세,상해없음,승용,남,35세,경상
2023110900100236,2023년 11월 9일 12시,목요일,충청북도 음성군 맹동면,경상사고,0,0,1,0,차대차 - 기타,신호위반,건조,맑음,교차로 - 교차로안,승용,남,38세,상해없음,승용,여,42세,경상
2023110900100267,2023년 11월 9일 13시,목요일,충청북도 충주시 교현동,경상사고,0,0,1,0,차대차 - 기타,안전운전불이행,건조,맑음,교차로 - 교차로부근,이륜,남,39세,경상,승용,남,49세,상해없음
2023110900100268,2023년 11월 9일 13시,목요일,충청북도 진천군 광혜원면,경상사고,0,0,1,0,차대차 - 추돌,안전운전불이행,건조,맑음,교차로 - 교차로안,승합,남,51세,상해없음,화물,남,40세,경상
2023110900100330,2023년 11월 9일 15시,목요일,충청북도 청주시 흥덕구 오송읍,경상사고,0,0,1,0,차대차 - 측면충돌,안전운전불이행,건조,맑음,교차로 - 교차로부근,특수,남,58세,상해없음,승용,남,44세,경상
2023110900100363,2023년 11월 9일 16시,목요일,충청북도 청주시 흥덕구 복대동,중상사고,0,1,0,0,차대차 - 측면충돌,안전운전불이행,건조,맑음,단일로 - 터널,이륜,남,54세,중상,승용,남,25세,상해없음
2023110900100403,2023년 11월 9일 17시,목요일,충청북도 옥천군 옥천읍,경상사고,0,0,1,0,차대사람 - 횡단중,보행자보호의무위반,건조,맑음,교차로 - 교차로부근,승용,남,64세,상해없음,보행자,남,65세,경상
2023110900100455,2023년 11월 9일 18시,목요일,충청북도 청주시 청원구 오창읍,경상사고,0,0,1,0,차대사람 - 횡단중,신호위반,건조,맑음,교차로 - 교차로안,원동기,남,58세,상해없음,보행자,여,32세,경상
2023110900100456,2023년 11월 9일 18시,목요일,충청북도 충주시 봉방동,경상사고,0,0,1,0,차대사람 - 차도통행중,안전운전불이행,젖음/습기,맑음,교차로 - 교차로안,화물,남,64세,상해없음,보행자,남,44세,경상
2023110900100457,2023년 11월 9일 18시,목요일,충청북도 충주시 금릉동,경상사고,0,0,1,0,차대사람 - 기타,안전운전불이행,젖음/습기,비,단일로 - 기타,승용,여,53세,상해없음,보행자,남,74세,경상
2023110900100458,2023년 11월 9일 18시,목요일,충청북도 청주시 흥덕구 옥산면,경상사고,0,0,1,0,차대차 - 측면충돌,신호위반,건조,맑음,단일로 - 교량,승합,남,60세,상해없음,승용,남,40세,경상
2023110900100512,2023년 11월 9일 19시,목요일,충청북도 청주시 서원구 분평동,경상사고,0,0,1,0,차대차 - 측면충돌,안전운전불이행,건조,맑음,단일로 - 지하차도(도로)내,승용,남,33세,상해없음,승용,남,51세,경상
2023110900100575,2023년 11월 9일 21시,목요일,충청북도 청주시 흥덕구 가경동,중상사고,0,1,0,0,차대차 - 측면충돌,안전거리미확보,건조,맑음,교차로 - 교차로안,승용,여,54세,상해없음,승용,남,55세,중상
2023110900100594,2023년 11월 9일 22시,목요일,충청북도 청주시 상당구 용암동,경상사고,0,0,1,0,차대차 - 측면충돌,안전운전불이행,젖음/습기,비,교차로 - 교차로부근,승용,남,35세,상해없음,이륜,남,33세,경상
2023110900100614,2023년 11월 9일 23시,목요일,충청북도 충주시 용산동,경상사고,0,0,1,0,차대차 - 기타,안전운전불이행,젖음/습기,비,단일로 - 기타,승용,남,19세,상해없음,이륜,남,45세,경상
2023111000100030,2023년 11월 10일 04시,금요일,충청북도 보은군 보은읍,중상사고,0,1,0,0,차대차 - 정면충돌,중앙선침범,건조,맑음,단일로 - 기타,화물,남,58세,상해없음,이륜,남,54세,중상
2023111000100031,2023년 11월 10일 04시,금요일,충청북도 청주시 흥덕구 가경동,경상사고,0,0,2,0,차대차 - 추돌,안전운전불이행,건조,맑음,단일로 - 기타,승용,남,55세,상해없음,승용,여,56세,경상
2023111000100052,2023년 11월 10일 06시,금요일,충청북도 청주시 서원구 사창동,경상사고,0,0,1,0,차대사람 - 보도통행중,기타,건조,맑음,기타 - 기타,화물,남,41세,상해없음,보행자,여,21세,경상
2023111000100053,2023년 11월 10일 06시,금요일,충청북도 충주시 주덕읍,중상사고,0,1,0,0,차대차 - 측면충돌,중앙선침범,건조,맑음,단일로 - 기타,화물,남,27세,상해없음,승용,남,67세,중상
2023111000100054,2023년 11월 10일 06시,금요일,충청북도 음성군 금왕읍,경상사고,0,0,1,0,차대사람 - 기타,안전운전불이행,건조,맑음,기타 - 기타,승용,여,59세,상해없음,보행자,남,55세,경상
2023111000100070,2023년 11월 10일 07시,금요일,충청북도 영동군 양강면,중상사고,0,1,0,0,차대차 - 측면충돌,직진우회전진행방해,젖음/습기,안개,교차로 - 교차로안,화물,남,65세,상해없음,승용,여,68세,중상
2023111000100108,2023년 11월 10일 08시,금요일,충청북도 청주시 상당구 용암동,경상사고,0,0,2,0,차대차 - 추돌,안전운전불이행,건조,맑음,교차로 - 교차로부근,승용,남,47세,상해없음,승용,여,54세,경상
2023111000100164,2023년 11월 10일 10시,금요일,충청북도 충주시 주덕읍,경상사고,0,0,1,0,차대차 - 기타,안전운전불이행,건조,맑음,단일로 - 기타,화물,남,63세,상해없음,승용,남,42세,경상
2023111000100165,2023년 11월 10일 10시,금요일,충청북도 제천시 청전동,경상사고,0,0,1,0,차대차 - 기타,신호위반,건조,맑음,교차로 - 교차로횡단보도내,승용,남,35세,상해없음,자전거,남,79세,경상
2023111000100270,2023년 11월 10일 13시,금요일,충청북도 청주시 흥덕구 송절동,중상사고,0,1,1,0,차대차 - 측면충돌,신호위반,건조,맑음,교차로 - 교차로안,승용,남,32세,상해없음,화물,남,61세,경상
2023111000100271,2023년 11월 10일 13시,금요일,충청북도 청주시 흥덕구 복대동,중상사고,0,1,0,0,차대차 - 측면충돌,교차로운행방법위반,건조,맑음,교차로 - 교차로안,승용,남,73세,상해없음,이륜,남,17세,중상
2023111000100310,2023년 11월 10일 14시,금요일,충청북도 충주시 풍동,경상사고,0,0,1,0,차대차 - 측면충돌,안전거리미확보,건조,맑음,단일로 - 기타,승용,남,53세,상해없음,승용,남,66세,경상
2023111000100311,2023년 11월 10일 14시,금요일,충청북도 진천군 문백면,중상사고,0,1,0,0,차대차 - 정면충돌,안전운전불이행,건조,맑음,단일로 - 기타,화물,남,67세,상해없음,승용,여,66세,중상
2023111000100312,2023년 11월 10일 14시,금요일,충청북도 청주시 상당구 용암동,경상사고,0,0,1,0,차대차 - 측면충돌,교차로운행방법위반,건조,맑음,교차로 - 교차로안,승합,남,67세,상해없음,이륜,남,51세,경상
2023111000100313,2023년 11월 10일 14시,금요일,충청북도 진천군 초평면,중상사고,0,2,0,2,차대차 - 추돌,안전운전불이행,건조,맑음,단일로 - 기타,승용,남,71세,중상,승용,여,34세,부상신고
2023111000100354,2023년 11월 10일 15시,금요일,충청북도 청주시 청원구 율량동,경상사고,0,0,1,0,차대차 - 측면충돌,신호위반,건조,맑음,교차로 - 교차로안,승용,남,34세,상해없음,승용,여,29세,경상
2023111000100355,2023년 11월 10일 15시,금요일,충청북도 청주시 상당구 지북동,중상사고,0,1,0,0,차대차 - 기타,신호위반,건조,맑음,교차로 - 교차로안,승용,여,40세,상해없음,이륜,남,46세,중상
2023111000100402,2023년 11월 10일 16시,금요일,충청북도 제천시 송학면,경상사고,0,0,3,0,차대차 - 후진중충돌,안전운전불이행,건조,맑음,단일로 - 기타,화물,남,55세,기타불명,승용,남,36세,경상
2023111000100403,2023년 11월 10일 16시,금요일,충청북도 단양군 매포읍,중상사고,0,1,1,0,차대차 - 기타,안전운전불이행,건조,맑음,단일로 - 기타,승용,남,65세,경상,건설기계,남,53세,상해없음
2023111000100448,2023년 11월 10일 17시,금요일,충청북도 청주시 상당구 용담동,중상사고,0,1,1,0,차대차 - 측면충돌,신호위반,건조,맑음,단일로 - 기타,화물,남,67세,상해없음,승용,여,37세,중상
2023111000100509,2023년 11월 10일 18시,금요일,충청북도 제천시 고명동,경상사고,0,0,1,0,차대차 - 측면충돌,차로위반,건조,맑음,교차로 - 교차로안,승용,여,61세,기타불명,승용,남,41세,경상
2023111000100570,2023년 11월 10일 19시,금요일,충청북도 청주시 청원구 내수읍,경상사고,0,0,1,0,차대차 - 추돌,안전운전불이행,건조,맑음,교차로 - 교차로부근,승용,남,44세,상해없음,승용,남,27세,경상
2023111000100571,2023년 11월 10일 19시,금요일,충청북도 충주시 용산동,경상사고,0,0,2,0,차대차 - 측면충돌,교차로운행방법위반,건조,맑음,교차로 - 교차로안,승용,남,72세,경상,승용,여,30세,경상
2023111000100607,2023년 11월 10일 20시,금요일,충청북도 진천군 이월면,경상사고,0,0,1,0,차량단독 - 전도전복 - 전도,안전운전불이행,건조,맑음,단일로 - 기타,이륜,남,71세,경상,,,,
2023111000100636,2023년 11월 10일 21시,금요일,충청북도 청주시 청원구 오창읍,경상사고,0,0,1,0,차대차 - 측면충돌,신호위반,건조,맑음,단일로 - 기타,특수,남,49세,상해없음,승용,남,34세,경상
2023111000100637,2023년 11월 10일 21시,금요일,충청북도 제천시 동현동,경상사고,0,0,1,0,차대차 - 측면충돌,교차로운행방법위반,건조,맑음,교차로 - 교차로부근,승용,남,45세,상해없음,이륜,남,29세,경상
2023111000100638,2023년 11월 10일 21시,금요일,충청북도 청주시 흥덕구 지동동,중상사고,0,2,0,0,차대차 - 측면충돌,신호위반,건조,맑음,교차로 - 교차로안,승용,여,34세,기타불명,승용,남,28세,중상
2023111000100671,2023년 11월 10일 22시,금요일,충청북도 청주시 상당구 영동,경상사고,0,0,2,0,차대차 - 추돌,안전운전불이행,건조,맑음,단일로 - 지하차도(도로)내,승용,남,62세,상해없음,승용,여,29세,경상
2023111000100672,2023년 11월 10일 22시,금요일,충청북도 청주시 상당구 용암동,경상사고,0,0,1,0,차대차 - 측면충돌,안전거리미확보,건조,맑음,교차로 - 교차로부근,승용,남,66세,상해없음,이륜,남,37세,경상
2023111100100020,2023년 11월 11일 01시,토요일,충청북도 옥천군 옥천읍,경상사고,0,0,1,0,차대차 - 측면충돌,교차로운행방법위반,건조,맑음,교차로 - 교차로안,승용,남,50세,상해없음,승용,남,31세,경상
2023111100100021,2023년 11월 11일 01시,토요일,충청북도 옥천군 동이면,사망사고,1,0,0,0,차량단독 - 도로외이탈 - 추락,안전운전불이행,건조,맑음,단일로 - 기타,승용,여,27세,사망,,,,
2023111100100026,2023년 11월 11일 02시,토요일,충청북도 청주시 청원구 내수읍,사망사고,1,0,0,0,차량단독 - 공작물충돌,안전운전불이행,건조,맑음,단일로 - 기타,승용,남,26세,사망,,,,
2023111100100027,2023년 11월 11일 02시,토요일,충청북도 청주시 흥덕구 복대동,경상사고,0,0,2,0,차대차 - 측면충돌,안전운전불이행,건조,맑음,기타 - 기타,이륜,남,30세,경상,승용,남,46세,경상
2023111100100084,2023년 11월 11일 08시,토요일,충청북도 증평군 증평읍,경상사고,0,0,2,0,차대차 - 측면충돌,신호위반,건조,맑음,교차로 - 교차로안,승용,여,55세,상해없음,승용,남,52세,경상
2023111100100113,2023년 11월 11일 09시,토요일,충청북도 청주시 상당구 용암동,경상사고,0,0,1,0,차대차 - 측면충돌,안전운전불이행,건조,맑음,교차로 - 교차로안,승용,남,57세,경상,승용,여,30세,상해없음
2023111100100140,2023년 11월 11일 10시,토요일,충청북도 충주시 앙성면,경상사고,0,0,1,0,차대차 - 측면충돌,안전운전불이행,건조,맑음,교차로 - 교차로안,기타불명,여,66세,경상,승용,여,50세,기타불명
2023111100100141,2023년 11월 11일 10시,토요일,충청북도 영동군 추풍령면,경상사고,0,0,1,0,차대차 - 추돌,안전운전불이행,건조,맑음,기타 - 기타,승용,여,49세,상해없음,승용,남,53세,경상
2023111100100202,2023년 11월 11일 12시,토요일,충청북도 진천군 진천읍,중상사고,0,2,2,0,차대차 - 측면충돌,안전운전불이행,건조,맑음,교차로 - 교차로안,승용,여,28세,경상,승용,남,54세,경상
2023111100100315,2023년 11월 11일 15시,토요일,충청북도 청주시 청원구 내덕동,경상사고,0,0,2,1,차대차 - 측면충돌,직진우회전진행방해,건조,맑음,교차로 - 교차로안,승용,남,62세,부상신고,승용,남,75세,경상
2023111100100317,2023년 11월 11일 15시,토요일,충청북도 충주시 칠금동,경상사고,0,0,5,0,차대차 - 추돌,안전거리미확보,건조,맑음,교차로 - 교차로부근,승용,남,77세,상해없음,승용,남,57세,경상
2023111100100318,2023년 11월 11일 15시,토요일,충청북도 청주시 흥덕구 봉명동,경상사고,0,0,2,0,차대차 - 측면충돌,안전운전불이행,건조,맑음,교차로 - 교차로부근,승용,남,74세,기타불명,승용,남,32세,경상
2023111100100319,2023년 11월 11일 15시,토요일,충청북도 청주시 서원구 수곡동,경상사고,0,0,1,0,차대사람 - 횡단중,안전운전불이행,건조,맑음,단일로 - 지하차도(도로)내,화물,남,53세,상해없음,보행자,여,12세,경상
2023111100100350,2023년 11월 11일 16시,토요일,충청북도 제천시 모산동,경상사고,0,0,5,0,차대차 - 기타,신호위반,건조,맑음,교차로 - 교차로안,승용,남,54세,상해없음,승용,여,48세,경상
2023111100100351,2023년 11월 11일 16시,토요일,충청북도 제천시 장락동,경상사고,0,0,2,0,차대차 - 기타,기타,건조,맑음,단일로 - 기타,승용,남,63세,상해없음,승용,남,44세,경상
2023111100100352,2023년 11월 11일 16시,토요일,충청북도 음성군 금왕읍,중상사고,0,1,0,0,차량단독 - 공작물충돌,안전운전불이행,건조,맑음,단일로 - 기타,승용,남,51세,상해없음,,,,
2023111100100395,2023년 11월 11일 17시,토요일,충청북도 단양군 단양읍,중상사고,0,1,0,0,차량단독 - 기타,안전운전불이행,건조,맑음,단일로 - 기타,자전거,여,48세,중상,,,,
2023111100100396,2023년 11월 11일 17시,토요일,충청북도 청주시 상당구 남주동,중상사고,0,1,0,0,차대차 - 측면충돌,안전운전불이행,건조,맑음,교차로 - 교차로안,이륜,남,54세,상해없음,자전거,남,30세,중상
2023111100100481,2023년 11월 11일 19시,토요일,충청북도 청주시 상당구 용정동,경상사고,0,0,1,0,차대차 - 측면충돌,안전운전불이행,건조,맑음,단일로 - 지하차도(도로)내,이륜,남,30세,상해없음,승용,남,27세,경상
2023111100100507,2023년 11월 11일 20시,토요일,충청북도 청주시 상당구 금천동,경상사고,0,0,2,0,차대차 - 측면충돌,교차로운행방법위반,건조,맑음,교차로 - 교차로안,승용,남,65세,상해없음,승용,남,70세,경상
2023111100100525,2023년 11월 11일 21시,토요일,충청북도 청주시 청원구 내덕동,중상사고,0,1,0,0,차대차 - 측면충돌,신호위반,건조,맑음,교차로 - 교차로안,이륜,남,27세,상해없음,자전거,남,30세,중상
2023111200100007,2023년 11월 12일 00시,일요일,충청북도 음성군 금왕읍,경상사고,0,0,2,0,차대차 - 측면충돌,교차로운행방법위반,건조,맑음,교차로 - 교차로안,승용,여,18세,상해없음,승용,여,45세,경상
2023111200100080,2023년 11월 12일 09시,일요일,충청북도 음성군 맹동면,경상사고,0,0,1,0,차대차 - 기타,교차로운행방법위반,건조,맑음,교차로 - 교차로안,화물,남,43세,상해없음,승용,남,69세,경상
2023111200100100,2023년 11월 12일 10시,일요일,충청북도 충주시 노은면,경상사고,0,0,3,0,차대차 - 추돌,안전운전불이행,건조,맑음,단일로 - 기타,승용,남,55세,상해없음,승용,남,40세,경상
2023111200100184,2023년 11월 12일 13시,일요일,충청북도 청주시 청원구 오창읍,경상사고,0,0,1,0,차대차 - 측면충돌,교차로운행방법위반,건조,맑음,교차로 - 교차로안,화물,여,64세,기타불명,승용,남,61세,경상
2023111200100212,2023년 11월 12일 14시,일요일,충청북도 충주시 연수동,경상사고,0,0,3,0,차대차 - 추돌,안전운전불이행,건조,맑음,단일로 - 기타,승용,여,43세,상해없음,승용,여,27세,경상
2023111200100213,2023년 11월 12일 14시,일요일,충청북도 청주시 상당구 탑동,경상사고,0,0,2,0,차대차 - 측면충돌,안전운전불이행,건조,맑음,교차로 - 교차로부근,승용,여,44세,상해없음,승용,여,42세,경상
2023111200100242,2023년 11월 12일 15시,일요일,충청북도 음성군 감곡면,경상사고,0,0,2,0,차대차 - 추돌,안전운전불이행,건조,맑음,교차로 - 교차로부근,승용,남,61세,상해없음,승용,남,63세,경상
2023111200100273,2023년 11월 12일 16시,일요일,충청북도 제천시 봉양읍,중상사고,0,1,0,0,차대차 - 추돌,안전거리미확보,건조,맑음,단일로 - 기타,승용,남,41세,상해없음,승용,여,53세,중상
2023111200100292,2023년 11월 12일 17시,일요일,충청북도 청주시 상당구 금천동,경상사고,0,0,1,0,차대사람 - 기타,안전운전불이행,건조,맑음,단일로 - 기타,승용,남,49세,상해없음,보행자,남,63세,경상
2023111200100293,2023년 11월 12일 17시,일요일,충청북도 청주시 상당구 용암동,경상사고,0,0,2,0,차대차 - 정면충돌,신호위반,건조,맑음,교차로 - 교차로안,승용,남,67세,상해없음,승용,남,47세,경상
2023111200100319,2023년 11월 12일 18시,일요일,충청북도 단양군 단양읍,중상사고,0,2,0,0,차대사람 - 기타,교차로운행방법위반,건조,맑음,기타 - 기타,승용,남,60세,상해없음,보행자,남,15세,중상
2023111200100320,2023년 11월 12일 18시,일요일,충청북도 청주시 흥덕구 봉명동,중상사고,0,1,0,0,차대사람 - 횡단중,보행자보호의무위반,건조,맑음,교차로 - 교차로횡단보도내,승용,남,19세,상해없음,보행자,남,23세,중상
2023111200100349,2023년 11월 12일 19시,일요일,충청북도 제천시 금성면,중상사고,0,1,1,0,차대차 - 측면충돌,불법유턴,건조,맑음,교차로 - 교차로부근,화물,남,57세,중상,승용,남,33세,경상
2023111200100350,2023년 11월 12일 19시,일요일,충청북도 청주시 서원구 남이면,경상사고,0,0,3,0,차대차 - 측면충돌,신호위반,건조,맑음,교차로 - 교차로부근,승용,남,58세,상해없음,승용,여,47세,경상
2023111200100381,2023년 11월 12일 20시,일요일,충청북도 충주시 대소원면,경상사고,0,0,1,0,차대차 - 측면충돌,안전거리미확보,건조,흐림,교차로 - 교차로안,승용,남,67세,상해없음,승용,여,51세,경상
2023111200100382,2023년 11월 12일 20시,일요일,충청북도 충주시 호암동,경상사고,0,0,1,0,차대차 - 기타,교차로운행방법위반,건조,맑음,교차로 - 교차로안,승용,여,46세,상해없음,승용,여,30세,경상
2023111200100383,2023년 11월 12일 20시,일요일,충청북도 제천시 모산동,경상사고,0,0,2,0,차대차 - 측면충돌,안전운전불이행,건조,맑음,단일로 - 기타,승용,남,56세,상해없음,승용,남,18세,경상
2023111200100384,2023년 11월 12일 20시,일요일,충청북도 청주시 흥덕구 복대동,경상사고,0,0,1,0,차대차 - 후진중충돌,안전운전불이행,건조,맑음,교차로 - 교차로부근,승용,여,51세,상해없음,승용,남,51세,경상
2023111200100412,2023년 11월 12일 21시,일요일,충청북도 청주시 흥덕구 오송읍,경상사고,0,0,1,0,차대차 - 추돌,안전운전불이행,건조,맑음,단일로 - 기타,승용,남,29세,상해없음,승용,남,62세,경상
2023111200100413,2023년 11월 12일 21시,일요일,충청북도 청주시 상당구 용정동,중상사고,0,1,0,0,차대사람 - 횡단중,안전운전불이행,건조,맑음,단일로 - 지하차도(도로)내,승용,남,30세,상해없음,보행자,남,42세,중상
2023111200100414,2023년 11월 12일 21시,일요일,충청북도 청주시 청원구 오창읍,경상사고,0,0,1,0,차대차 - 측면충돌,안전거리미확보,건조,맑음,단일로 - 기타,승용,여,32세,상해없음,승용,남,41세,경상
2023111300100083,2023년 11월 13일 07시,월요일,충청북도 청주시 서원구 개신동,경상사고,0,0,1,0,차대차 - 측면충돌,신호위반,건조,맑음,교차로 - 교차로안,승용,남,58세,상해없음,승용,남,64세,경상
2023111300100131,2023년 11월 13일 08시,월요일,충청북도 청주시 청원구 내덕동,경상사고,0,0,2,0,차대사람 - 보도통행중,보행자보호의무위반,건조,맑음,교차로 - 교차로횡단보도내,승용,여,46세,상해없음,보행자,남,19세,경상
2023111300100132,2023년 11월 13일 08시,월요일,충청북도 제천시 왕암동,경상사고,0,0,1,0,차대차 - 측면충돌,신호위반,건조,맑음,교차로 - 교차로안,건설기계,남,61세,상해없음,승용,남,39세,경상
2023111300100133,2023년 11월 13일 08시,월요일,충청북도 청주시 흥덕구 복대동,중상사고,0,1,0,0,차대차 - 측면충돌,안전운전불이행,건조,맑음,교차로 - 교차로안,승용,여,44세,상해없음,승용,남,50세,중상
2023111300100180,2023년 11월 13일 09시,월요일,충청북도 청주시 청원구 오창읍,경상사고,0,0,1,0,차대차 - 기타,교차로운행방법위반,건조,맑음,교차로 - 교차로안,승용,남,72세,상해없음,승용,여,28세,경상
2023111300100181,2023년 11월 13일 09시,월요일,충청북도 증평군 증평읍,경상사고,0,0,1,0,차대차 - 측면충돌,신호위반,건조,맑음,교차로 - 교차로안,자전거,남,68세,경상,자전거,남,73세,상해없음
2023111300100285,2023년 11월 13일 12시,월요일,충청북도 청주시 청원구 오창읍,중상사고,0,1,0,0,차대차 - 측면충돌,불법유턴,건조,맑음,교차로 - 교차로안,승용,남,36세,상해없음,이륜,남,39세,중상
2023111300100286,2023년 11월 13일 12시,월요일,충청북도 음성군 금왕읍,경상사고,0,0,1,0,차대차 - 정면충돌,중앙선침범,건조,맑음,단일로 - 기타,승용,남,58세,경상,승합,남,64세,상해없음
2023111300100319,2023년 11월 13일 13시,월요일,충청북도 충주시 금릉동,경상사고,0,0,1,0,차대차 - 추돌,안전운전불이행,건조,맑음,교차로 - 교차로부근,승용,남,67세,상해없음,승용,남,35세,경상
2023111300100357,2023년 11월 13일 14시,월요일,충청북도 청주시 청원구 오창읍,중상사고,0,1,0,0,차대차 - 추돌,안전거리미확보,건조,맑음,교차로 - 교차로부근,화물,남,26세,상해없음,승용,남,46세,중상
2023111300100358,2023년 11월 13일 14시,월요일,충청북도 청주시 흥덕구 강서동,경상사고,0,0,1,0,차대차 - 측면충돌,안전운전불이행,건조,맑음,단일로 - 기타,승용,남,70세,상해없음,승용,남,62세,경상
2023111300100395,2023년 11월 13일 15시,월요일,충청북도 충주시 교현동,경상사고,0,0,1,0,차대차 - 기타,안전운전불이행,건조,맑음,단일로 - 기타,자전거,남,82세,경상,승합,여,38세,상해없음
2023111300100396,2023년 11월 13일 15시,월요일,충청북도 단양군 적성면,사망사고,1,1,5,0,차대차 - 추돌,안전운전불이행,건조,맑음,기타 - 기타,승용,남,33세,중상,승용,남,82세,경상
2023111300100441,2023년 11월 13일 16시,월요일,충청북도 충주시 연수동,경상사고,0,0,1,0,차대사람 - 횡단중,보행자보호의무위반,건조,맑음,교차로 - 교차로부근,승용,여,31세,상해없음,보행자,여,8세,경상
2023111300100442,2023년 11월 13일 16시,월요일,충청북도 진천군 문백면,경상사고,0,0,1,0,차대차 - 측면충돌,교차로운행방법위반,건조,맑음,교차로 - 교차로안,승용,여,51세,상해없음,승용,남,77세,경상
2023111300100443,2023년 11월 13일 16시,월요일,충청북도 청주시 흥덕구 복대동,중상사고,0,1,0,0,차대사람 - 보도통행중,보행자보호의무위반,건조,맑음,교차로 - 교차로안,승용,여,58세,상해없음,보행자,여,68세,중상
2023111300100484,2023년 11월 13일 17시,월요일,충청북도 청주시 흥덕구 복대동,중상사고,0,1,0,0,차대사람 - 횡단중,안전운전불이행,건조,맑음,단일로 - 기타,개인형이동수단(PM),남,45세,상해없음,보행자,여,73세,중상
2023111300100485,2023년 11월 13일 17시,월요일,충청북도 청주시 서원구 개신동,경상사고,0,0,1,0,차대차 - 측면충돌,안전운전불이행,건조,맑음,기타 - 기타,승용,여,52세,상해없음,승용,남,63세,경상
2023111300100550,2023년 11월 13일 18시,월요일,충청북도 청주시 청원구 우암동,중상사고,0,1,0,0,차대사람 - 보도통행중,보행자보호의무위반,건조,맑음,교차로 - 교차로횡단보도내,승용,남,56세,상해없음,보행자,남,70세,중상
2023111300100551,2023년 11월 13일 18시,월요일,충청북도 청주시 청원구 율량동,경상사고,0,0,1,0,차대차 - 기타,교차로운행방법위반,건조,맑음,교차로 - 교차로안,승합,여,70세,상해없음,이륜,남,21세,경상
2023111300100552,2023년 11월 13일 18시,월요일,충청북도 청주시 흥덕구 복대동,중상사고,0,1,0,0,차대차 - 기타,안전운전불이행,건조,맑음,기타 - 기타,승용,여,49세,상해없음,이륜,남,26세,중상
2023111300100615,2023년 11월 13일 19시,월요일,충청북도 충주시 대소원면,경상사고,0,0,1,0,차대차 - 측면충돌,안전거리미확보,건조,맑음,단일로 - 기타,승용,남,33세,상해없음,승용,여,46세,경상
2023111300100616,2023년 11월 13일 19시,월요일,충청북도 청주시 흥덕구 복대동,경상사고,0,0,1,0,차대차 - 측면충돌,교차로운행방법위반,건조,맑음,교차로 - 교차로안,승용,여,45세,상해없음,이륜,남,43세,경상
2023111300100664,2023년 11월 13일 21시,월요일,충청북도 영동군 영동읍,경상사고,0,0,1,0,차대차 - 기타,교차로운행방법위반,건조,맑음,교차로 - 교차로부근,승용,남,56세,상해없음,이륜,남,28세,경상
2023111300100681,2023년 11월 13일 22시,월요일,충청북도 청주시 청원구 율량동,경상사고,0,0,1,0,차대차 - 기타,안전운전불이행,건조,맑음,기타 - 기타,승용,남,23세,상해없음,승용,기타불명,미분류,기타불명
2023111400100041,2023년 11월 14일 06시,화요일,충청북도 청주시 청원구 오창읍,중상사고,0,1,0,0,차대차 - 측면충돌,기타,건조,맑음,단일로 - 기타,승용,여,27세,중상,화물,남,57세,상해없음
2023111400100042,2023년 11월 14일 06시,화요일,충청북도 옥천군 옥천읍,경상사고,0,0,2,0,차대차 - 측면충돌,신호위반,건조,맑음,교차로 - 교차로안,승용,여,41세,상해없음,승용,남,43세,경상
2023111400100043,2023년 11월 14일 06시,화요일,충청북도 청주시 흥덕구 복대동,경상사고,0,0,4,0,차대차 - 측면충돌,안전운전불이행,건조,맑음,교차로 - 교차로안,승용,남,29세,경상,승용,남,28세,경상