사고번호,사고일시,요일,시군구,사고내용,사망자수,중상자수,경상자수,부상신고자수,사고유형,법규위반,노면상태,기상상태,도로형태,가해운전자 차종,가해운전자 성별,가해운전자 연령,가해운전자 상해정도,피해운전자 차종,피해운전자 성별,피해운전자 연령,피해운전자 상해정도
2023120900100175,2023년 12월 9일 11시,토요일,충청북도 청주시 흥덕구 가경동,경상사고,0,0,1,0,차대차 - 추돌,안전운전불이행,건조,맑음,교차로 - 교차로부근,승용,남,48세,상해없음,승용,남,62세,경상
2023120900100176,2023년 12월 9일 11시,토요일,충청북도 제천시 금성면,경상사고,0,0,5,0,차대차 - 측면충돌,안전운전불이행,건조,맑음,단일로 - 기타,건설기계,남,64세,상해없음,승용,여,42세,경상
2023120900100248,2023년 12월 9일 13시,토요일,충청북도 충주시 교현동,중상사고,0,1,0,0,차대차 - 측면충돌,교차로운행방법위반,건조,맑음,교차로 - 교차로안,승용,남,30세,상해없음,이륜,남,71세,중상
2023120900100281,2023년 12월 9일 14시,토요일,충청북도 청주시 흥덕구 복대동,중상사고,0,2,0,0,차대차 - 측면충돌,안전운전불이행,건조,맑음,교차로 - 교차로안,승용,여,52세,중상,승용,여,29세,기타불명
2023120900100282,2023년 12월 9일 14시,토요일,충청북도 청주시 상당구 용담동,경상사고,0,0,2,0,차대차 - 측면충돌,교차로운행방법위반,건조,맑음,교차로 - 교차로안,원동기,남,52세,상해없음,승용,남,47세,경상
2023120900100353,2023년 12월 9일 16시,토요일,충청북도 음성군 생극면,중상사고,0,4,0,1,차대차 - 측면충돌,교차로운행방법위반,건조,맑음,교차로 - 교차로안,승용,남,48세,부상신고,승용,여,47세,상해없음
2023120900100354,2023년 12월 9일 16시,토요일,충청북도 청주시 흥덕구 오송읍,경상사고,0,0,2,0,차대차 - 측면충돌,직진우회전진행방해,건조,맑음,교차로 - 교차로안,승용,남,23세,상해없음,승용,여,43세,경상
2023120900100384,2023년 12월 9일 17시,토요일,충청북도 충주시 교현동,중상사고,0,1,0,0,차대사람 - 차도통행중,안전운전불이행,건조,맑음,단일로 - 기타,승용,여,61세,상해없음,보행자,여,85세,중상
2023120900100385,2023년 12월 9일 17시,토요일,충청북도 진천군 진천읍,경상사고,0,0,1,0,차대차 - 측면충돌,안전운전불이행,건조,맑음,교차로 - 교차로부근,승용,남,54세,상해없음,승용,여,55세,경상
2023120900100428,2023년 12월 9일 18시,토요일,충청북도 제천시 봉양읍,중상사고,0,1,2,0,차대차 - 측면충돌,안전운전불이행,건조,기타,교차로 - 교차로안,승용,여,62세,경상,승용,남,50세,중상
2023120900100429,2023년 12월 9일 18시,토요일,충청북도 청주시 흥덕구 지동동,경상사고,0,0,5,0,차대차 - 측면충돌,안전운전불이행,건조,맑음,단일로 - 기타,승용,남,41세,상해없음,승용,남,30세,경상
2023120900100464,2023년 12월 9일 19시,토요일,충청북도 청주시 흥덕구 강서동,경상사고,0,0,1,0,차대차 - 측면충돌,신호위반,젖음/습기,흐림,교차로 - 교차로안,승용,여,54세,상해없음,승용,여,62세,경상
2023120900100490,2023년 12월 9일 20시,토요일,충청북도 청주시 청원구 율량동,경상사고,0,0,1,0,차대차 - 측면충돌,안전운전불이행,건조,맑음,교차로 - 교차로안,화물,남,57세,상해없음,승용,남,53세,경상
2023120900100544,2023년 12월 9일 22시,토요일,충청북도 청주시 흥덕구 가경동,중상사고,0,1,0,0,차대사람 - 횡단중,보행자보호의무위반,건조,맑음,교차로 - 교차로횡단보도내,승용,남,46세,상해없음,보행자,남,73세,중상
2023121000100031,2023년 12월 10일 01시,일요일,충청북도 청주시 흥덕구 비하동,경상사고,0,0,2,0,차대차 - 추돌,안전운전불이행,건조,맑음,단일로 - 기타,화물,남,26세,상해없음,승용,남,65세,경상
2023121000100074,2023년 12월 10일 08시,일요일,충청북도 충주시 성남동,경상사고,0,0,1,0,차대차 - 기타,직진우회전진행방해,건조,맑음,교차로 - 교차로안,승용,남,69세,상해없음,승용,여,42세,경상
2023121000100104,2023년 12월 10일 10시,일요일,충청북도 제천시 서부동,경상사고,0,0,2,0,차대차 - 정면충돌,직진우회전진행방해,건조,맑음,교차로 - 교차로안,승합,남,41세,상해없음,승용,여,66세,경상
2023121000100105,2023년 12월 10일 10시,일요일,충청북도 청주시 상당구 서운동,경상사고,0,0,2,0,차대차 - 기타,안전운전불이행,건조,맑음,단일로 - 기타,승용,여,48세,상해없음,승합,여,48세,경상
2023121000100167,2023년 12월 10일 13시,일요일,충청북도 청주시 흥덕구 복대동,중상사고,0,1,0,0,차대차 - 정면충돌,안전운전불이행,건조,맑음,기타 - 기타,승용,남,45세,상해없음,이륜,남,23세,중상
2023121000100168,2023년 12월 10일 13시,일요일,충청북도 음성군 감곡면,중상사고,0,2,0,0,차대차 - 추돌,안전운전불이행,건조,맑음,단일로 - 기타,승용,여,33세,상해없음,승용,남,62세,중상
2023121000100224,2023년 12월 10일 15시,일요일,충청북도 제천시 청전동,부상신고사고,0,0,0,1,차대사람 - 기타,안전운전불이행,건조,맑음,단일로 - 기타,승용,남,48세,상해없음,보행자,남,9세,부상신고
2023121000100225,2023년 12월 10일 15시,일요일,충청북도 음성군 감곡면,중상사고,0,1,0,0,차량단독 - 공작물충돌,안전운전불이행,젖음/습기,맑음,단일로 - 기타,이륜,남,32세,중상,,,,
2023121000100226,2023년 12월 10일 15시,일요일,충청북도 청주시 상당구 명암동,경상사고,0,0,1,0,차대차 - 추돌,안전거리미확보,건조,맑음,단일로 - 기타,이륜,남,57세,상해없음,승용,남,29세,경상
2023121000100287,2023년 12월 10일 17시,일요일,충청북도 청주시 흥덕구 가경동,경상사고,0,0,2,0,차대차 - 측면충돌,교차로운행방법위반,건조,맑음,교차로 - 교차로안,승용,남,68세,상해없음,승용,남,34세,경상
2023121000100334,2023년 12월 10일 18시,일요일,충청북도 진천군 광혜원면,경상사고,0,0,2,0,차대차 - 측면충돌,안전운전불이행,건조,흐림,교차로 - 교차로안,승용,남,41세,상해없음,승용,남,65세,상해없음
2023121000100335,2023년 12월 10일 18시,일요일,충청북도 청주시 서원구 남이면,경상사고,0,0,1,0,차대차 - 추돌,안전운전불이행,건조,맑음,교차로 - 교차로부근,승용,남,63세,상해없음,승용,남,54세,경상
2023121000100336,2023년 12월 10일 18시,일요일,충청북도 청주시 흥덕구 오송읍,중상사고,0,1,0,0,차대사람 - 보도통행중,보행자보호의무위반,건조,맑음,교차로 - 교차로부근,승용,여,58세,상해없음,보행자,남,19세,중상
2023121000100391,2023년 12월 10일 20시,일요일,충청북도 충주시 교현동,중상사고,0,1,0,0,차대차 - 측면충돌,직진우회전진행방해,건조,맑음,교차로 - 교차로안,승용,남,60세,상해없음,이륜,남,27세,중상
2023121000100392,2023년 12월 10일 20시,일요일,충청북도 충주시 대소원면,경상사고,0,0,1,0,차대사람 - 횡단중,보행자보호의무위반,건조,흐림,단일로 - 기타,승용,여,44세,상해없음,보행자,남,19세,경상
2023121000100405,2023년 12월 10일 21시,일요일,충청북도 충주시 호암동,경상사고,0,0,1,0,차대차 - 측면충돌,교차로운행방법위반,건조,맑음,교차로 - 교차로안,승용,남,47세,상해없음,이륜,남,33세,경상
2023121000100416,2023년 12월 10일 22시,일요일,충청북도 청주시 흥덕구 봉명동,경상사고,0,0,1,0,차대차 - 측면충돌,안전운전불이행,건조,맑음,단일로 - 기타,승합,남,58세,상해없음,승용,남,63세,경상
2023121000100430,2023년 12월 10일 23시,일요일,충청북도 음성군 대소면,경상사고,0,0,1,0,차대차 - 정면충돌,안전운전불이행,건조,맑음,단일로 - 기타,승용,남,23세,상해없음,승용,남,48세,경상
2023121100100032,2023년 12월 11일 05시,월요일,충청북도 청주시 흥덕구 강서동,중상사고,0,1,0,0,차대차 - 측면충돌,신호위반,건조,맑음,단일로 - 기타,승용,남,31세,상해없음,자전거,남,62세,중상
2023121100100080,2023년 12월 11일 07시,월요일,충청북도 청주시 흥덕구 복대동,경상사고,0,0,1,0,차대차 - 측면충돌,신호위반,건조,맑음,단일로 - 기타,승용,남,80세,상해없음,승용,여,29세,경상
2023121100100081,2023년 12월 11일 07시,월요일,충청북도 청주시 서원구 성화동,중상사고,0,1,0,0,차대차 - 추돌,신호위반,건조,맑음,교차로 - 교차로안,이륜,남,35세,중상,승용,남,24세,상해없음
2023121100100117,2023년 12월 11일 08시,월요일,충청북도 단양군 매포읍,중상사고,0,1,0,0,차대차 - 측면충돌,중앙선침범,젖음/습기,비,단일로 - 기타,승용,남,36세,상해없음,승용,여,44세,중상
2023121100100118,2023년 12월 11일 08시,월요일,충청북도 청주시 서원구 모충동,중상사고,0,1,0,0,차대차 - 측면충돌,안전거리미확보,건조,맑음,교차로 - 교차로안,승용,여,41세,상해없음,승용,남,41세,중상
2023121100100119,2023년 12월 11일 08시,월요일,충청북도 청주시 서원구 분평동,중상사고,0,1,0,0,차대차 - 측면충돌,안전운전불이행,건조,맑음,교차로 - 교차로안,승용,남,22세,상해없음,자전거,남,53세,중상
2023121100100156,2023년 12월 11일 09시,월요일,충청북도 괴산군 불정면,경상사고,0,0,1,0,차량단독 - 공작물충돌,안전운전불이행,건조,맑음,단일로 - 기타,농기계,남,65세,경상,,,,
2023121100100157,2023년 12월 11일 09시,월요일,충청북도 청주시 흥덕구 복대동,경상사고,0,0,1,0,차대차 - 기타,안전운전불이행,건조,맑음,교차로 - 교차로안,승용,남,42세,상해없음,승용,남,26세,상해없음
2023121100100207,2023년 12월 11일 11시,월요일,충청북도 제천시 고암동,경상사고,0,0,4,0,차대차 - 측면충돌,직진우회전진행방해,건조,맑음,교차로 - 교차로안,승용,남,73세,경상,승용,여,36세,경상
2023121100100208,2023년 12월 11일 11시,월요일,충청북도 증평군 증평읍,경상사고,0,0,1,0,차대차 - 측면충돌,안전거리미확보,젖음/습기,비,단일로 - 기타,승용,남,67세,상해없음,건설기계,남,57세,경상
2023121100100241,2023년 12월 11일 12시,월요일,충청북도 충주시 문화동,중상사고,0,2,1,0,차대차 - 측면충돌,신호위반,젖음/습기,비,교차로 - 교차로안,승용,여,65세,중상,특수,남,55세,경상
2023121100100242,2023년 12월 11일 12시,월요일,충청북도 청주시 흥덕구 봉명동,경상사고,0,0,1,0,차대차 - 측면충돌,교차로운행방법위반,건조,맑음,교차로 - 교차로안,승용,남,56세,상해없음,승용,여,55세,경상
2023121100100243,2023년 12월 11일 12시,월요일,충청북도 청주시 서원구 산남동,경상사고,0,0,1,0,차대사람 - 횡단중,안전운전불이행,건조,맑음,단일로 - 지하차도(도로)내,승용,남,56세,상해없음,보행자,남,24세,경상
2023121100100269,2023년 12월 11일 13시,월요일,충청북도 단양군 영춘면,중상사고,0,1,0,0,차대차 - 추돌,안전거리미확보,건조,맑음,단일로 - 기타,건설기계,남,41세,상해없음,화물,남,42세,중상
2023121100100296,2023년 12월 11일 14시,월요일,충청북도 제천시 강제동,경상사고,0,0,1,0,차대차 - 정면충돌,신호위반,젖음/습기,비,교차로 - 교차로안,승용,남,43세,상해없음,승용,여,42세,경상
2023121100100326,2023년 12월 11일 15시,월요일,충청북도 청주시 청원구 주중동,경상사고,0,0,1,0,차대차 - 추돌,안전운전불이행,젖음/습기,비,교차로 - 교차로부근,승용,남,58세,상해없음,화물,남,61세,경상
2023121100100327,2023년 12월 11일 15시,월요일,충청북도 제천시 영천동,중상사고,0,1,0,0,차대차 - 측면충돌,신호위반,젖음/습기,비,단일로 - 기타,특수,남,50세,상해없음,자전거,남,58세,중상
2023121100100356,2023년 12월 11일 16시,월요일,충청북도 청주시 흥덕구 문암동,부상신고사고,0,0,0,1,차대차 - 측면충돌,안전운전불이행,기타,기타,기타 - 기타,승용,남,69세,상해없음,승용,남,36세,상해없음
2023121100100357,2023년 12월 11일 16시,월요일,충청북도 청주시 서원구 수곡동,경상사고,0,0,1,0,차대차 - 정면충돌,신호위반,젖음/습기,비,교차로 - 교차로안,승합,남,63세,상해없음,승용,여,24세,경상
2023121100100402,2023년 12월 11일 17시,월요일,충청북도 청주시 청원구 주성동,경상사고,0,0,1,0,차대차 - 기타,안전운전불이행,젖음/습기,비,교차로 - 교차로안,승용,남,68세,상해없음,승용,남,42세,경상
2023121100100403,2023년 12월 11일 17시,월요일,충청북도 청주시 청원구 사천동,중상사고,0,1,0,0,차대사람 - 기타,교차로운행방법위반,젖음/습기,비,교차로 - 교차로안,승용,남,58세,상해없음,보행자,남,73세,중상
2023121100100404,2023년 12월 11일 17시,월요일,충청북도 청주시 청원구 우암동,경상사고,0,0,1,0,차대사람 - 횡단중,신호위반,젖음/습기,비,교차로 - 교차로횡단보도내,승용,남,62세,상해없음,보행자,남,63세,경상
2023121100100405,2023년 12월 11일 17시,월요일,충청북도 충주시 금릉동,경상사고,0,0,4,0,차대차 - 기타,중앙선침범,젖음/습기,비,기타 - 기타,승용,남,47세,상해없음,승용,남,31세,경상
2023121100100406,2023년 12월 11일 17시,월요일,충청북도 청주시 흥덕구 복대동,경상사고,0,0,1,0,차대사람 - 횡단중,보행자보호의무위반,젖음/습기,비,교차로 - 교차로횡단보도내,승용,남,63세,상해없음,보행자,남,13세,경상
2023121100100407,2023년 12월 11일 17시,월요일,충청북도 청주시 상당구 남일면,경상사고,0,0,1,0,차대차 - 측면충돌,안전운전불이행,젖음/습기,비,단일로 - 지하차도(도로)내,화물,남,62세,상해없음,승용,여,30세,경상
2023121100100408,2023년 12월 11일 17시,월요일,충청북도 청주시 서원구 모충동,경상사고,0,0,1,0,차대차 - 측면충돌,안전운전불이행,젖음/습기,비,단일로 - 지하차도(도로)내,승용,남,41세,상해없음,승용,남,30세,경상
2023121100100504,2023년 12월 11일 18시,월요일,충청북도 청주시 서원구 사직동,경상사고,0,0,1,0,차대차 - 측면충돌,교차로운행방법위반,젖음/습기,비,교차로 - 교차로안,화물,남,46세,상해없음,승용,여,24세,경상
2023121100100505,2023년 12월 11일 18시,월요일,충청북도 제천시 왕암동,부상신고사고,0,0,0,1,차대차 - 기타,안전운전불이행,젖음/습기,비,교차로 - 교차로안,승용,남,68세,상해없음,승용,여,34세,부상신고
2023121100100506,2023년 12월 11일 18시,월요일,충청북도 제천시 하소동,경상사고,0,0,2,0,차대차 - 측면충돌,안전운전불이행,젖음/습기,비,교차로 - 교차로안,승용,여,44세,경상,승용,남,50세,경상
2023121100100507,2023년 12월 11일 18시,월요일,충청북도 증평군 증평읍,경상사고,0,0,1,0,차대차 - 정면충돌,안전운전불이행,젖음/습기,비,교차로 - 교차로안,승용,남,68세,상해없음,이륜,여,44세,경상
2023121100100508,2023년 12월 11일 18시,월요일,충청북도 괴산군 괴산읍,경상사고,0,0,1,0,차대사람 - 횡단중,보행자보호의무위반,젖음/습기,비,교차로 - 교차로횡단보도내,승용,남,35세,기타불명,보행자,여,64세,경상
2023121100100509,2023년 12월 11일 18시,월요일,충청북도 진천군 덕산읍,경상사고,0,0,1,0,차대차 - 추돌,안전운전불이행,젖음/습기,비,단일로 - 기타,화물,남,41세,상해없음,승용,여,27세,경상
2023121100100510,2023년 12월 11일 18시,월요일,충청북도 청주시 상당구 용암동,경상사고,0,0,2,0,차대차 - 측면충돌,안전운전불이행,젖음/습기,비,교차로 - 교차로부근,승용,여,56세,상해없음,화물,남,50세,경상
2023121100100595,2023년 12월 11일 19시,월요일,충청북도 청주시 청원구 오창읍,중상사고,0,1,0,0,차대차 - 기타,신호위반,건조,맑음,교차로 - 교차로안,승용,여,40세,상해없음,승용,여,31세,중상
2023121100100596,2023년 12월 11일 19시,월요일,충청북도 제천시 봉양읍,부상신고사고,0,0,0,1,차대차 - 정면충돌,중앙선침범,젖음/습기,비,교차로 - 교차로부근,승용,여,47세,부상신고,승합,남,51세,상해없음
2023121100100597,2023년 12월 11일 19시,월요일,충청북도 진천군 초평면,중상사고,0,3,3,1,차량단독 - 공작물충돌,안전운전불이행,건조,맑음,교차로 - 교차로부근,승합,남,55세,상해없음,,,,
2023121100100598,2023년 12월 11일 19시,월요일,충청북도 청주시 서원구 미평동,중상사고,0,1,1,0,차대차 - 추돌,신호위반,젖음/습기,비,교차로 - 교차로안,승용,여,43세,중상,승용,여,46세,경상
2023121100100599,2023년 12월 11일 19시,월요일,충청북도 청주시 서원구 모충동,중상사고,0,2,4,0,차대차 - 측면충돌,안전운전불이행,젖음/습기,비,교차로 - 교차로안,승용,남,56세,경상,승용,여,25세,중상
2023121100100679,2023년 12월 11일 21시,월요일,충청북도 제천시 하소동,경상사고,0,0,1,0,차대차 - 추돌,안전운전불이행,젖음/습기,비,교차로 - 교차로부근,화물,남,57세,상해없음,승용,여,32세,경상
2023121100100701,2023년 12월 11일 22시,월요일,충청북도 청주시 상당구 용암동,경상사고,0,0,1,0,차대차 - 추돌,안전운전불이행,건조,맑음,교차로 - 교차로부근,승용,남,53세,상해없음,승용,남,69세,경상
2023121100100702,2023년 12월 11일 22시,월요일,충청북도 청주시 상당구 용암동,중상사고,0,1,0,0,차대사람 - 차도통행중,안전운전불이행,젖음/습기,비,교차로 - 교차로횡단보도내,승용,남,73세,상해없음,보행자,남,48세,중상
2023121100100719,2023년 12월 11일 23시,월요일,충청북도 청주시 흥덕구 오송읍,경상사고,0,0,1,0,차대차 - 정면충돌,안전운전불이행,젖음/습기,비,교차로 - 교차로안,승용,남,54세,상해없음,개인형이동수단(PM),남,33세,경상
2023121200100006,2023년 12월 12일 00시,화요일,충청북도 충주시 칠금동,경상사고,0,0,2,0,차대차 - 추돌,안전운전불이행,건조,맑음,교차로 - 교차로부근,승용,남,70세,상해없음,승용,남,46세,경상
2023121200100022,2023년 12월 12일 03시,화요일,충청북도 청주시 흥덕구 복대동,중상사고,0,1,0,0,차대사람 - 횡단중,안전운전불이행,젖음/습기,흐림,단일로 - 기타,승용,남,32세,상해없음,보행자,남,35세,중상
2023121200100123,2023년 12월 12일 08시,화요일,충청북도 충주시 중앙탑면,경상사고,0,0,3,0,차대차 - 측면충돌,신호위반,젖음/습기,흐림,교차로 - 교차로안,승용,남,72세,경상,승용,남,28세,경상
2023121200100124,2023년 12월 12일 08시,화요일,충청북도 진천군 진천읍,경상사고,0,0,2,0,차대차 - 측면충돌,안전운전불이행,건조,맑음,교차로 - 교차로안,승용,남,83세,경상,승용,남,32세,경상
2023121200100125,2023년 12월 12일 08시,화요일,충청북도 청주시 서원구 모충동,경상사고,0,0,1,0,차대사람 - 횡단중,안전운전불이행,건조,맑음,교차로 - 교차로안,승용,남,22세,상해없음,보행자,남,19세,경상
2023121200100156,2023년 12월 12일 09시,화요일,충청북도 제천시 덕산면,경상사고,0,0,2,0,차대차 - 측면충돌,직진우회전진행방해,건조,맑음,교차로 - 교차로안,이륜,남,86세,경상,화물,남,45세,경상
2023121200100157,2023년 12월 12일 09시,화요일,충청북도 청주시 흥덕구 복대동,경상사고,0,0,1,0,차대차 - 추돌,안전운전불이행,건조,맑음,교차로 - 교차로안,승용,남,59세,상해없음,승용,여,38세,경상
2023121200100185,2023년 12월 12일 10시,화요일,충청북도 청주시 청원구 율량동,경상사고,0,0,1,0,차대차 - 측면충돌,안전운전불이행,건조,맑음,교차로 - 교차로안,승용,남,68세,상해없음,승용,남,25세,경상
2023121200100211,2023년 12월 12일 11시,화요일,충청북도 청주시 상당구 문의면,경상사고,0,0,2,0,차대사람 - 차도통행중,안전운전불이행,건조,맑음,단일로 - 고가도로위,화물,남,60세,상해없음,보행자,남,30세,경상
2023121200100266,2023년 12월 12일 13시,화요일,충청북도 괴산군 문광면,사망사고,1,0,0,0,차량단독 - 전도전복 - 전도,안전운전불이행,젖음/습기,맑음,단일로 - 기타,사륜오토바이(ATV),여,78세,사망,,,,
2023121200100295,2023년 12월 12일 14시,화요일,충청북도 충주시 연수동,중상사고,0,1,0,0,차대차 - 측면충돌,안전운전불이행,건조,맑음,교차로 - 교차로안,승용,여,45세,상해없음,승용,여,52세,중상
2023121200100296,2023년 12월 12일 14시,화요일,충청북도 충주시 봉방동,경상사고,0,0,3,0,차대차 - 측면충돌,안전거리미확보,건조,맑음,단일로 - 기타,승용,남,73세,상해없음,승용,남,24세,경상
2023121200100297,2023년 12월 12일 14시,화요일,충청북도 청주시 흥덕구 가경동,경상사고,0,0,1,0,차대차 - 측면충돌,안전운전불이행,건조,맑음,단일로 - 기타,건설기계,남,53세,상해없음,승용,여,61세,경상
2023121200100345,2023년 12월 12일 15시,화요일,충청북도 보은군 회인면,중상사고,0,1,1,0,차대차 - 정면충돌,중앙선침범,건조,맑음,단일로 - 기타,승용,남,62세,상해없음,승용,남,64세,경상
2023121200100376,2023년 12월 12일 16시,화요일,충청북도 청주시 흥덕구 강내면,경상사고,0,0,1,0,차대차 - 추돌,안전운전불이행,건조,맑음,단일로 - 기타,승용,여,26세,상해없음,승용,남,64세,경상
2023121200100377,2023년 12월 12일 16시,화요일,충청북도 청주시 상당구 지북동,경상사고,0,0,2,0,차대차 - 기타,안전운전불이행,건조,맑음,단일로 - 지하차도(도로)내,승용,여,62세,상해없음,화물,남,49세,경상
2023121200100425,2023년 12월 12일 17시,화요일,충청북도 청주시 서원구 사창동,경상사고,0,0,1,0,차대차 - 측면충돌,안전거리미확보,건조,흐림,단일로 - 기타,이륜,남,31세,상해없음,승용,여,24세,경상
2023121200100426,2023년 12월 12일 17시,화요일,충청북도 충주시 주덕읍,경상사고,0,0,2,0,차대차 - 추돌,안전거리미확보,건조,맑음,교차로 - 교차로부근,승용,남,62세,경상,승합,남,66세,경상
2023121200100427,2023년 12월 12일 17시,화요일,충청북도 충주시 봉방동,경상사고,0,0,1,0,차대차 - 기타,기타,건조,맑음,단일로 - 기타,승용,남,53세,상해없음,승용,여,41세,경상
2023121200100428,2023년 12월 12일 17시,화요일,충청북도 제천시 모산동,경상사고,0,0,1,0,차대차 - 추돌,안전운전불이행,건조,맑음,단일로 - 기타,승용,남,61세,상해없음,화물,남,55세,경상
2023121200100429,2023년 12월 12일 17시,화요일,충청북도 음성군 맹동면,중상사고,0,1,0,0,차대차 - 측면충돌,신호위반,건조,맑음,교차로 - 교차로안,이륜,남,34세,중상,승용,남,29세,상해없음
2023121200100430,2023년 12월 12일 17시,화요일,충청북도 음성군 음성읍,경상사고,0,0,1,0,차대차 - 추돌,안전거리미확보,건조,맑음,교차로 - 교차로부근,승용,남,29세,상해없음,승용,여,50세,경상
2023121200100488,2023년 12월 12일 18시,화요일,충청북도 제천시 동현동,경상사고,0,0,1,0,차대차 - 기타,안전거리미확보,건조,맑음,교차로 - 교차로부근,승합,남,55세,상해없음,이륜,남,47세,경상
2023121200100489,2023년 12월 12일 18시,화요일,충청북도 청주시 흥덕구 봉명동,경상사고,0,0,1,0,차대차 - 측면충돌,안전운전불이행,젖음/습기,비,단일로 - 기타,이륜,남,35세,경상,승용,남,56세,상해없음
2023121200100538,2023년 12월 12일 19시,화요일,충청북도 청주시 서원구 죽림동,중상사고,0,1,0,0,차대차 - 측면충돌,신호위반,건조,맑음,교차로 - 교차로부근,승용,남,56세,상해없음,이륜,남,55세,중상
2023121200100565,2023년 12월 12일 20시,화요일,충청북도 청주시 청원구 내덕동,경상사고,0,0,1,0,차대차 - 측면충돌,안전운전불이행,건조,맑음,교차로 - 교차로부근,승용,여,52세,상해없음,승용,남,30세,경상
2023121200100601,2023년 12월 12일 22시,화요일,충청북도 청주시 서원구 개신동,경상사고,0,0,1,0,차대차 - 정면충돌,신호위반,건조,맑음,교차로 - 교차로안,승용,남,70세,상해없음,승용,여,62세,경상
2023121200100602,2023년 12월 12일 22시,화요일,충청북도 청주시 청원구 내수읍,경상사고,0,0,1,0,차량단독 - 기타,안전운전불이행,건조,맑음,기타 - 기타,승용,남,49세,상해없음,,,,
2023121200100603,2023년 12월 12일 22시,화요일,충청북도 충주시 문화동,중상사고,0,1,0,0,차대차 - 측면충돌,신호위반,건조,맑음,교차로 - 교차로안,승용,남,51세,상해없음,이륜,남,40세,중상
2023121200100622,2023년 12월 12일 23시,화요일,충청북도 청주시 흥덕구 가경동,경상사고,0,0,1,0,차대차 - 기타,안전운전불이행,건조,맑음,단일로 - 기타,승용,남,52세,상해없음,승용,남,60세,경상
2023121200100623,2023년 12월 12일 23시,화요일,충청북도 청주시 흥덕구 화계동,중상사고,0,1,0,0,차대차 - 기타,신호위반,건조,맑음,교차로 - 교차로안,승용,남,57세,상해없음,화물,남,60세,중상
2023121300100004,2023년 12월 13일 00시,수요일,충청북도 청주시 청원구 주성동,경상사고,0,0,1,0,차대차 - 추돌,안전운전불이행,건조,맑음,교차로 - 교차로부근,이륜,남,36세,상해없음,승용,여,33세,경상
2023121300100005,2023년 12월 13일 00시,수요일,충청북도 청주시 청원구 내덕동,사망사고,1,0,0,0,차대차 - 기타,안전운전불이행,건조,맑음,교차로 - 교차로안,승용,남,21세,상해없음,이륜,남,31세,사망
2023121300100062,2023년 12월 13일 07시,수요일,충청북도 청주시 청원구 오창읍,중상사고,0,1,0,0,차대차 - 측면충돌,안전거리미확보,건조,맑음,단일로 - 기타,건설기계,남,44세,상해없음,승용,남,62세,중상
2023121300100063,2023년 12월 13일 07시,수요일,충청북도 청주시 상당구 용담동,경상사고,0,0,2,0,차대차 - 추돌,안전거리미확보,건조,맑음,교차로 - 교차로부근,승용,남,52세,상해없음,승용,남,28세,경상
2023121300100096,2023년 12월 13일 08시,수요일,충청북도 청주시 흥덕구 송절동,경상사고,0,0,2,0,차대차 - 측면충돌,신호위반,건조,맑음,교차로 - 교차로부근,승용,남,47세,상해없음,승용,여,47세,경상
2023121300100154,2023년 12월 13일 10시,수요일,충청북도 충주시 충인동,경상사고,0,0,3,0,차대차 - 기타,불법유턴,건조,맑음,단일로 - 기타,화물,남,54세,상해없음,승용,남,64세,경상
2023121300100155,2023년 12월 13일 10시,수요일,충청북도 제천시 백운면,경상사고,0,0,2,0,차대차 - 기타,중앙선침범,건조,맑음,교차로 - 교차로안,승용,여,31세,상해없음,승용,남,69세,경상
2023121300100156,2023년 12월 13일 10시,수요일,충청북도 청주시 상당구 용암동,경상사고,0,0,1,0,차대차 - 기타,안전운전불이행,건조,맑음,단일로 - 기타,원동기,남,85세,경상,승용,여,28세,상해없음
2023121300100182,2023년 12월 13일 11시,수요일,충청북도 청주시 흥덕구 강내면,경상사고,0,0,1,0,차대차 - 측면충돌,신호위반,건조,맑음,교차로 - 교차로안,승용,여,34세,상해없음,이륜,남,45세,경상
2023121300100183,2023년 12월 13일 11시,수요일,충청북도 청주시 상당구 탑동,경상사고,0,0,1,0,차대사람 - 횡단중,안전운전불이행,건조,맑음,교차로 - 교차로안,승용,남,35세,상해없음,보행자,여,74세,경상
2023121300100208,2023년 12월 13일 12시,수요일,충청북도 충주시 연수동,경상사고,0,0,2,0,차대차 - 기타,신호위반,건조,맑음,교차로 - 교차로안,승용,남,68세,상해없음,승용,여,46세,경상
2023121300100209,2023년 12월 13일 12시,수요일,충청북도 증평군 도안면,중상사고,0,1,0,0,차대차 - 정면충돌,직진우회전진행방해,건조,맑음,교차로 - 교차로안,승용,여,74세,상해없음,사륜오토바이(ATV),남,68세,중상
2023121300100210,2023년 12월 13일 12시,수요일,충청북도 청주시 상당구 금천동,경상사고,0,0,1,0,차대차 - 측면충돌,안전운전불이행,건조,맑음,교차로 - 교차로안,승용,남,68세,상해없음,승용,남,30세,경상
2023121300100245,2023년 12월 13일 13시,수요일,충청북도 제천시 모산동,경상사고,0,0,2,0,차대차 - 정면충돌,안전운전불이행,건조,맑음,단일로 - 기타,승용,남,67세,상해없음,승용,남,25세,경상