사고번호,사고일시,요일,시군구,사고내용,사망자수,중상자수,경상자수,부상신고자수,사고유형,법규위반,노면상태,기상상태,도로형태,가해운전자 차종,가해운전자 성별,가해운전자 연령,가해운전자 상해정도,피해운전자 차종,피해운전자 성별,피해운전자 연령,피해운전자 상해정도
2023121300100246,2023년 12월 13일 13시,수요일,충청북도 청주시 흥덕구 비하동,경상사고,0,0,1,0,차대차 - 후진중충돌,안전운전불이행,건조,맑음,기타 - 기타,승용,남,68세,상해없음,승용,여,47세,상해없음
2023121300100247,2023년 12월 13일 13시,수요일,충청북도 청주시 서원구 모충동,경상사고,0,0,1,0,차대차 - 정면충돌,신호위반,건조,맑음,교차로 - 교차로안,승용,남,31세,상해없음,승용,남,65세,경상
2023121300100337,2023년 12월 13일 16시,수요일,충청북도 청주시 청원구 율량동,경상사고,0,0,5,0,차대차 - 측면충돌,신호위반,건조,맑음,교차로 - 교차로부근,승용,여,56세,상해없음,승용,남,32세,경상
2023121300100386,2023년 12월 13일 17시,수요일,충청북도 청주시 서원구 사창동,경상사고,0,0,1,0,차대차 - 측면충돌,신호위반,건조,맑음,교차로 - 교차로안,승용,여,53세,상해없음,이륜,남,21세,경상
2023121300100387,2023년 12월 13일 17시,수요일,충청북도 제천시 청전동,부상신고사고,0,0,0,1,차대사람 - 기타,안전운전불이행,건조,맑음,기타 - 기타,화물,남,48세,상해없음,보행자,남,51세,부상신고
2023121300100388,2023년 12월 13일 17시,수요일,충청북도 청주시 상당구 낭성면,경상사고,0,0,1,0,차대차 - 기타,기타,건조,맑음,단일로 - 기타,승용,남,29세,상해없음,승합,남,71세,경상
2023121300100455,2023년 12월 13일 18시,수요일,충청북도 청주시 서원구 개신동,중상사고,0,2,0,0,차대차 - 측면충돌,안전운전불이행,건조,맑음,교차로 - 교차로안,승용,남,52세,상해없음,승용,남,41세,중상
2023121300100501,2023년 12월 13일 19시,수요일,충청북도 청주시 상당구 용정동,부상신고사고,0,0,0,1,차대차 - 기타,안전운전불이행,건조,맑음,교차로 - 교차로안,이륜,남,27세,부상신고,화물,남,56세,상해없음
2023121300100502,2023년 12월 13일 19시,수요일,충청북도 청주시 흥덕구 옥산면,경상사고,0,0,1,0,차대차 - 측면충돌,안전운전불이행,건조,맑음,기타 - 기타,화물,남,71세,상해없음,화물,남,34세,경상
2023121300100558,2023년 12월 13일 21시,수요일,충청북도 청주시 흥덕구 오송읍,중상사고,0,1,0,0,차대사람 - 기타,안전운전불이행,건조,맑음,교차로 - 교차로안,승용,남,27세,상해없음,보행자,남,35세,중상
2023121400100020,2023년 12월 14일 02시,목요일,충청북도 청주시 상당구 북문로1가,경상사고,0,0,1,0,차대차 - 측면충돌,안전운전불이행,건조,맑음,단일로 - 지하차도(도로)내,승용,남,49세,상해없음,이륜,남,27세,경상
2023121400100064,2023년 12월 14일 07시,목요일,충청북도 제천시 봉양읍,경상사고,0,0,1,0,차대차 - 측면충돌,직진우회전진행방해,건조,맑음,교차로 - 교차로안,화물,남,39세,경상,화물,남,53세,상해없음
2023121400100152,2023년 12월 14일 10시,목요일,충청북도 증평군 증평읍,부상신고사고,0,0,0,1,차대사람 - 횡단중,안전운전불이행,건조,맑음,단일로 - 기타,승용,여,62세,상해없음,보행자,여,57세,부상신고
2023121400100176,2023년 12월 14일 11시,목요일,충청북도 청주시 청원구 주중동,경상사고,0,0,3,0,차대차 - 측면충돌,교차로운행방법위반,건조,맑음,교차로 - 교차로안,승용,여,54세,기타불명,승용,남,59세,경상
2023121400100177,2023년 12월 14일 11시,목요일,충청북도 청주시 서원구 죽림동,경상사고,0,0,2,0,차대차 - 추돌,안전운전불이행,건조,맑음,교차로 - 교차로부근,승용,남,47세,상해없음,승용,남,59세,경상
2023121400100255,2023년 12월 14일 14시,목요일,충청북도 청주시 상당구 북문로2가,경상사고,0,0,2,0,차대차 - 기타,안전운전불이행,건조,맑음,단일로 - 기타,승용,남,69세,상해없음,승용,여,51세,경상
2023121400100322,2023년 12월 14일 16시,목요일,충청북도 제천시 중앙로2가,경상사고,0,0,3,0,차대차 - 정면충돌,중앙선침범,젖음/습기,비,교차로 - 교차로부근,승용,남,74세,경상,승용,여,52세,경상
2023121400100367,2023년 12월 14일 17시,목요일,충청북도 제천시 교동,경상사고,0,0,4,1,차대차 - 추돌,안전운전불이행,젖음/습기,비,교차로 - 교차로부근,승용,남,66세,부상신고,승용,남,52세,경상
2023121400100368,2023년 12월 14일 17시,목요일,충청북도 제천시 고암동,경상사고,0,0,1,0,차대차 - 측면충돌,신호위반,젖음/습기,비,교차로 - 교차로안,승용,남,42세,상해없음,승용,여,55세,경상
2023121400100369,2023년 12월 14일 17시,목요일,충청북도 옥천군 이원면,경상사고,0,0,1,0,차대차 - 측면충돌,안전운전불이행,젖음/습기,비,단일로 - 기타,승용,여,59세,상해없음,승용,남,44세,경상
2023121400100456,2023년 12월 14일 18시,목요일,충청북도 충주시 문화동,중상사고,0,1,0,0,차대사람 - 기타,안전운전불이행,젖음/습기,비,단일로 - 기타,화물,남,42세,상해없음,보행자,남,62세,중상
2023121400100457,2023년 12월 14일 18시,목요일,충청북도 제천시 모산동,경상사고,0,0,1,0,차대사람 - 횡단중,보행자보호의무위반,젖음/습기,비,교차로 - 교차로안,승용,여,41세,상해없음,보행자,남,63세,경상
2023121400100589,2023년 12월 14일 20시,목요일,충청북도 음성군 대소면,경상사고,0,0,1,0,차대사람 - 기타,안전운전불이행,건조,맑음,단일로 - 기타,승용,여,20세,상해없음,보행자,남,52세,경상
2023121400100664,2023년 12월 14일 22시,목요일,충청북도 제천시 청전동,경상사고,0,0,1,0,차대차 - 후진중충돌,안전운전불이행,젖음/습기,비,기타 - 기타,승용,여,38세,상해없음,승용,남,39세,경상
2023121400100665,2023년 12월 14일 22시,목요일,충청북도 청주시 흥덕구 지동동,경상사고,0,0,1,0,차대차 - 추돌,안전운전불이행,젖음/습기,비,교차로 - 교차로부근,승용,남,58세,상해없음,승용,남,65세,경상
2023121400100666,2023년 12월 14일 22시,목요일,충청북도 청주시 흥덕구 복대동,경상사고,0,0,1,0,차대차 - 정면충돌,중앙선침범,젖음/습기,비,단일로 - 기타,승용,여,27세,상해없음,승용,여,48세,경상
2023121400100688,2023년 12월 14일 23시,목요일,충청북도 청주시 서원구 개신동,경상사고,0,0,1,0,차대사람 - 기타,안전운전불이행,젖음/습기,비,교차로 - 교차로안,승용,여,54세,상해없음,보행자,남,65세,경상
2023121500100074,2023년 12월 15일 06시,금요일,충청북도 음성군 금왕읍,중상사고,0,1,0,0,차대차 - 기타,안전운전불이행,젖음/습기,비,단일로 - 기타,승용,남,34세,상해없음,승용,남,34세,상해없음
2023121500100110,2023년 12월 15일 07시,금요일,충청북도 충주시 연수동,경상사고,0,0,1,0,차대차 - 추돌,안전거리미확보,젖음/습기,비,단일로 - 기타,승용,여,50세,상해없음,승용,여,33세,경상
2023121500100111,2023년 12월 15일 07시,금요일,충청북도 충주시 주덕읍,경상사고,0,0,1,0,차대차 - 기타,안전거리미확보,젖음/습기,맑음,단일로 - 기타,화물,남,60세,상해없음,특수,남,63세,경상
2023121500100112,2023년 12월 15일 07시,금요일,충청북도 영동군 영동읍,중상사고,0,1,0,0,차대사람 - 횡단중,보행자보호의무위반,젖음/습기,비,교차로 - 교차로횡단보도내,승용,남,75세,상해없음,보행자,여,70세,중상
2023121500100162,2023년 12월 15일 08시,금요일,충청북도 보은군 보은읍,경상사고,0,0,1,0,차대차 - 측면충돌,교차로운행방법위반,젖음/습기,비,교차로 - 교차로안,승용,여,65세,상해없음,승용,여,33세,경상
2023121500100163,2023년 12월 15일 08시,금요일,충청북도 청주시 흥덕구 가경동,경상사고,0,0,1,0,차대차 - 측면충돌,안전운전불이행,젖음/습기,비,단일로 - 기타,승용,여,70세,상해없음,승용,남,49세,경상
2023121500100164,2023년 12월 15일 08시,금요일,충청북도 청주시 흥덕구 옥산면,경상사고,0,0,1,0,차대차 - 측면충돌,안전운전불이행,젖음/습기,비,주차장 - 주차장,화물,남,45세,상해없음,승용,남,27세,경상
2023121500100206,2023년 12월 15일 09시,금요일,충청북도 제천시 신동,경상사고,0,0,2,0,차대차 - 정면충돌,기타,젖음/습기,비,단일로 - 기타,승용,남,35세,경상,화물,남,55세,경상
2023121500100207,2023년 12월 15일 09시,금요일,충청북도 진천군 진천읍,경상사고,0,0,1,0,차대차 - 측면충돌,안전운전불이행,서리/결빙,눈,단일로 - 기타,승용,남,35세,상해없음,화물,남,47세,경상
2023121500100236,2023년 12월 15일 10시,금요일,충청북도 제천시 청전동,경상사고,0,0,2,0,차대차 - 정면충돌,안전운전불이행,젖음/습기,비,교차로 - 교차로안,승용,남,43세,상해없음,승용,남,38세,경상
2023121500100237,2023년 12월 15일 10시,금요일,충청북도 보은군 보은읍,중상사고,0,1,0,0,차대차 - 측면충돌,안전운전불이행,젖음/습기,비,교차로 - 교차로안,화물,남,48세,상해없음,이륜,남,74세,중상
2023121500100238,2023년 12월 15일 10시,금요일,충청북도 음성군 감곡면,경상사고,0,0,2,0,차대차 - 기타,교차로운행방법위반,젖음/습기,비,교차로 - 교차로안,화물,남,63세,상해없음,승용,남,57세,경상
2023121500100331,2023년 12월 15일 13시,금요일,충청북도 음성군 대소면,경상사고,0,0,1,0,차대차 - 기타,안전운전불이행,젖음/습기,비,교차로 - 교차로부근,승용,여,57세,상해없음,승용,남,31세,경상
2023121500100358,2023년 12월 15일 14시,금요일,충청북도 진천군 진천읍,경상사고,0,0,3,0,차대차 - 측면충돌,안전운전불이행,건조,맑음,교차로 - 교차로안,승용,남,39세,상해없음,승용,남,24세,경상
2023121500100359,2023년 12월 15일 14시,금요일,충청북도 청주시 흥덕구 가경동,경상사고,0,0,1,0,차대차 - 기타,신호위반,건조,맑음,교차로 - 교차로안,화물,남,66세,상해없음,승용,남,35세,경상
2023121500100423,2023년 12월 15일 16시,금요일,충청북도 단양군 단양읍,경상사고,0,0,1,0,차대차 - 추돌,교차로운행방법위반,젖음/습기,비,기타 - 기타,화물,남,63세,상해없음,이륜,남,27세,경상
2023121500100523,2023년 12월 15일 18시,금요일,충청북도 옥천군 청산면,중상사고,0,1,0,0,차대사람 - 차도통행중,안전운전불이행,젖음/습기,비,교차로 - 교차로부근,승용,여,61세,상해없음,보행자,여,77세,중상
2023121500100524,2023년 12월 15일 18시,금요일,충청북도 청주시 흥덕구 복대동,중상사고,0,1,0,0,차대사람 - 기타,보행자보호의무위반,젖음/습기,흐림,기타 - 기타,승용,여,29세,상해없음,보행자,남,52세,중상
2023121500100525,2023년 12월 15일 18시,금요일,충청북도 청주시 서원구 남이면,경상사고,0,0,1,0,차대차 - 측면충돌,안전거리미확보,건조,맑음,단일로 - 기타,승합,남,57세,상해없음,승용,남,30세,경상
2023121500100593,2023년 12월 15일 19시,금요일,충청북도 청주시 흥덕구 복대동,경상사고,0,0,1,0,차대차 - 정면충돌,신호위반,젖음/습기,맑음,교차로 - 교차로안,이륜,남,22세,상해없음,이륜,남,51세,경상
2023121500100627,2023년 12월 15일 20시,금요일,충청북도 증평군 증평읍,중상사고,0,1,1,0,차대차 - 추돌,안전운전불이행,젖음/습기,맑음,교차로 - 교차로부근,승용,남,56세,상해없음,승용,남,67세,중상
2023121500100628,2023년 12월 15일 20시,금요일,충청북도 청주시 흥덕구 복대동,경상사고,0,0,1,0,차대차 - 기타,안전운전불이행,건조,맑음,교차로 - 교차로부근,승용,남,44세,상해없음,승용,여,62세,경상
2023121500100660,2023년 12월 15일 21시,금요일,충청북도 옥천군 옥천읍,경상사고,0,0,4,0,차대차 - 측면충돌,교차로운행방법위반,젖음/습기,비,교차로 - 교차로안,승용,남,71세,경상,승용,남,41세,경상
2023121500100661,2023년 12월 15일 21시,금요일,충청북도 진천군 진천읍,중상사고,0,1,0,0,차대사람 - 횡단중,보행자보호의무위반,건조,맑음,교차로 - 교차로횡단보도내,화물,남,50세,기타불명,보행자,남,61세,중상
2023121500100736,2023년 12월 15일 23시,금요일,충청북도 청주시 흥덕구 지동동,중상사고,0,1,0,0,차대사람 - 기타,신호위반,젖음/습기,비,교차로 - 교차로횡단보도내,승용,남,44세,상해없음,보행자,남,18세,중상
2023121500100737,2023년 12월 15일 23시,금요일,충청북도 청주시 흥덕구 옥산면,중상사고,0,3,2,0,차대차 - 추돌,안전운전불이행,젖음/습기,비,기타 - 기타,승용,여,42세,중상,화물,남,51세,상해없음
2023121600100013,2023년 12월 16일 00시,토요일,충청북도 제천시 장락동,경상사고,0,0,1,0,차대차 - 추돌,안전운전불이행,젖음/습기,비,교차로 - 교차로부근,승용,여,34세,상해없음,승용,여,24세,경상
2023121600100037,2023년 12월 16일 02시,토요일,충청북도 진천군 이월면,경상사고,0,0,2,0,차대차 - 추돌,안전운전불이행,건조,맑음,단일로 - 기타,승용,남,68세,경상,승용,여,23세,경상
2023121600100083,2023년 12월 16일 06시,토요일,충청북도 청주시 서원구 사창동,경상사고,0,0,1,0,차량단독 - 기타,안전운전불이행,건조,맑음,교차로 - 교차로부근,승용,남,61세,상해없음,,,,
2023121600100084,2023년 12월 16일 06시,토요일,충청북도 옥천군 옥천읍,경상사고,0,0,3,0,차대차 - 추돌,안전운전불이행,젖음/습기,비,기타 - 기타,승용,남,24세,상해없음,승용,남,56세,경상
2023121600100113,2023년 12월 16일 08시,토요일,충청북도 음성군 맹동면,경상사고,0,0,1,0,차대차 - 기타,신호위반,젖음/습기,눈,교차로 - 교차로안,승용,남,57세,상해없음,승용,남,61세,경상
2023121600100114,2023년 12월 16일 08시,토요일,충청북도 청주시 서원구 모충동,중상사고,0,1,0,0,차대사람 - 기타,불법유턴,서리/결빙,맑음,기타 - 기타,승용,남,61세,상해없음,보행자,여,66세,중상
2023121600100145,2023년 12월 16일 10시,토요일,충청북도 음성군 음성읍,경상사고,0,0,2,0,차대차 - 기타,안전운전불이행,서리/결빙,눈,기타 - 기타,승용,남,42세,상해없음,승합,여,26세,경상
2023121600100176,2023년 12월 16일 11시,토요일,충청북도 충주시 칠금동,경상사고,0,0,1,0,차대차 - 측면충돌,안전운전불이행,젖음/습기,눈,단일로 - 기타,승용,남,76세,상해없음,승용,여,43세,상해없음
2023121600100177,2023년 12월 16일 11시,토요일,충청북도 진천군 진천읍,경상사고,0,0,1,0,차대차 - 추돌,안전운전불이행,젖음/습기,눈,단일로 - 기타,화물,남,63세,상해없음,승용,남,36세,경상
2023121600100178,2023년 12월 16일 11시,토요일,충청북도 청주시 서원구 분평동,중상사고,0,1,0,0,차대차 - 측면충돌,안전운전불이행,건조,맑음,기타 - 기타,승용,남,68세,상해없음,이륜,남,44세,중상
2023121600100240,2023년 12월 16일 13시,토요일,충청북도 충주시 수안보면,경상사고,0,0,2,0,차대차 - 정면충돌,직진우회전진행방해,적설,흐림,교차로 - 교차로안,승용,여,35세,상해없음,승용,남,58세,경상
2023121600100241,2023년 12월 16일 13시,토요일,충청북도 보은군 보은읍,중상사고,0,1,0,0,차대차 - 추돌,안전운전불이행,적설,눈,단일로 - 기타,승용,남,55세,상해없음,승용,남,62세,중상
2023121600100242,2023년 12월 16일 13시,토요일,충청북도 진천군 진천읍,경상사고,0,0,2,0,차대차 - 측면충돌,안전운전불이행,서리/결빙,눈,단일로 - 기타,승용,남,37세,상해없음,승용,남,46세,경상
2023121600100243,2023년 12월 16일 13시,토요일,충청북도 진천군 진천읍,경상사고,0,0,1,0,차대차 - 추돌,안전운전불이행,적설,맑음,단일로 - 기타,승용,남,53세,상해없음,승용,여,22세,경상
2023121600100312,2023년 12월 16일 15시,토요일,충청북도 청주시 청원구 율량동,경상사고,0,0,1,0,차대차 - 측면충돌,안전거리미확보,젖음/습기,흐림,단일로 - 기타,승용,남,30세,상해없음,이륜,남,36세,경상
2023121600100313,2023년 12월 16일 15시,토요일,충청북도 음성군 대소면,경상사고,0,0,1,0,차대차 - 정면충돌,안전운전불이행,서리/결빙,눈,단일로 - 기타,화물,남,34세,상해없음,승용,남,47세,경상
2023121600100351,2023년 12월 16일 16시,토요일,충청북도 청주시 청원구 오창읍,경상사고,0,0,1,0,차대차 - 추돌,안전운전불이행,적설,눈,교차로 - 교차로부근,승용,남,64세,상해없음,승용,여,50세,경상
2023121600100352,2023년 12월 16일 16시,토요일,충청북도 청주시 청원구 율량동,경상사고,0,0,3,0,차대차 - 측면충돌,안전운전불이행,서리/결빙,흐림,단일로 - 지하차도(도로)내,승용,여,54세,경상,승용,여,26세,경상
2023121600100353,2023년 12월 16일 16시,토요일,충청북도 진천군 진천읍,경상사고,0,0,1,0,차대차 - 추돌,안전운전불이행,적설,맑음,단일로 - 기타,승용,남,34세,상해없음,승용,남,25세,경상
2023121600100390,2023년 12월 16일 17시,토요일,충청북도 충주시 문화동,경상사고,0,0,2,0,차대차 - 정면충돌,신호위반,건조,맑음,교차로 - 교차로안,승용,여,46세,상해없음,승용,남,58세,상해없음
2023121600100391,2023년 12월 16일 17시,토요일,충청북도 청주시 흥덕구 옥산면,중상사고,0,1,0,0,차대차 - 측면충돌,안전운전불이행,적설,눈,단일로 - 기타,화물,남,47세,상해없음,승용,남,33세,중상
2023121600100449,2023년 12월 16일 18시,토요일,충청북도 청주시 청원구 내덕동,경상사고,0,0,1,0,차대차 - 추돌,안전운전불이행,서리/결빙,눈,단일로 - 지하차도(도로)내,승합,남,62세,상해없음,승용,남,47세,상해없음
2023121600100450,2023년 12월 16일 18시,토요일,충청북도 청주시 청원구 율량동,중상사고,0,1,1,0,차대차 - 추돌,안전운전불이행,적설,눈,교차로 - 교차로부근,승용,남,34세,상해없음,승용,여,34세,경상
2023121600100451,2023년 12월 16일 18시,토요일,충청북도 청주시 흥덕구 봉명동,경상사고,0,0,4,0,차대차 - 추돌,안전운전불이행,젖음/습기,흐림,교차로 - 교차로부근,승합,남,53세,상해없음,승용,남,47세,경상
2023121600100542,2023년 12월 16일 20시,토요일,충청북도 청주시 서원구 남이면,경상사고,0,0,1,0,차대차 - 추돌,안전운전불이행,적설,눈,단일로 - 기타,승용,남,31세,상해없음,승용,남,26세,경상
2023121700100004,2023년 12월 17일 00시,일요일,충청북도 제천시 고암동,경상사고,0,0,1,0,차대사람 - 차도통행중,안전운전불이행,건조,맑음,교차로 - 교차로부근,승용,남,65세,상해없음,보행자,여,24세,경상
2023121700100005,2023년 12월 17일 00시,일요일,충청북도 괴산군 연풍면,경상사고,0,0,1,0,차대차 - 측면충돌,안전운전불이행,건조,맑음,단일로 - 기타,화물,남,45세,상해없음,승용,남,32세,경상
2023121700100022,2023년 12월 17일 01시,일요일,충청북도 청주시 흥덕구 신봉동,경상사고,0,0,2,0,차대차 - 추돌,안전운전불이행,적설,눈,교차로 - 교차로부근,승용,남,37세,상해없음,승용,남,26세,경상
2023121700100071,2023년 12월 17일 06시,일요일,충청북도 청주시 청원구 오창읍,경상사고,0,0,1,0,차대차 - 후진중충돌,안전운전불이행,젖음/습기,비,교차로 - 교차로부근,화물,남,70세,상해없음,승용,남,68세,경상
2023121700100125,2023년 12월 17일 11시,일요일,충청북도 청주시 서원구 모충동,경상사고,0,0,1,0,차대차 - 후진중충돌,안전운전불이행,적설,맑음,교차로 - 교차로안,승용,남,35세,상해없음,이륜,남,41세,경상
2023121700100185,2023년 12월 17일 13시,일요일,충청북도 청주시 흥덕구 석소동,경상사고,0,0,1,0,차대차 - 추돌,안전운전불이행,건조,맑음,교차로 - 교차로부근,승용,남,29세,상해없음,승용,남,55세,경상
2023121700100208,2023년 12월 17일 14시,일요일,충청북도 충주시 노은면,경상사고,0,0,3,0,차대차 - 추돌,안전거리미확보,건조,맑음,기타 - 기타,승용,남,34세,상해없음,승용,남,27세,경상
2023121700100235,2023년 12월 17일 15시,일요일,충청북도 청주시 상당구 용암동,경상사고,0,0,1,0,차대차 - 측면충돌,신호위반,건조,맑음,교차로 - 교차로안,승용,남,62세,상해없음,승용,여,55세,경상
2023121700100316,2023년 12월 17일 18시,일요일,충청북도 청주시 흥덕구 신봉동,경상사고,0,0,3,0,차대사람 - 횡단중,보행자보호의무위반,젖음/습기,눈,교차로 - 교차로횡단보도내,승용,여,65세,상해없음,보행자,여,13세,경상
2023121700100335,2023년 12월 17일 19시,일요일,충청북도 청주시 청원구 오창읍,중상사고,0,1,0,0,차대사람 - 차도통행중,안전운전불이행,서리/결빙,흐림,기타 - 기타,승용,남,41세,상해없음,보행자,여,52세,중상
2023121700100380,2023년 12월 17일 21시,일요일,충청북도 충주시 용산동,경상사고,0,0,1,0,차대차 - 추돌,안전운전불이행,건조,맑음,교차로 - 교차로부근,승용,남,63세,상해없음,승용,여,23세,경상
2023121700100381,2023년 12월 17일 21시,일요일,충청북도 음성군 맹동면,경상사고,0,0,1,0,차대차 - 추돌,안전운전불이행,젖음/습기,맑음,교차로 - 교차로부근,승용,남,34세,상해없음,승용,남,44세,경상
2023121800100044,2023년 12월 18일 06시,월요일,충청북도 충주시 칠금동,경상사고,0,0,2,0,차대차 - 추돌,안전운전불이행,건조,흐림,단일로 - 기타,승용,남,61세,상해없음,승용,남,49세,경상
2023121800100045,2023년 12월 18일 06시,월요일,충청북도 음성군 음성읍,중상사고,0,1,0,0,차대차 - 정면충돌,안전운전불이행,서리/결빙,흐림,단일로 - 기타,화물,남,54세,상해없음,승용,남,35세,중상
2023121800100069,2023년 12월 18일 07시,월요일,충청북도 청주시 청원구 내수읍,경상사고,0,0,1,0,차대차 - 측면충돌,교차로운행방법위반,건조,맑음,교차로 - 교차로안,승용,남,62세,상해없음,승용,여,35세,경상
2023121800100101,2023년 12월 18일 08시,월요일,충청북도 청주시 흥덕구 오송읍,중상사고,0,1,1,0,차대차 - 정면충돌,안전운전불이행,건조,맑음,단일로 - 교량,승용,남,25세,중상,승용,남,32세,경상
2023121800100102,2023년 12월 18일 08시,월요일,충청북도 청주시 상당구 낭성면,경상사고,0,0,1,0,차대차 - 측면충돌,신호위반,건조,흐림,교차로 - 교차로안,화물,남,63세,상해없음,승용,남,25세,경상
2023121800100143,2023년 12월 18일 09시,월요일,충청북도 청주시 흥덕구 신촌동,경상사고,0,0,1,0,차대차 - 추돌,안전거리미확보,건조,맑음,교차로 - 교차로안,승용,남,67세,상해없음,승용,남,45세,경상
2023121800100196,2023년 12월 18일 11시,월요일,충청북도 청주시 흥덕구 가경동,부상신고사고,0,0,0,1,차대사람 - 기타,안전운전불이행,건조,맑음,기타 - 기타,승용,여,33세,상해없음,보행자,여,58세,부상신고
2023121800100262,2023년 12월 18일 13시,월요일,충청북도 청주시 흥덕구 비하동,경상사고,0,0,1,0,차대차 - 측면충돌,신호위반,건조,맑음,교차로 - 교차로안,승용,여,48세,상해없음,승용,남,26세,경상
2023121800100404,2023년 12월 18일 17시,월요일,충청북도 증평군 증평읍,부상신고사고,0,0,0,1,차량단독 - 기타,안전운전불이행,건조,맑음,단일로 - 기타,승합,남,43세,상해없음,,,,
2023121800100405,2023년 12월 18일 17시,월요일,충청북도 청주시 서원구 수곡동,경상사고,0,0,1,0,차대차 - 측면충돌,안전운전불이행,건조,맑음,교차로 - 교차로안,자전거,남,13세,경상,승용,남,32세,상해없음
2023121800100406,2023년 12월 18일 17시,월요일,충청북도 청주시 서원구 현도면,중상사고,0,1,0,0,차량단독 - 공작물충돌,안전운전불이행,건조,맑음,단일로 - 기타,승용,남,38세,중상,,,,
2023121800100453,2023년 12월 18일 18시,월요일,충청북도 충주시 호암동,경상사고,0,0,1,0,차대차 - 기타,신호위반,건조,맑음,단일로 - 기타,승용,남,45세,상해없음,승용,여,36세,경상
2023121800100535,2023년 12월 18일 21시,월요일,충청북도 청주시 상당구 미원면,경상사고,0,0,1,0,차대차 - 측면충돌,안전운전불이행,건조,흐림,교차로 - 교차로안,승용,남,60세,상해없음,승용,남,62세,상해없음
2023121800100567,2023년 12월 18일 23시,월요일,충청북도 진천군 덕산읍,경상사고,0,0,1,0,차대사람 - 차도통행중,안전운전불이행,건조,맑음,단일로 - 기타,승용,남,32세,상해없음,보행자,남,44세,경상
2023121800100568,2023년 12월 18일 23시,월요일,충청북도 청주시 흥덕구 봉명동,경상사고,0,0,1,0,차대차 - 측면충돌,안전운전불이행,기타,맑음,교차로 - 교차로안,승용,남,29세,상해없음,승용,남,28세,경상
2023121800100569,2023년 12월 18일 23시,월요일,충청북도 청주시 상당구 명암동,경상사고,0,0,1,0,차량단독 - 공작물충돌,안전운전불이행,기타,맑음,단일로 - 기타,승용,남,41세,경상,,,,
2023121900100063,2023년 12월 19일 07시,화요일,충청북도 청주시 흥덕구 송절동,경상사고,0,0,2,0,차대차 - 측면충돌,신호위반,건조,맑음,교차로 - 교차로안,승용,남,25세,기타불명,승용,남,65세,경상
2023121900100087,2023년 12월 19일 08시,화요일,충청북도 진천군 진천읍,중상사고,0,1,0,0,차대사람 - 기타,안전운전불이행,젖음/습기,눈,주차장 - 주차장,승용,남,71세,상해없음,보행자,남,40세,중상
2023121900100219,2023년 12월 19일 13시,화요일,충청북도 청주시 흥덕구 봉명동,경상사고,0,0,1,0,차대사람 - 횡단중,보행자보호의무위반,건조,맑음,교차로 - 교차로안,승용,여,56세,상해없음,보행자,남,25세,경상
2023121900100250,2023년 12월 19일 14시,화요일,충청북도 청주시 청원구 율량동,경상사고,0,0,2,0,차대차 - 후진중충돌,신호위반,건조,흐림,교차로 - 교차로부근,승용,남,68세,상해없음,승합,남,57세,상해없음
2023121900100280,2023년 12월 19일 15시,화요일,충청북도 청주시 상당구 북문로2가,경상사고,0,0,1,0,차대사람 - 횡단중,보행자보호의무위반,건조,맑음,단일로 - 기타,이륜,여,57세,상해없음,보행자,여,43세,경상
2023121900100315,2023년 12월 19일 16시,화요일,충청북도 충주시 문화동,경상사고,0,0,1,0,차대차 - 기타,안전운전불이행,건조,맑음,교차로 - 교차로안,승용,남,30세,상해없음,승용,여,40세,경상
2023121900100358,2023년 12월 19일 17시,화요일,충청북도 제천시 청전동,경상사고,0,0,1,0,차대차 - 측면충돌,차로위반,건조,맑음,교차로 - 교차로부근,승용,남,72세,상해없음,승용,남,70세,경상
2023121900100359,2023년 12월 19일 17시,화요일,충청북도 제천시 강제동,경상사고,0,0,1,0,차대차 - 측면충돌,안전거리미확보,건조,맑음,단일로 - 기타,건설기계,남,50세,상해없음,승용,여,47세,경상
2023121900100415,2023년 12월 19일 18시,화요일,충청북도 청주시 청원구 오창읍,경상사고,0,0,2,0,차대차 - 추돌,안전운전불이행,건조,맑음,교차로 - 교차로부근,화물,남,28세,경상,농기계,남,74세,경상
2023121900100416,2023년 12월 19일 18시,화요일,충청북도 청주시 청원구 우암동,경상사고,0,0,1,0,차대차 - 기타,안전운전불이행,건조,맑음,교차로 - 교차로부근,승용,남,58세,상해없음,자전거,남,54세,경상
2023121900100417,2023년 12월 19일 18시,화요일,충청북도 청주시 흥덕구 남촌동,경상사고,0,0,2,0,차대차 - 측면충돌,안전운전불이행,건조,맑음,단일로 - 교량,승용,남,19세,경상,승용,여,28세,상해없음
2023121900100482,2023년 12월 19일 20시,화요일,충청북도 청주시 청원구 오창읍,경상사고,0,0,2,0,차대차 - 추돌,안전운전불이행,건조,맑음,교차로 - 교차로부근,승용,여,59세,상해없음,승용,남,42세,경상
2023121900100503,2023년 12월 19일 21시,화요일,충청북도 보은군 보은읍,경상사고,0,0,1,0,차대차 - 추돌,교차로운행방법위반,건조,흐림,교차로 - 교차로안,승용,남,53세,상해없음,화물,남,34세,경상