사고번호,사고일시,요일,시군구,사고내용,사망자수,중상자수,경상자수,부상신고자수,사고유형,법규위반,노면상태,기상상태,도로형태,가해운전자 차종,가해운전자 성별,가해운전자 연령,가해운전자 상해정도,피해운전자 차종,피해운전자 성별,피해운전자 연령,피해운전자 상해정도
2023122000100009,2023년 12월 20일 00시,수요일,충청북도 제천시 동현동,경상사고,0,0,1,0,차량단독 - 공작물충돌,안전운전불이행,건조,맑음,교차로 - 교차로부근,승용,남,71세,상해없음,,,,
2023122000100066,2023년 12월 20일 07시,수요일,충청북도 청주시 서원구 개신동,중상사고,0,1,0,0,차대사람 - 기타,안전운전불이행,건조,맑음,교차로 - 교차로안,승용,여,42세,상해없음,보행자,여,78세,중상
2023122000100091,2023년 12월 20일 08시,수요일,충청북도 제천시 금성면,경상사고,0,0,1,0,차대차 - 기타,기타,건조,맑음,단일로 - 기타,화물,남,61세,기타불명,승용,남,50세,경상
2023122000100092,2023년 12월 20일 08시,수요일,충청북도 증평군 증평읍,경상사고,0,0,1,0,차대차 - 측면충돌,안전거리미확보,젖음/습기,맑음,단일로 - 기타,화물,남,71세,상해없음,건설기계,남,40세,경상
2023122000100093,2023년 12월 20일 08시,수요일,충청북도 청주시 서원구 개신동,경상사고,0,0,1,0,차대차 - 추돌,안전거리미확보,건조,맑음,단일로 - 기타,화물,남,59세,기타불명,승용,여,52세,경상
2023122000100114,2023년 12월 20일 09시,수요일,충청북도 청주시 상당구 영운동,경상사고,0,0,1,0,차대사람 - 차도통행중,안전운전불이행,건조,맑음,교차로 - 교차로횡단보도내,개인형이동수단(PM),여,21세,상해없음,보행자,남,66세,경상
2023122000100153,2023년 12월 20일 11시,수요일,충청북도 청주시 서원구 사창동,경상사고,0,0,1,0,차대사람 - 기타,안전운전불이행,젖음/습기,눈,단일로 - 기타,승합,남,67세,상해없음,보행자,남,25세,경상
2023122000100177,2023년 12월 20일 12시,수요일,충청북도 충주시 칠금동,경상사고,0,0,4,0,차대차 - 측면충돌,신호위반,건조,맑음,교차로 - 교차로안,승용,남,63세,상해없음,승용,남,39세,경상
2023122000100201,2023년 12월 20일 13시,수요일,충청북도 제천시 화산동,경상사고,0,0,2,0,차대차 - 측면충돌,신호위반,건조,맑음,교차로 - 교차로안,승용,남,76세,상해없음,승용,남,47세,경상
2023122000100256,2023년 12월 20일 15시,수요일,충청북도 청주시 서원구 사직동,경상사고,0,0,2,0,차대차 - 추돌,안전운전불이행,건조,맑음,교차로 - 교차로안,승용,여,33세,상해없음,승용,여,53세,경상
2023122000100257,2023년 12월 20일 15시,수요일,충청북도 충주시 산척면,경상사고,0,0,1,0,차대차 - 측면충돌,신호위반,건조,맑음,교차로 - 교차로안,건설기계,남,67세,상해없음,승용,남,65세,경상
2023122000100294,2023년 12월 20일 16시,수요일,충청북도 제천시 봉양읍,경상사고,0,0,1,0,차대차 - 기타,안전운전불이행,건조,맑음,교차로 - 교차로부근,화물,남,47세,상해없음,승용,남,38세,경상
2023122000100295,2023년 12월 20일 16시,수요일,충청북도 청주시 서원구 개신동,경상사고,0,0,2,0,차대차 - 추돌,안전운전불이행,건조,맑음,단일로 - 기타,승용,남,70세,상해없음,승용,여,41세,경상
2023122000100387,2023년 12월 20일 18시,수요일,충청북도 청주시 흥덕구 운천동,경상사고,0,0,1,0,차대차 - 측면충돌,교차로운행방법위반,건조,맑음,단일로 - 기타,승용,남,75세,상해없음,승용,남,29세,경상
2023122000100388,2023년 12월 20일 18시,수요일,충청북도 청주시 서원구 분평동,부상신고사고,0,0,0,1,차대사람 - 기타,안전운전불이행,건조,흐림,교차로 - 교차로부근,승용,남,28세,상해없음,보행자,여,40세,부상신고
2023122000100527,2023년 12월 20일 22시,수요일,충청북도 청주시 서원구 사창동,경상사고,0,0,3,0,차대차 - 측면충돌,안전운전불이행,건조,흐림,교차로 - 교차로부근,승용,남,53세,상해없음,승용,남,22세,경상
2023122000100547,2023년 12월 20일 23시,수요일,충청북도 충주시 연수동,경상사고,0,0,2,0,차대차 - 정면충돌,중앙선침범,건조,맑음,교차로 - 교차로부근,승용,남,35세,상해없음,승용,남,53세,경상
2023122100100049,2023년 12월 21일 06시,목요일,충청북도 청주시 흥덕구 옥산면,중상사고,0,1,0,0,차대차 - 측면충돌,신호위반,건조,맑음,교차로 - 교차로안,승용,여,50세,상해없음,승용,남,40세,중상
2023122100100069,2023년 12월 21일 07시,목요일,충청북도 청주시 흥덕구 봉명동,경상사고,0,0,3,0,차대차 - 기타,교차로운행방법위반,건조,맑음,교차로 - 교차로부근,승용,여,70세,상해없음,승용,남,27세,경상
2023122100100102,2023년 12월 21일 08시,목요일,충청북도 충주시 살미면,중상사고,0,1,0,0,차대차 - 기타,안전운전불이행,건조,맑음,단일로 - 기타,화물,남,75세,상해없음,승용,여,50세,중상
2023122100100103,2023년 12월 21일 08시,목요일,충청북도 제천시 고암동,경상사고,0,0,3,0,차대차 - 측면충돌,신호위반,건조,맑음,교차로 - 교차로안,승용,남,67세,경상,승용,남,46세,경상
2023122100100104,2023년 12월 21일 08시,목요일,충청북도 청주시 상당구 용암동,중상사고,0,1,0,0,차대사람 - 횡단중,보행자보호의무위반,건조,맑음,단일로 - 기타,승용,남,58세,상해없음,보행자,남,12세,중상
2023122100100198,2023년 12월 21일 11시,목요일,충청북도 충주시 금릉동,경상사고,0,0,1,0,차대차 - 정면충돌,신호위반,건조,맑음,교차로 - 교차로안,승용,여,44세,기타불명,승용,남,57세,경상
2023122100100199,2023년 12월 21일 11시,목요일,충청북도 충주시 연수동,경상사고,0,0,1,0,차대차 - 기타,안전운전불이행,건조,맑음,교차로 - 교차로부근,기타불명,기타불명,미분류,기타불명,자전거,여,18세,경상
2023122100100200,2023년 12월 21일 11시,목요일,충청북도 진천군 광혜원면,경상사고,0,0,1,0,차대차 - 후진중충돌,안전운전불이행,건조,맑음,교차로 - 교차로부근,화물,남,64세,상해없음,승용,남,26세,경상
2023122100100239,2023년 12월 21일 12시,목요일,충청북도 보은군 보은읍,중상사고,0,1,1,0,차대차 - 정면충돌,신호위반,건조,맑음,교차로 - 교차로안,승용,여,32세,경상,화물,남,60세,상해없음
2023122100100240,2023년 12월 21일 12시,목요일,충청북도 음성군 감곡면,경상사고,0,0,2,0,차대차 - 기타,안전운전불이행,건조,맑음,기타 - 기타,승용,남,54세,상해없음,화물,남,49세,경상
2023122100100345,2023년 12월 21일 15시,목요일,충청북도 청주시 서원구 개신동,경상사고,0,0,1,0,차대사람 - 횡단중,안전운전불이행,건조,맑음,단일로 - 기타,승용,여,54세,상해없음,보행자,여,44세,경상
2023122100100346,2023년 12월 21일 15시,목요일,충청북도 충주시 문화동,경상사고,0,0,1,0,차대차 - 측면충돌,안전운전불이행,건조,맑음,단일로 - 기타,자전거,남,86세,경상,승용,남,76세,상해없음
2023122100100347,2023년 12월 21일 15시,목요일,충청북도 진천군 진천읍,경상사고,0,0,1,0,차대차 - 측면충돌,안전운전불이행,건조,맑음,교차로 - 교차로부근,화물,여,56세,상해없음,승용,여,55세,경상
2023122100100348,2023년 12월 21일 15시,목요일,충청북도 청주시 흥덕구 봉명동,경상사고,0,0,1,0,차대차 - 추돌,안전운전불이행,건조,맑음,교차로 - 교차로안,승용,남,81세,상해없음,승용,여,63세,경상
2023122100100385,2023년 12월 21일 16시,목요일,충청북도 청주시 흥덕구 운천동,중상사고,0,1,0,0,차대사람 - 횡단중,안전운전불이행,건조,맑음,단일로 - 기타,승용,남,55세,상해없음,보행자,여,69세,중상
2023122100100438,2023년 12월 21일 17시,목요일,충청북도 진천군 광혜원면,경상사고,0,0,1,0,차대차 - 측면충돌,안전운전불이행,건조,맑음,교차로 - 교차로부근,승용,남,29세,상해없음,승용,남,45세,경상
2023122100100488,2023년 12월 21일 18시,목요일,충청북도 청주시 서원구 분평동,경상사고,0,0,1,0,차대차 - 기타,안전운전불이행,건조,맑음,교차로 - 교차로부근,승용,여,34세,상해없음,이륜,남,41세,경상
2023122100100540,2023년 12월 21일 19시,목요일,충청북도 충주시 호암동,경상사고,0,0,3,0,차대차 - 추돌,안전운전불이행,건조,흐림,단일로 - 기타,승합,남,59세,상해없음,승용,여,37세,경상
2023122100100614,2023년 12월 21일 21시,목요일,충청북도 충주시 교현동,경상사고,0,0,1,0,차대차 - 측면충돌,신호위반,건조,맑음,교차로 - 교차로안,승합,여,64세,상해없음,승용,여,27세,경상
2023122100100615,2023년 12월 21일 21시,목요일,충청북도 진천군 덕산읍,경상사고,0,0,1,0,차대차 - 추돌,안전운전불이행,젖음/습기,비,단일로 - 기타,승용,남,32세,상해없음,승용,남,36세,경상
2023122200100059,2023년 12월 22일 06시,금요일,충청북도 청주시 상당구 석교동,경상사고,0,0,3,0,차대차 - 측면충돌,신호위반,건조,맑음,교차로 - 교차로부근,승용,남,22세,상해없음,화물,남,52세,경상
2023122200100104,2023년 12월 22일 08시,금요일,충청북도 청주시 청원구 내수읍,경상사고,0,0,1,0,차대차 - 기타,안전운전불이행,건조,맑음,단일로 - 기타,승합,남,62세,상해없음,승용,남,27세,상해없음
2023122200100105,2023년 12월 22일 08시,금요일,충청북도 청주시 흥덕구 오송읍,중상사고,0,1,0,0,차대사람 - 횡단중,안전운전불이행,건조,맑음,단일로 - 기타,화물,남,48세,상해없음,보행자,여,68세,중상
2023122200100143,2023년 12월 22일 09시,금요일,충청북도 충주시 호암동,경상사고,0,0,1,0,차대차 - 후진중충돌,안전운전불이행,건조,맑음,교차로 - 교차로부근,기타불명,기타불명,미분류,기타불명,승용,남,46세,경상
2023122200100144,2023년 12월 22일 09시,금요일,충청북도 청주시 흥덕구 강서동,경상사고,0,0,3,0,차대차 - 추돌,안전운전불이행,건조,맑음,단일로 - 기타,화물,남,35세,경상,승용,남,34세,상해없음
2023122200100145,2023년 12월 22일 09시,금요일,충청북도 청주시 상당구 남일면,부상신고사고,0,0,0,1,차량단독 - 공작물충돌,안전운전불이행,건조,맑음,단일로 - 기타,승용,남,24세,부상신고,,,,
2023122200100174,2023년 12월 22일 10시,금요일,충청북도 음성군 음성읍,경상사고,0,0,1,0,차대차 - 측면충돌,차로위반,건조,맑음,교차로 - 교차로부근,승용,남,70세,상해없음,승용,남,60세,경상
2023122200100214,2023년 12월 22일 11시,금요일,충청북도 진천군 진천읍,경상사고,0,0,1,0,차대차 - 후진중충돌,안전운전불이행,건조,맑음,단일로 - 기타,승용,여,54세,상해없음,승용,남,43세,상해없음
2023122200100215,2023년 12월 22일 11시,금요일,충청북도 청주시 흥덕구 수의동,중상사고,0,1,1,0,차대차 - 추돌,안전운전불이행,건조,맑음,단일로 - 기타,승용,남,33세,중상,특수,남,53세,경상
2023122200100254,2023년 12월 22일 12시,금요일,충청북도 청주시 청원구 오창읍,경상사고,0,0,1,0,차대차 - 기타,안전운전불이행,건조,맑음,교차로 - 교차로부근,화물,남,58세,상해없음,승용,여,49세,경상
2023122200100342,2023년 12월 22일 14시,금요일,충청북도 청주시 청원구 오창읍,경상사고,0,0,2,0,차대차 - 추돌,안전운전불이행,건조,맑음,단일로 - 기타,승용,남,35세,상해없음,승용,남,62세,경상
2023122200100343,2023년 12월 22일 14시,금요일,충청북도 제천시 중앙로2가,경상사고,0,0,1,0,차대차 - 측면충돌,안전운전불이행,건조,맑음,기타 - 기타,승용,여,50세,상해없음,이륜,남,35세,경상
2023122200100393,2023년 12월 22일 15시,금요일,충청북도 제천시 중앙로1가,중상사고,0,1,0,0,차대차 - 측면충돌,안전거리미확보,건조,맑음,단일로 - 기타,화물,남,80세,기타불명,승용,남,38세,중상
2023122200100394,2023년 12월 22일 15시,금요일,충청북도 청주시 흥덕구 송정동,경상사고,0,0,1,0,차대차 - 기타,안전운전불이행,건조,맑음,교차로 - 교차로부근,건설기계,남,39세,상해없음,화물,남,67세,경상
2023122200100395,2023년 12월 22일 15시,금요일,충청북도 청주시 서원구 모충동,경상사고,0,0,2,0,차대차 - 측면충돌,교차로운행방법위반,건조,맑음,교차로 - 교차로부근,승용,남,70세,경상,승용,여,39세,경상
2023122200100396,2023년 12월 22일 15시,금요일,충청북도 청주시 서원구 장성동,경상사고,0,0,2,0,차대차 - 측면충돌,안전운전불이행,건조,맑음,교차로 - 교차로안,화물,남,68세,경상,화물,남,30세,상해없음
2023122200100436,2023년 12월 22일 16시,금요일,충청북도 제천시 고암동,경상사고,0,0,1,0,차대차 - 측면충돌,안전운전불이행,건조,맑음,교차로 - 교차로부근,승용,여,65세,상해없음,승용,남,67세,경상
2023122200100437,2023년 12월 22일 16시,금요일,충청북도 청주시 흥덕구 봉명동,경상사고,0,0,1,0,차대차 - 후진중충돌,안전운전불이행,건조,맑음,교차로 - 교차로부근,승용,여,59세,상해없음,승용,남,31세,경상
2023122200100566,2023년 12월 22일 18시,금요일,충청북도 청주시 청원구 율량동,경상사고,0,0,1,0,차대차 - 기타,신호위반,건조,맑음,교차로 - 교차로안,승합,남,72세,상해없음,승용,남,23세,경상
2023122200100567,2023년 12월 22일 18시,금요일,충청북도 청주시 청원구 율량동,경상사고,0,0,1,0,차대사람 - 기타,안전운전불이행,건조,맑음,주차장 - 주차장,승합,남,53세,기타불명,보행자,남,27세,경상
2023122200100568,2023년 12월 22일 18시,금요일,충청북도 청주시 청원구 내덕동,중상사고,0,1,0,0,차대사람 - 보도통행중,신호위반,건조,맑음,단일로 - 기타,승용,여,56세,상해없음,보행자,여,26세,중상
2023122200100569,2023년 12월 22일 18시,금요일,충청북도 청주시 흥덕구 가경동,부상신고사고,0,0,0,1,차대차 - 기타,안전운전불이행,건조,맑음,교차로 - 교차로부근,이륜,남,42세,상해없음,이륜,남,39세,부상신고
2023122200100725,2023년 12월 22일 21시,금요일,충청북도 청주시 청원구 내덕동,경상사고,0,0,1,0,차대차 - 기타,안전운전불이행,건조,맑음,기타 - 기타,승용,남,67세,상해없음,승용,남,30세,경상
2023122200100761,2023년 12월 22일 22시,금요일,충청북도 제천시 장락동,경상사고,0,0,1,0,차대차 - 추돌,안전운전불이행,건조,맑음,교차로 - 교차로부근,승용,남,27세,상해없음,승용,남,54세,상해없음
2023122200100762,2023년 12월 22일 22시,금요일,충청북도 제천시 명동,중상사고,0,1,0,0,차대사람 - 기타,안전운전불이행,건조,맑음,교차로 - 교차로안,승용,남,26세,상해없음,보행자,여,55세,중상
2023122200100787,2023년 12월 22일 23시,금요일,충청북도 충주시 호암동,중상사고,0,1,1,0,차대차 - 추돌,안전운전불이행,건조,맑음,교차로 - 교차로부근,승용,남,44세,상해없음,승용,남,58세,경상
2023122300100038,2023년 12월 23일 01시,토요일,충청북도 청주시 서원구 수곡동,경상사고,0,0,1,0,차대차 - 추돌,안전운전불이행,건조,맑음,교차로 - 교차로부근,승용,여,48세,상해없음,원동기,남,52세,경상
2023122300100085,2023년 12월 23일 06시,토요일,충청북도 청주시 서원구 산남동,경상사고,0,0,1,0,차대차 - 정면충돌,신호위반,건조,맑음,교차로 - 교차로안,화물,남,49세,상해없음,승용,남,33세,경상
2023122300100095,2023년 12월 23일 07시,토요일,충청북도 청주시 흥덕구 수의동,경상사고,0,0,1,0,차대차 - 추돌,안전운전불이행,건조,맑음,단일로 - 기타,승용,남,45세,기타불명,승용,남,50세,경상
2023122300100109,2023년 12월 23일 08시,토요일,충청북도 청주시 청원구 내덕동,경상사고,0,0,2,0,차대차 - 측면충돌,교차로운행방법위반,건조,맑음,교차로 - 교차로안,승용,남,52세,경상,승용,여,50세,경상
2023122300100110,2023년 12월 23일 08시,토요일,충청북도 청주시 흥덕구 옥산면,부상신고사고,0,0,0,1,차량단독 - 공작물충돌,기타,젖음/습기,맑음,단일로 - 기타,승용,남,21세,부상신고,,,,
2023122300100111,2023년 12월 23일 08시,토요일,충청북도 청주시 흥덕구 비하동,경상사고,0,0,1,0,차대차 - 측면충돌,안전운전불이행,건조,맑음,교차로 - 교차로부근,승용,여,48세,상해없음,승용,남,72세,경상
2023122300100131,2023년 12월 23일 09시,토요일,충청북도 청주시 상당구 영운동,경상사고,0,0,1,0,차대사람 - 차도통행중,안전운전불이행,건조,맑음,교차로 - 교차로안,승용,남,50세,상해없음,보행자,남,59세,경상
2023122300100132,2023년 12월 23일 09시,토요일,충청북도 청주시 상당구 산성동,중상사고,0,1,0,0,차대차 - 측면충돌,신호위반,건조,맑음,교차로 - 교차로부근,승용,남,78세,상해없음,승용,남,29세,중상
2023122300100166,2023년 12월 23일 10시,토요일,충청북도 청주시 흥덕구 강서동,부상신고사고,0,0,0,1,차대차 - 측면충돌,안전운전불이행,건조,맑음,교차로 - 교차로안,이륜,남,45세,부상신고,승용,남,30세,상해없음
2023122300100200,2023년 12월 23일 11시,토요일,충청북도 청주시 흥덕구 석곡동,중상사고,0,1,0,0,차대차 - 추돌,안전운전불이행,건조,맑음,단일로 - 기타,승용,여,25세,중상,승용,남,42세,상해없음
2023122300100238,2023년 12월 23일 12시,토요일,충청북도 제천시 중앙로2가,중상사고,0,1,0,0,차대차 - 기타,안전운전불이행,건조,맑음,단일로 - 기타,승용,여,57세,상해없음,이륜,남,48세,중상
2023122300100239,2023년 12월 23일 12시,토요일,충청북도 괴산군 문광면,경상사고,0,0,1,0,차량단독 - 공작물충돌,안전운전불이행,건조,맑음,단일로 - 기타,승용,남,76세,상해없음,,,,
2023122300100240,2023년 12월 23일 12시,토요일,충청북도 청주시 흥덕구 복대동,경상사고,0,0,3,0,차대차 - 추돌,안전운전불이행,젖음/습기,맑음,교차로 - 교차로부근,화물,남,42세,상해없음,승용,남,53세,경상
2023122300100283,2023년 12월 23일 13시,토요일,충청북도 청주시 상당구 석교동,경상사고,0,0,1,0,차대차 - 측면충돌,안전거리미확보,건조,맑음,교차로 - 교차로부근,승용,남,75세,상해없음,화물,남,49세,경상
2023122300100318,2023년 12월 23일 14시,토요일,충청북도 제천시 화산동,경상사고,0,0,1,0,차대사람 - 횡단중,안전운전불이행,건조,맑음,교차로 - 교차로안,승용,남,64세,상해없음,보행자,여,66세,경상
2023122300100393,2023년 12월 23일 16시,토요일,충청북도 청주시 흥덕구 비하동,경상사고,0,0,1,0,차대차 - 추돌,안전운전불이행,건조,맑음,단일로 - 기타,승용,남,21세,상해없음,승합,여,52세,경상
2023122300100436,2023년 12월 23일 17시,토요일,충청북도 증평군 증평읍,경상사고,0,0,1,0,차대차 - 추돌,안전운전불이행,건조,맑음,단일로 - 기타,승용,남,61세,경상,특수,남,62세,상해없음
2023122300100437,2023년 12월 23일 17시,토요일,충청북도 옥천군 옥천읍,경상사고,0,0,1,0,차대차 - 후진중충돌,안전운전불이행,건조,맑음,단일로 - 기타,승용,남,64세,상해없음,이륜,남,21세,경상
2023122300100438,2023년 12월 23일 17시,토요일,충청북도 청주시 흥덕구 운천동,경상사고,0,0,1,0,차대사람 - 횡단중,보행자보호의무위반,건조,맑음,교차로 - 교차로횡단보도내,승용,여,49세,상해없음,보행자,여,71세,경상
2023122300100482,2023년 12월 23일 18시,토요일,충청북도 청주시 서원구 산남동,경상사고,0,0,1,0,차대차 - 측면충돌,차로위반,건조,맑음,단일로 - 지하차도(도로)내,승용,여,30세,상해없음,이륜,남,42세,경상
2023122300100483,2023년 12월 23일 18시,토요일,충청북도 청주시 상당구 남주동,경상사고,0,0,1,0,차대차 - 후진중충돌,불법유턴,건조,맑음,주차장 - 주차장,화물,남,68세,상해없음,승용,남,53세,경상
2023122300100548,2023년 12월 23일 20시,토요일,충청북도 청주시 흥덕구 오송읍,경상사고,0,0,1,0,차대사람 - 길가장자리구역통행중,안전운전불이행,건조,맑음,단일로 - 기타,기타불명,기타불명,미분류,기타불명,보행자,여,70세,경상
2023122300100576,2023년 12월 23일 21시,토요일,충청북도 청주시 상당구 용암동,경상사고,0,0,3,0,차대차 - 측면충돌,안전운전불이행,건조,맑음,교차로 - 교차로부근,이륜,남,36세,경상,승용,남,28세,경상
2023122300100596,2023년 12월 23일 22시,토요일,충청북도 청주시 서원구 산남동,경상사고,0,0,1,0,차대차 - 측면충돌,안전운전불이행,건조,맑음,교차로 - 교차로안,승용,여,37세,상해없음,이륜,남,30세,경상
2023122300100620,2023년 12월 23일 23시,토요일,충청북도 청주시 청원구 율량동,경상사고,0,0,1,0,차량단독 - 공작물충돌,안전운전불이행,건조,맑음,단일로 - 기타,승용,여,57세,상해없음,,,,
2023122300100621,2023년 12월 23일 23시,토요일,충청북도 청주시 서원구 개신동,경상사고,0,0,1,0,차대차 - 측면충돌,직진우회전진행방해,건조,맑음,교차로 - 교차로안,승용,남,29세,상해없음,이륜,남,42세,경상
2023122400100008,2023년 12월 24일 00시,일요일,충청북도 청주시 흥덕구 송정동,경상사고,0,0,3,0,차대차 - 추돌,안전운전불이행,건조,맑음,교차로 - 교차로부근,승용,남,34세,상해없음,승용,남,64세,경상
2023122400100106,2023년 12월 24일 11시,일요일,충청북도 제천시 하소동,중상사고,0,1,1,0,차대차 - 기타,안전운전불이행,건조,맑음,교차로 - 교차로안,승용,여,70세,기타불명,승용,여,32세,중상
2023122400100122,2023년 12월 24일 12시,일요일,충청북도 청주시 청원구 율량동,경상사고,0,0,1,0,차대차 - 측면충돌,안전운전불이행,건조,맑음,단일로 - 기타,승용,남,46세,상해없음,이륜,남,36세,경상
2023122400100236,2023년 12월 24일 17시,일요일,충청북도 청주시 흥덕구 운천동,중상사고,0,1,0,0,차대차 - 측면충돌,안전운전불이행,건조,맑음,단일로 - 기타,화물,남,51세,상해없음,자전거,남,72세,중상
2023122400100237,2023년 12월 24일 17시,일요일,충청북도 청주시 서원구 분평동,중상사고,0,1,0,0,차대차 - 측면충돌,안전운전불이행,건조,맑음,교차로 - 교차로부근,승용,남,49세,상해없음,이륜,남,41세,중상
2023122400100267,2023년 12월 24일 18시,일요일,충청북도 청주시 흥덕구 봉명동,중상사고,0,1,0,0,차대차 - 기타,안전거리미확보,건조,맑음,단일로 - 기타,기타불명,기타불명,미분류,기타불명,원동기,남,32세,중상
2023122400100291,2023년 12월 24일 19시,일요일,충청북도 제천시 중앙로1가,경상사고,0,0,1,0,차대차 - 측면충돌,안전거리미확보,건조,맑음,단일로 - 기타,승용,남,27세,상해없음,승용,남,34세,경상
2023122400100292,2023년 12월 24일 19시,일요일,충청북도 음성군 대소면,부상신고사고,0,0,0,1,차량단독 - 기타,안전운전불이행,건조,맑음,단일로 - 기타,화물,남,53세,부상신고,,,,
2023122400100293,2023년 12월 24일 19시,일요일,충청북도 청주시 상당구 북문로1가,경상사고,0,0,1,0,차대차 - 측면충돌,불법유턴,건조,맑음,단일로 - 지하차도(도로)내,승용,남,67세,상해없음,이륜,남,47세,경상
2023122400100310,2023년 12월 24일 20시,일요일,충청북도 청주시 상당구 용암동,경상사고,0,0,3,0,차대차 - 추돌,안전거리미확보,건조,흐림,교차로 - 교차로부근,승용,남,29세,상해없음,승용,여,40세,경상
2023122400100332,2023년 12월 24일 21시,일요일,충청북도 청주시 상당구 북문로2가,중상사고,0,2,0,0,차대차 - 측면충돌,신호위반,젖음/습기,눈,교차로 - 교차로안,이륜,남,25세,중상,이륜,남,32세,중상
2023122500100003,2023년 12월 25일 00시,월요일,충청북도 제천시 신월동,부상신고사고,0,0,0,1,차량단독 - 공작물충돌,안전운전불이행,건조,맑음,기타 - 기타,승용,남,18세,상해없음,,,,
2023122500100004,2023년 12월 25일 00시,월요일,충청북도 진천군 덕산읍,경상사고,0,0,1,0,차대차 - 추돌,안전운전불이행,건조,흐림,단일로 - 기타,승용,남,22세,경상,승용,남,53세,기타불명
2023122500100041,2023년 12월 25일 06시,월요일,충청북도 청주시 서원구 분평동,경상사고,0,0,1,0,차대차 - 기타,중앙선침범,건조,맑음,단일로 - 기타,승용,남,65세,상해없음,이륜,남,48세,경상
2023122500100051,2023년 12월 25일 07시,월요일,충청북도 청주시 청원구 내수읍,중상사고,0,1,2,0,차대차 - 기타,안전거리미확보,젖음/습기,눈,단일로 - 기타,승용,여,64세,중상,승용,남,18세,경상
2023122500100123,2023년 12월 25일 12시,월요일,충청북도 청주시 상당구 북문로2가,중상사고,0,1,0,0,차대사람 - 횡단중,중앙선침범,건조,맑음,교차로 - 교차로부근,승용,남,47세,상해없음,보행자,여,61세,중상
2023122500100124,2023년 12월 25일 12시,월요일,충청북도 청주시 상당구 용정동,경상사고,0,0,2,0,차대차 - 측면충돌,안전거리미확보,건조,맑음,교차로 - 교차로부근,승용,남,68세,상해없음,승용,여,31세,경상
2023122500100149,2023년 12월 25일 13시,월요일,충청북도 청주시 청원구 사천동,경상사고,0,0,1,0,차대차 - 측면충돌,안전운전불이행,건조,맑음,교차로 - 교차로안,화물,남,43세,상해없음,승용,남,30세,경상
2023122500100150,2023년 12월 25일 13시,월요일,충청북도 충주시 호암동,경상사고,0,0,1,0,차대사람 - 기타,기타,적설,흐림,단일로 - 기타,기타불명,기타불명,미분류,기타불명,보행자,여,16세,경상
2023122500100166,2023년 12월 25일 14시,월요일,충청북도 청주시 상당구 용암동,경상사고,0,0,2,0,차대차 - 추돌,안전운전불이행,건조,맑음,단일로 - 지하차도(도로)내,승용,남,78세,상해없음,승용,남,29세,경상
2023122500100212,2023년 12월 25일 16시,월요일,충청북도 청주시 상당구 용암동,경상사고,0,0,2,0,차대차 - 기타,안전운전불이행,건조,맑음,교차로 - 교차로안,이륜,남,39세,경상,화물,남,63세,경상
2023122500100354,2023년 12월 25일 23시,월요일,충청북도 청주시 흥덕구 외북동,중상사고,0,2,0,1,차대차 - 추돌,안전운전불이행,젖음/습기,맑음,교차로 - 교차로부근,승용,남,60세,상해없음,승용,여,27세,중상
2023122600100006,2023년 12월 26일 00시,화요일,충청북도 충주시 교현동,경상사고,0,0,2,0,차대차 - 기타,신호위반,건조,맑음,교차로 - 교차로안,승용,남,33세,상해없음,승용,남,25세,경상
2023122600100057,2023년 12월 26일 07시,화요일,충청북도 청주시 청원구 정상동,경상사고,0,0,1,0,차대차 - 측면충돌,안전운전불이행,건조,맑음,교차로 - 교차로안,승용,남,47세,상해없음,승용,남,22세,경상
2023122600100160,2023년 12월 26일 10시,화요일,충청북도 진천군 이월면,중상사고,0,1,0,0,차대차 - 측면충돌,안전운전불이행,건조,맑음,교차로 - 교차로안,승용,남,54세,상해없음,화물,남,65세,중상
2023122600100214,2023년 12월 26일 12시,화요일,충청북도 청주시 청원구 사천동,경상사고,0,0,1,0,차대차 - 추돌,안전운전불이행,건조,맑음,단일로 - 지하차도(도로)내,화물,남,48세,상해없음,승용,여,36세,경상
2023122600100252,2023년 12월 26일 13시,화요일,충청북도 제천시 덕산면,경상사고,0,0,1,0,차량단독 - 도로외이탈 - 추락,안전운전불이행,건조,맑음,단일로 - 기타,승용,여,57세,경상,,,,
2023122600100253,2023년 12월 26일 13시,화요일,충청북도 청주시 서원구 모충동,경상사고,0,0,1,0,차대차 - 기타,안전운전불이행,건조,맑음,교차로 - 교차로부근,승용,남,31세,상해없음,승합,남,52세,상해없음
2023122600100254,2023년 12월 26일 13시,화요일,충청북도 청주시 상당구 용담동,경상사고,0,0,1,0,차대차 - 측면충돌,안전운전불이행,건조,맑음,단일로 - 기타,승용,여,68세,상해없음,승합,남,46세,경상
2023122600100255,2023년 12월 26일 13시,화요일,충청북도 청주시 상당구 용암동,경상사고,0,0,1,0,차대사람 - 기타,안전운전불이행,건조,맑음,주차장 - 주차장,승용,남,66세,상해없음,보행자,남,20세,경상