사고번호,사고일시,요일,시군구,사고내용,사망자수,중상자수,경상자수,부상신고자수,사고유형,법규위반,노면상태,기상상태,도로형태,가해운전자 차종,가해운전자 성별,가해운전자 연령,가해운전자 상해정도,피해운전자 차종,피해운전자 성별,피해운전자 연령,피해운전자 상해정도
2023122600100286,2023년 12월 26일 14시,화요일,충청북도 청주시 청원구 내덕동,경상사고,0,0,1,0,차대차 - 측면충돌,차로위반,건조,맑음,교차로 - 교차로안,승용,남,88세,상해없음,승용,여,64세,경상
2023122600100413,2023년 12월 26일 17시,화요일,충청북도 충주시 금가면,경상사고,0,0,1,0,차대차 - 기타,안전운전불이행,건조,맑음,교차로 - 교차로부근,화물,남,40세,상해없음,승용,여,56세,경상
2023122600100465,2023년 12월 26일 18시,화요일,충청북도 청주시 서원구 사직동,경상사고,0,0,1,0,차대차 - 측면충돌,안전운전불이행,건조,맑음,단일로 - 기타,화물,남,58세,상해없음,자전거,남,82세,경상
2023122600100466,2023년 12월 26일 18시,화요일,충청북도 청주시 청원구 오창읍,경상사고,0,0,5,0,차대차 - 추돌,안전운전불이행,건조,맑음,단일로 - 기타,승용,남,53세,상해없음,승용,남,54세,경상
2023122600100467,2023년 12월 26일 18시,화요일,충청북도 충주시 주덕읍,경상사고,0,0,1,0,차대차 - 추돌,안전운전불이행,건조,맑음,교차로 - 교차로부근,승용,남,48세,상해없음,승용,여,37세,경상
2023122600100468,2023년 12월 26일 18시,화요일,충청북도 진천군 광혜원면,경상사고,0,0,1,0,차대사람 - 길가장자리구역통행중,안전운전불이행,건조,맑음,단일로 - 기타,승용,남,58세,상해없음,보행자,남,53세,경상
2023122600100469,2023년 12월 26일 18시,화요일,충청북도 청주시 서원구 남이면,경상사고,0,0,2,0,차대차 - 추돌,중앙선침범,건조,맑음,기타 - 기타,승용,여,58세,상해없음,승용,여,32세,경상
2023122600100470,2023년 12월 26일 18시,화요일,충청북도 청주시 흥덕구 복대동,중상사고,0,1,0,0,차대사람 - 기타,보행자보호의무위반,건조,맑음,단일로 - 기타,승용,남,50세,상해없음,보행자,남,38세,중상
2023122600100471,2023년 12월 26일 18시,화요일,충청북도 청주시 흥덕구 복대동,경상사고,0,0,1,0,차대차 - 측면충돌,안전운전불이행,건조,맑음,단일로 - 기타,승용,남,70세,상해없음,승용,여,28세,경상
2023122600100472,2023년 12월 26일 18시,화요일,충청북도 청주시 흥덕구 봉명동,경상사고,0,0,6,0,차대차 - 추돌,안전운전불이행,건조,맑음,단일로 - 기타,승용,남,36세,상해없음,승합,남,22세,경상
2023122600100473,2023년 12월 26일 18시,화요일,충청북도 청주시 흥덕구 봉명동,경상사고,0,0,1,0,차대차 - 측면충돌,안전운전불이행,건조,맑음,단일로 - 기타,승용,남,29세,상해없음,승용,남,32세,경상
2023122600100474,2023년 12월 26일 18시,화요일,충청북도 청주시 흥덕구 가경동,경상사고,0,0,1,0,차대차 - 측면충돌,직진우회전진행방해,건조,맑음,교차로 - 교차로안,화물,남,65세,상해없음,승용,여,36세,경상
2023122600100557,2023년 12월 26일 20시,화요일,충청북도 충주시 중앙탑면,경상사고,0,0,2,0,차대차 - 정면충돌,안전운전불이행,건조,맑음,교차로 - 교차로안,승용,여,47세,상해없음,승용,여,53세,경상
2023122600100558,2023년 12월 26일 20시,화요일,충청북도 청주시 흥덕구 석곡동,경상사고,0,0,1,0,차대차 - 측면충돌,안전운전불이행,건조,맑음,미분류 - 미분류,화물,남,24세,기타불명,승용,남,30세,경상
2023122700100014,2023년 12월 27일 01시,수요일,충청북도 청주시 서원구 사직동,경상사고,0,0,1,0,차량단독 - 공작물충돌,신호위반,건조,맑음,교차로 - 교차로안,원동기,남,16세,경상,,,,
2023122700100020,2023년 12월 27일 02시,수요일,충청북도 청주시 흥덕구 옥산면,사망사고,1,0,0,0,차량단독 - 공작물충돌,안전운전불이행,건조,맑음,기타 - 기타,승용,남,46세,사망,,,,
2023122700100060,2023년 12월 27일 07시,수요일,충청북도 청주시 흥덕구 송정동,경상사고,0,0,1,0,차대사람 - 횡단중,보행자보호의무위반,건조,맑음,교차로 - 교차로횡단보도내,승용,남,31세,상해없음,보행자,남,48세,경상
2023122700100100,2023년 12월 27일 08시,수요일,충청북도 청주시 흥덕구 봉명동,경상사고,0,0,1,1,차대차 - 기타,안전운전불이행,건조,맑음,단일로 - 기타,승용,남,26세,상해없음,승용,남,49세,부상신고
2023122700100139,2023년 12월 27일 09시,수요일,충청북도 청주시 흥덕구 봉명동,경상사고,0,0,1,0,차대차 - 측면충돌,신호위반,건조,맑음,교차로 - 교차로부근,승용,남,25세,기타불명,승용,여,63세,경상
2023122700100185,2023년 12월 27일 10시,수요일,충청북도 청주시 청원구 내수읍,경상사고,0,0,2,0,차대차 - 추돌,안전운전불이행,건조,맑음,교차로 - 교차로부근,화물,남,62세,상해없음,승용,남,62세,경상
2023122700100221,2023년 12월 27일 11시,수요일,충청북도 충주시 용산동,경상사고,0,0,1,0,차대사람 - 길가장자리구역통행중,안전운전불이행,건조,맑음,단일로 - 기타,승용,남,67세,상해없음,보행자,여,82세,경상
2023122700100222,2023년 12월 27일 11시,수요일,충청북도 충주시 충의동,경상사고,0,0,1,0,차대차 - 측면충돌,안전운전불이행,건조,맑음,교차로 - 교차로안,승용,남,62세,상해없음,이륜,남,19세,경상
2023122700100223,2023년 12월 27일 11시,수요일,충청북도 충주시 금릉동,경상사고,0,0,2,0,차대차 - 측면충돌,안전거리미확보,건조,흐림,단일로 - 기타,승용,여,58세,상해없음,승용,남,39세,경상
2023122700100254,2023년 12월 27일 12시,수요일,충청북도 청주시 서원구 산남동,중상사고,0,1,0,0,차대차 - 추돌,안전운전불이행,건조,맑음,단일로 - 지하차도(도로)내,승용,여,34세,상해없음,이륜,남,44세,중상
2023122700100288,2023년 12월 27일 13시,수요일,충청북도 충주시 엄정면,경상사고,0,0,1,0,차대차 - 추돌,안전거리미확보,건조,맑음,단일로 - 기타,승용,남,38세,상해없음,승용,여,24세,경상
2023122700100345,2023년 12월 27일 15시,수요일,충청북도 청주시 서원구 개신동,경상사고,0,0,1,0,차대사람 - 차도통행중,안전운전불이행,건조,흐림,단일로 - 기타,승용,여,42세,상해없음,보행자,여,24세,경상
2023122700100346,2023년 12월 27일 15시,수요일,충청북도 제천시 의림동,경상사고,0,0,1,0,차대사람 - 기타,안전운전불이행,건조,맑음,기타 - 기타,승용,여,52세,상해없음,보행자,남,24세,경상
2023122700100382,2023년 12월 27일 16시,수요일,충청북도 청주시 흥덕구 가경동,경상사고,0,0,1,0,차대차 - 측면충돌,안전운전불이행,건조,맑음,기타 - 기타,승용,남,21세,상해없음,승용,여,62세,경상
2023122700100439,2023년 12월 27일 17시,수요일,충청북도 제천시 고암동,경상사고,0,0,1,0,차량단독 - 공작물충돌,안전운전불이행,건조,맑음,교차로 - 교차로안,승용,남,38세,경상,,,,
2023122700100440,2023년 12월 27일 17시,수요일,충청북도 청주시 상당구 용암동,중상사고,0,1,0,0,차대차 - 측면충돌,안전거리미확보,건조,맑음,교차로 - 교차로부근,건설기계,남,55세,상해없음,승용,여,59세,중상
2023122700100488,2023년 12월 27일 18시,수요일,충청북도 청주시 흥덕구 옥산면,경상사고,0,0,1,0,차대차 - 추돌,안전운전불이행,건조,맑음,교차로 - 교차로부근,승용,남,55세,상해없음,이륜,남,55세,경상
2023122700100489,2023년 12월 27일 18시,수요일,충청북도 청주시 서원구 남이면,경상사고,0,0,1,0,차대차 - 추돌,안전거리미확보,건조,맑음,단일로 - 기타,승용,남,41세,상해없음,승용,남,56세,경상
2023122700100490,2023년 12월 27일 18시,수요일,충청북도 청주시 흥덕구 강서동,중상사고,0,1,0,0,차량단독 - 공작물충돌,안전운전불이행,건조,맑음,기타 - 기타,화물,남,63세,중상,,,,
2023122700100534,2023년 12월 27일 19시,수요일,충청북도 청주시 상당구 방서동,중상사고,0,1,0,0,차대차 - 측면충돌,안전운전불이행,건조,맑음,교차로 - 교차로안,원동기,남,16세,중상,승용,남,49세,상해없음
2023122700100579,2023년 12월 27일 20시,수요일,충청북도 증평군 증평읍,경상사고,0,0,1,0,차대사람 - 기타,안전운전불이행,건조,맑음,단일로 - 기타,승용,남,50세,상해없음,보행자,여,48세,경상
2023122700100611,2023년 12월 27일 21시,수요일,충청북도 청주시 청원구 율량동,중상사고,0,1,0,0,차대차 - 추돌,안전운전불이행,건조,흐림,단일로 - 기타,이륜,남,37세,중상,승용,남,56세,기타불명
2023122700100612,2023년 12월 27일 21시,수요일,충청북도 괴산군 괴산읍,경상사고,0,0,1,0,차대차 - 후진중충돌,안전운전불이행,건조,맑음,단일로 - 기타,승용,남,19세,상해없음,승용,남,56세,기타불명
2023122700100613,2023년 12월 27일 21시,수요일,충청북도 진천군 진천읍,경상사고,0,0,1,0,차대차 - 측면충돌,안전운전불이행,건조,흐림,단일로 - 기타,승용,남,43세,상해없음,이륜,남,37세,경상
2023122700100631,2023년 12월 27일 22시,수요일,충청북도 청주시 흥덕구 송정동,중상사고,0,1,0,0,차대차 - 측면충돌,안전운전불이행,건조,맑음,교차로 - 교차로안,승용,남,55세,상해없음,이륜,남,40세,중상
2023122700100646,2023년 12월 27일 23시,수요일,충청북도 청주시 서원구 사창동,경상사고,0,0,1,0,차대차 - 기타,신호위반,건조,맑음,교차로 - 교차로안,이륜,남,22세,상해없음,이륜,남,44세,경상
2023122700100647,2023년 12월 27일 23시,수요일,충청북도 청주시 상당구 서운동,중상사고,0,1,0,0,차대차 - 기타,안전운전불이행,건조,맑음,교차로 - 교차로안,승용,남,59세,상해없음,이륜,남,62세,중상
2023122800100014,2023년 12월 28일 01시,목요일,충청북도 청주시 상당구 영동,경상사고,0,0,2,0,차대차 - 추돌,안전운전불이행,젖음/습기,흐림,교차로 - 교차로부근,승용,여,37세,상해없음,승용,남,30세,경상
2023122800100150,2023년 12월 28일 10시,목요일,충청북도 증평군 증평읍,경상사고,0,0,1,0,차대차 - 추돌,안전거리미확보,건조,맑음,단일로 - 기타,승용,여,30세,상해없음,승용,남,73세,경상
2023122800100189,2023년 12월 28일 12시,목요일,충청북도 청주시 서원구 사창동,경상사고,0,0,1,0,차대사람 - 차도통행중,안전운전불이행,건조,맑음,단일로 - 기타,승용,여,68세,상해없음,보행자,여,57세,경상
2023122800100190,2023년 12월 28일 12시,목요일,충청북도 제천시 화산동,중상사고,0,1,0,0,차대차 - 기타,안전운전불이행,건조,맑음,교차로 - 교차로안,화물,남,50세,상해없음,이륜,남,88세,중상
2023122800100191,2023년 12월 28일 12시,목요일,충청북도 제천시 신월동,경상사고,0,0,3,0,차대차 - 측면충돌,직진우회전진행방해,건조,맑음,교차로 - 교차로안,승용,여,57세,경상,승용,여,33세,경상
2023122800100192,2023년 12월 28일 12시,목요일,충청북도 청주시 서원구 개신동,경상사고,0,0,1,0,차대차 - 측면충돌,중앙선침범,건조,맑음,교차로 - 교차로부근,화물,남,49세,상해없음,승용,여,28세,경상
2023122800100264,2023년 12월 28일 14시,목요일,충청북도 청주시 청원구 율량동,경상사고,0,0,1,0,차대차 - 측면충돌,안전거리미확보,건조,맑음,교차로 - 교차로안,승용,여,53세,상해없음,승용,여,38세,경상
2023122800100291,2023년 12월 28일 15시,목요일,충청북도 충주시 문화동,경상사고,0,0,2,0,차대차 - 기타,안전거리미확보,건조,맑음,교차로 - 교차로안,승용,남,72세,기타불명,승용,여,56세,경상
2023122800100292,2023년 12월 28일 15시,목요일,충청북도 음성군 금왕읍,경상사고,0,0,1,0,차대차 - 기타,교차로운행방법위반,건조,맑음,교차로 - 교차로안,자전거,남,87세,경상,승용,남,80세,상해없음
2023122800100372,2023년 12월 28일 17시,목요일,충청북도 청주시 청원구 오창읍,경상사고,0,0,1,0,차대사람 - 횡단중,신호위반,건조,맑음,교차로 - 교차로부근,승용,여,38세,상해없음,보행자,남,8세,경상
2023122800100373,2023년 12월 28일 17시,목요일,충청북도 제천시 영천동,경상사고,0,0,1,0,차량단독 - 공작물충돌,중앙선침범,건조,맑음,교차로 - 교차로부근,화물,남,34세,경상,,,,
2023122800100423,2023년 12월 28일 18시,목요일,충청북도 진천군 덕산읍,부상신고사고,0,0,0,1,차대차 - 기타,안전운전불이행,건조,맑음,단일로 - 기타,기타불명,기타불명,미분류,기타불명,이륜,남,34세,부상신고
2023122800100424,2023년 12월 28일 18시,목요일,충청북도 청주시 서원구 수곡동,중상사고,0,1,0,0,차대사람 - 횡단중,신호위반,건조,맑음,단일로 - 지하차도(도로)내,승용,여,56세,상해없음,보행자,남,55세,중상
2023122800100425,2023년 12월 28일 18시,목요일,충청북도 청주시 청원구 오창읍,경상사고,0,0,2,0,차대차 - 후진중충돌,안전운전불이행,건조,맑음,기타 - 기타,승용,남,44세,경상,화물,남,59세,경상
2023122800100472,2023년 12월 28일 19시,목요일,충청북도 청주시 청원구 내수읍,경상사고,0,0,1,0,차대차 - 추돌,안전운전불이행,건조,맑음,단일로 - 지하차도(도로)내,승용,남,23세,상해없음,승용,남,19세,경상
2023122800100473,2023년 12월 28일 19시,목요일,충청북도 괴산군 괴산읍,중상사고,0,1,0,0,차대사람 - 길가장자리구역통행중,안전운전불이행,건조,맑음,교차로 - 교차로부근,승용,남,44세,상해없음,보행자,남,53세,중상
2023122800100498,2023년 12월 28일 20시,목요일,충청북도 진천군 광혜원면,중상사고,0,1,0,0,차대사람 - 횡단중,신호위반,건조,맑음,단일로 - 기타,화물,남,63세,상해없음,보행자,여,28세,중상
2023122800100499,2023년 12월 28일 20시,목요일,충청북도 청주시 흥덕구 상신동,경상사고,0,0,1,0,차대차 - 추돌,안전운전불이행,건조,맑음,단일로 - 기타,승용,남,33세,상해없음,승용,여,28세,경상
2023122800100500,2023년 12월 28일 20시,목요일,충청북도 청주시 상당구 용암동,경상사고,0,0,1,0,차대차 - 측면충돌,교차로운행방법위반,건조,맑음,교차로 - 교차로안,승용,남,33세,상해없음,이륜,남,34세,경상
2023122800100527,2023년 12월 28일 21시,목요일,충청북도 충주시 성내동,경상사고,0,0,1,0,차대차 - 측면충돌,직진우회전진행방해,건조,맑음,교차로 - 교차로안,승용,남,50세,상해없음,승용,남,58세,경상
2023122800100557,2023년 12월 28일 22시,목요일,충청북도 청주시 흥덕구 송정동,경상사고,0,0,1,0,차대차 - 추돌,안전운전불이행,건조,맑음,단일로 - 기타,승용,남,39세,상해없음,승용,여,35세,경상
2023122800100573,2023년 12월 28일 23시,목요일,충청북도 음성군 대소면,경상사고,0,0,1,0,차량단독 - 전도전복 - 전도,안전운전불이행,건조,맑음,단일로 - 기타,원동기,남,33세,경상,,,,
2023122900100019,2023년 12월 29일 01시,금요일,충청북도 청주시 청원구 율량동,경상사고,0,0,1,0,차대차 - 기타,안전운전불이행,건조,맑음,단일로 - 기타,승용,남,28세,상해없음,이륜,남,39세,경상
2023122900100020,2023년 12월 29일 01시,금요일,충청북도 충주시 신니면,중상사고,0,1,1,0,차대차 - 측면충돌,안전운전불이행,건조,맑음,단일로 - 기타,승용,남,51세,상해없음,특수,남,42세,경상
2023122900100099,2023년 12월 29일 08시,금요일,충청북도 청주시 서원구 사창동,경상사고,0,0,1,0,차대차 - 측면충돌,안전거리미확보,건조,맑음,단일로 - 기타,승용,남,60세,상해없음,승용,여,67세,경상
2023122900100129,2023년 12월 29일 09시,금요일,충청북도 옥천군 군북면,경상사고,0,0,1,0,차대차 - 정면충돌,중앙선침범,젖음/습기,흐림,단일로 - 기타,승용,여,72세,상해없음,승용,여,63세,경상
2023122900100157,2023년 12월 29일 10시,금요일,충청북도 청주시 흥덕구 복대동,부상신고사고,0,0,0,1,차대차 - 기타,안전운전불이행,건조,맑음,교차로 - 교차로안,자전거,남,61세,부상신고,화물,남,54세,상해없음
2023122900100158,2023년 12월 29일 10시,금요일,충청북도 청주시 서원구 산남동,경상사고,0,0,1,0,차대사람 - 기타,안전운전불이행,건조,맑음,단일로 - 지하차도(도로)내,승합,남,54세,상해없음,보행자,남,39세,경상
2023122900100159,2023년 12월 29일 10시,금요일,충청북도 청주시 청원구 오창읍,중상사고,0,1,0,0,차대차 - 추돌,안전운전불이행,건조,맑음,기타 - 기타,승용,남,22세,상해없음,승용,남,38세,중상
2023122900100193,2023년 12월 29일 11시,금요일,충청북도 충주시 달천동,경상사고,0,0,1,0,차대차 - 측면충돌,안전거리미확보,건조,맑음,교차로 - 교차로부근,승용,남,19세,상해없음,승용,남,70세,경상
2023122900100194,2023년 12월 29일 11시,금요일,충청북도 충주시 칠금동,중상사고,0,1,0,0,차대차 - 측면충돌,신호위반,건조,맑음,교차로 - 교차로안,개인형이동수단(PM),남,88세,중상,승용,남,68세,상해없음
2023122900100271,2023년 12월 29일 13시,금요일,충청북도 청주시 서원구 개신동,중상사고,0,1,0,0,차대사람 - 기타,안전운전불이행,건조,맑음,교차로 - 교차로안,승용,남,71세,상해없음,보행자,남,55세,중상
2023122900100272,2023년 12월 29일 13시,금요일,충청북도 충주시 봉방동,경상사고,0,0,1,0,차대차 - 측면충돌,직진우회전진행방해,건조,맑음,교차로 - 교차로안,승용,남,43세,기타불명,승용,여,55세,경상
2023122900100273,2023년 12월 29일 13시,금요일,충청북도 제천시 화산동,경상사고,0,0,1,0,차대사람 - 횡단중,보행자보호의무위반,건조,맑음,교차로 - 교차로횡단보도내,승용,남,33세,상해없음,보행자,남,80세,경상
2023122900100274,2023년 12월 29일 13시,금요일,충청북도 제천시 흑석동,중상사고,0,1,1,0,차대차 - 측면충돌,직진우회전진행방해,건조,맑음,교차로 - 교차로부근,건설기계,남,57세,상해없음,승합,남,68세,중상
2023122900100354,2023년 12월 29일 15시,금요일,충청북도 청주시 서원구 사직동,중상사고,0,1,0,0,차대차 - 추돌,안전운전불이행,건조,맑음,단일로 - 지하차도(도로)내,승용,남,61세,상해없음,자전거,남,79세,중상
2023122900100355,2023년 12월 29일 15시,금요일,충청북도 충주시 주덕읍,중상사고,0,1,0,0,차대차 - 기타,직진우회전진행방해,건조,맑음,교차로 - 교차로안,승용,남,53세,상해없음,이륜,남,65세,중상
2023122900100356,2023년 12월 29일 15시,금요일,충청북도 청주시 상당구 탑동,부상신고사고,0,0,0,1,차대차 - 측면충돌,안전운전불이행,건조,맑음,교차로 - 교차로안,개인형이동수단(PM),남,13세,부상신고,화물,여,54세,상해없음
2023122900100401,2023년 12월 29일 16시,금요일,충청북도 제천시 장락동,경상사고,0,0,1,0,차대사람 - 보도통행중,불법유턴,건조,맑음,단일로 - 기타,승용,남,42세,상해없음,보행자,남,9세,경상
2023122900100402,2023년 12월 29일 16시,금요일,충청북도 제천시 청전동,경상사고,0,0,1,0,차대차 - 후진중충돌,안전운전불이행,건조,맑음,단일로 - 기타,승용,여,50세,상해없음,승용,여,48세,경상
2023122900100403,2023년 12월 29일 16시,금요일,충청북도 청주시 흥덕구 강내면,경상사고,0,0,2,0,차대차 - 후진중충돌,안전운전불이행,건조,맑음,교차로 - 교차로부근,승용,남,68세,상해없음,화물,남,44세,경상
2023122900100439,2023년 12월 29일 17시,금요일,충청북도 청주시 청원구 오창읍,중상사고,0,1,1,0,차대차 - 측면충돌,직진우회전진행방해,건조,맑음,교차로 - 교차로안,화물,여,67세,상해없음,승용,여,40세,중상
2023122900100440,2023년 12월 29일 17시,금요일,충청북도 청주시 청원구 율량동,경상사고,0,0,2,0,차대차 - 측면충돌,안전운전불이행,건조,맑음,교차로 - 교차로부근,승용,여,57세,상해없음,승용,남,41세,경상
2023122900100505,2023년 12월 29일 18시,금요일,충청북도 옥천군 동이면,경상사고,0,0,1,0,차대차 - 정면충돌,안전운전불이행,건조,맑음,단일로 - 지하차도(도로)내,화물,남,67세,상해없음,승용,남,40세,경상
2023122900100564,2023년 12월 29일 19시,금요일,충청북도 증평군 도안면,경상사고,0,0,1,0,차량단독 - 기타,안전운전불이행,건조,맑음,단일로 - 기타,승용,여,47세,경상,,,,
2023122900100606,2023년 12월 29일 20시,금요일,충청북도 청주시 서원구 사창동,경상사고,0,0,1,0,차대차 - 측면충돌,신호위반,건조,맑음,교차로 - 교차로부근,이륜,남,25세,상해없음,승용,남,28세,경상
2023122900100644,2023년 12월 29일 21시,금요일,충청북도 청주시 청원구 율량동,경상사고,0,0,1,0,차대차 - 기타,안전운전불이행,건조,맑음,단일로 - 기타,이륜,남,57세,경상,화물,남,28세,상해없음
2023122900100645,2023년 12월 29일 21시,금요일,충청북도 청주시 서원구 사직동,경상사고,0,0,1,0,차대차 - 기타,안전운전불이행,젖음/습기,맑음,기타 - 기타,승용,남,63세,상해없음,승용,남,23세,경상
2023122900100646,2023년 12월 29일 21시,금요일,충청북도 충주시 용산동,경상사고,0,0,1,0,차대차 - 추돌,안전운전불이행,건조,맑음,교차로 - 교차로부근,승용,여,52세,상해없음,승용,여,57세,경상
2023122900100647,2023년 12월 29일 21시,금요일,충청북도 진천군 진천읍,경상사고,0,0,2,0,차대차 - 측면충돌,안전운전불이행,건조,맑음,교차로 - 교차로안,승용,남,37세,기타불명,승용,여,37세,경상
2023122900100684,2023년 12월 29일 23시,금요일,충청북도 음성군 맹동면,경상사고,0,0,1,0,차대차 - 기타,교차로운행방법위반,건조,맑음,교차로 - 교차로안,승용,남,55세,상해없음,이륜,남,20세,경상
2023123000100062,2023년 12월 30일 06시,토요일,충청북도 음성군 감곡면,경상사고,0,0,2,0,차대차 - 정면충돌,중앙선침범,건조,맑음,교차로 - 교차로부근,승용,남,25세,상해없음,승용,여,21세,경상
2023123000100081,2023년 12월 30일 08시,토요일,충청북도 음성군 삼성면,경상사고,0,0,1,1,차대차 - 추돌,안전거리미확보,건조,맑음,단일로 - 기타,화물,남,44세,상해없음,승용,남,66세,부상신고
2023123000100114,2023년 12월 30일 10시,토요일,충청북도 청주시 청원구 내수읍,경상사고,0,0,1,0,차대차 - 기타,안전운전불이행,건조,맑음,교차로 - 교차로안,승용,남,45세,상해없음,이륜,남,54세,경상
2023123000100115,2023년 12월 30일 10시,토요일,충청북도 청주시 흥덕구 봉명동,경상사고,0,0,1,0,차대차 - 측면충돌,안전운전불이행,건조,맑음,교차로 - 교차로횡단보도내,승용,여,53세,기타불명,개인형이동수단(PM),여,35세,경상
2023123000100156,2023년 12월 30일 11시,토요일,충청북도 청주시 흥덕구 강내면,경상사고,0,0,2,0,차대차 - 추돌,안전운전불이행,건조,맑음,교차로 - 교차로부근,승용,남,57세,상해없음,화물,남,53세,경상
2023123000100203,2023년 12월 30일 12시,토요일,충청북도 충주시 산척면,경상사고,0,0,1,0,차대차 - 기타,안전거리미확보,건조,맑음,기타 - 기타,승용,남,81세,상해없음,승용,여,27세,상해없음
2023123000100240,2023년 12월 30일 13시,토요일,충청북도 청주시 청원구 사천동,경상사고,0,0,2,0,차대차 - 측면충돌,교차로운행방법위반,건조,맑음,교차로 - 교차로안,승용,남,64세,상해없음,승용,남,39세,경상
2023123000100265,2023년 12월 30일 14시,토요일,충청북도 충주시 중앙탑면,경상사고,0,0,1,0,차대차 - 정면충돌,안전운전불이행,젖음/습기,눈,교차로 - 교차로안,승용,남,68세,상해없음,승용,남,56세,상해없음
2023123000100266,2023년 12월 30일 14시,토요일,충청북도 제천시 봉양읍,경상사고,0,0,2,0,차대차 - 추돌,안전운전불이행,건조,맑음,기타 - 기타,특수,남,36세,경상,건설기계,남,42세,상해없음
2023123000100302,2023년 12월 30일 15시,토요일,충청북도 청주시 청원구 내덕동,경상사고,0,0,2,0,차대차 - 측면충돌,중앙선침범,젖음/습기,비,단일로 - 기타,승용,남,61세,상해없음,승용,남,68세,경상
2023123000100303,2023년 12월 30일 15시,토요일,충청북도 제천시 모산동,경상사고,0,0,2,0,차대차 - 추돌,안전운전불이행,적설,눈,교차로 - 교차로안,승용,남,32세,상해없음,승용,남,27세,경상
2023123000100330,2023년 12월 30일 16시,토요일,충청북도 진천군 덕산읍,경상사고,0,0,1,0,차대차 - 후진중충돌,안전운전불이행,젖음/습기,흐림,주차장 - 주차장,승용,남,31세,상해없음,승용,여,50세,경상
2023123000100355,2023년 12월 30일 17시,토요일,충청북도 진천군 진천읍,경상사고,0,0,2,0,차대차 - 측면충돌,안전운전불이행,젖음/습기,비,교차로 - 교차로안,개인형이동수단(PM),여,14세,경상,승용,남,32세,상해없음
2023123000100378,2023년 12월 30일 18시,토요일,충청북도 청주시 청원구 율량동,경상사고,0,0,3,0,차대차 - 기타,안전운전불이행,젖음/습기,흐림,교차로 - 교차로안,화물,남,67세,상해없음,승용,남,32세,경상
2023123000100379,2023년 12월 30일 18시,토요일,충청북도 증평군 증평읍,경상사고,0,0,1,0,차대차 - 측면충돌,안전거리미확보,건조,맑음,교차로 - 교차로부근,승용,여,28세,상해없음,이륜,남,25세,경상
2023123100100063,2023년 12월 31일 10시,일요일,충청북도 보은군 보은읍,경상사고,0,0,2,0,차대차 - 측면충돌,직진우회전진행방해,건조,맑음,교차로 - 교차로안,승용,여,55세,경상,승합,남,42세,경상
2023123100100101,2023년 12월 31일 12시,일요일,충청북도 청주시 상당구 용암동,경상사고,0,0,1,0,차대차 - 후진중충돌,안전운전불이행,건조,맑음,교차로 - 교차로부근,승용,남,42세,상해없음,이륜,남,26세,경상
2023123100100125,2023년 12월 31일 13시,일요일,충청북도 청주시 흥덕구 가경동,경상사고,0,0,1,0,차대차 - 측면충돌,안전운전불이행,건조,맑음,단일로 - 기타,승용,여,26세,상해없음,승용,남,55세,경상
2023123100100173,2023년 12월 31일 15시,일요일,충청북도 청주시 상당구 영동,중상사고,0,1,0,0,차대차 - 기타,안전운전불이행,젖음/습기,비,단일로 - 기타,승용,남,25세,상해없음,이륜,남,31세,중상
2023123100100175,2023년 12월 31일 15시,일요일,충청북도 청주시 상당구 용담동,중상사고,0,1,0,0,차대차 - 정면충돌,교차로운행방법위반,건조,맑음,교차로 - 교차로안,이륜,남,23세,상해없음,자전거,남,81세,중상
2023123100100213,2023년 12월 31일 17시,일요일,충청북도 청주시 흥덕구 가경동,경상사고,0,0,1,0,차대차 - 측면충돌,안전운전불이행,건조,맑음,교차로 - 교차로횡단보도내,승용,남,57세,상해없음,이륜,남,38세,경상
2023123100100214,2023년 12월 31일 17시,일요일,충청북도 청주시 흥덕구 봉명동,경상사고,0,0,1,0,차대차 - 추돌,안전운전불이행,건조,맑음,단일로 - 기타,승용,여,61세,상해없음,승용,남,24세,경상
2023123100100215,2023년 12월 31일 17시,일요일,충청북도 청주시 서원구 분평동,중상사고,0,1,0,0,차대사람 - 횡단중,안전운전불이행,건조,맑음,단일로 - 지하차도(도로)내,승용,여,60세,상해없음,보행자,여,77세,중상
2023123100100241,2023년 12월 31일 18시,일요일,충청북도 진천군 진천읍,경상사고,0,0,2,0,차대차 - 추돌,안전운전불이행,건조,맑음,단일로 - 기타,승용,남,36세,상해없음,승용,남,29세,경상
2023123100100260,2023년 12월 31일 19시,일요일,충청북도 청주시 상당구 용암동,중상사고,0,1,0,0,차대차 - 측면충돌,안전운전불이행,건조,맑음,교차로 - 교차로안,승용,여,68세,상해없음,이륜,남,34세,중상
2023123100100301,2023년 12월 31일 21시,일요일,충청북도 충주시 호암동,중상사고,0,1,0,0,차대차 - 기타,안전운전불이행,건조,맑음,단일로 - 기타,승용,남,18세,상해없음,개인형이동수단(PM),남,13세,중상
2023123100100316,2023년 12월 31일 22시,일요일,충청북도 청주시 서원구 성화동,중상사고,0,1,0,0,차대사람 - 횡단중,안전운전불이행,건조,맑음,기타 - 기타,승용,남,62세,상해없음,보행자,남,61세,중상